Item_ID,Assembly,RefDes,Category,Description,Manufacturer,MPN,Package,Qty_per_station,Qty_4,Spares_4,Procure_qty_4,Qty_10,Spares_10,Procure_qty_10,Qty_20,Spares_20,Procure_qty_20,Spare_policy,Variant,Status,China_source_policy,Incoming_control,Notes,Value,Line_class,Population,Temperature_C,BOM_disposition
ASM-MAIN,PCB-MAIN,-,PCBA,Assembled main controller PCB,Contract manufacturer,TBD,6-layer PCBA,1,4,1,5,10,1,11,20,2,22,SCALE_CEIL_FROM_20_BASELINE,COMMON,RFQ_REQUIRED,Direct CM quotation,AOI plus X-ray where hidden joints plus functional test,Not released before native schematic layout DFM and Review A/B gates,,PCBA_SERVICE,N/A,N/A,BLOCKED_SUPPLIER_RELEASE
PCB-MAIN,PCB-MAIN,-,Bare PCB,Main controller bare PCB,Qualified PCB fab,TBD,6-layer FR-4 110x75x1.6 mm,1,4,1,5,10,3,13,20,5,25,SCALE_CEIL_FROM_20_BASELINE,COMMON,RFQ_REQUIRED,Two independent fab quotations,Coupon dimensions finish stackup impedance and netlist test,Outline and holes frozen by MAIN-AUTH-011; final stackup and controlled-impedance geometry pending fab review,,BARE_PCB,N/A,N/A,BLOCKED_SUPPLIER_RELEASE
U1,PCB-MAIN,U1,MCU,Ultra-low-power secure MCU,STMicroelectronics,STM32U585VIT6Q,LQFP100_14x14,1,4,1,5,10,3,13,20,5,25,SCALE_CEIL_FROM_20_BASELINE,COMMON,SELECTED_PENDING_TARGET_SAMPLE,Authorized distributor or traceable tier-1 China channel,Label lot date code package X-ray sample ID readout,Rev.A freeze source MAIN_COMPONENT_FREEZE_REV_A.csv; blockers: CubeMX exact-package IOC; target build; sample verification,,ELECTRICAL_COMPONENT,FITTED,-40..85 exact selected part,CONTROLLED_PENDING_VERIFICATION
U2,PCB-MAIN,U2,Memory,512 Mbit 64 MB QSPI NOR,Winbond,W25Q512JVFIQ,SOIC-16_300mil,1,4,1,5,10,3,13,20,5,25,SCALE_CEIL_FROM_20_BASELINE,COMMON,SELECTED_PENDING_SAMPLE,Authorized or traceable LCSC-class channel,Marking electrical ID read/write/erase soak,Rev.A freeze source MAIN_COMPONENT_FREEZE_REV_A.csv; blockers: availability/endurance/power-loss test,,ELECTRICAL_COMPONENT,FITTED,-40..85,CONTROLLED_PENDING_VERIFICATION
U3,PCB-MAIN,U3,Motion,Low-power accelerometer,STMicroelectronics,LIS2DW12TR,LGA-12_2x2mm,1,4,1,5,10,3,13,20,5,25,SCALE_CEIL_FROM_20_BASELINE,COMMON,SELECTED_PENDING_SAMPLE,Authorized distributor,Marking orientation WHO_AM_I and self-test,Rev.A freeze source MAIN_COMPONENT_FREEZE_REV_A.csv; blockers: orientation/self-test verification,,ELECTRICAL_COMPONENT,FITTED,-40..85,CONTROLLED_PENDING_VERIFICATION
U4,PCB-MAIN,U4,Temperature,Digital temperature sensor,STMicroelectronics,STTS22HTR,UDFN-6L_2x2mm,1,4,1,5,10,3,13,20,5,25,SCALE_CEIL_FROM_20_BASELINE,COMMON,SELECTED_PENDING_ASSEMBLY_REVIEW,Authorized distributor,X-ray sample ID and temperature compare,Rev.A freeze source MAIN_COMPONENT_FREEZE_REV_A.csv; blockers: CM UDFN yield; exposed-pad land pattern; thermal response validation,,ELECTRICAL_COMPONENT,FITTED,-40..125,CONTROLLED_PENDING_VERIFICATION
U7,PCB-MAIN,U7,Level translator,Directional 1.8V to 3.3V translator,Texas Instruments,SN74AXC8T245PWR,TSSOP-24,1,4,1,5,10,3,13,20,5,25,SCALE_CEIL_FROM_20_BASELINE,COMMON,SELECTED_PENDING_SI_AAD_SAMPLE,Do not substitute auto-direction device without review,Logic levels direction leakage sleep test,Rev.A freeze source MAIN_COMPONENT_FREEZE_REV_A.csv; blockers: PDM skew and final-harness SI; PDM_CLK source termination; THSEL one-wire fanout/timing; measured S0 current,,ELECTRICAL_COMPONENT,FITTED,-40..125,CONTROLLED_PENDING_VERIFICATION
U8,PCB-MAIN,U8,Cellular,LPWA modem Cat M1 NB2 EGPRS,Quectel,BG95-M3,LGA-102_23.6x19.9mm,1,4,1,5,10,3,13,20,5,25,SCALE_CEIL_FROM_20_BASELINE,COMMON,SELECTED_PENDING_INCOMING_ID_AND_POST_ASSEMBLY_EVT,Quectel authorized channel or CM with traceability,IMEI label firmware RF conducted attach TLS,Rev.A freeze source MAIN_COMPONENT_FREEZE_REV_A.csv; blockers: ordered module marking and firmware identity at incoming inspection; operator attach; LTE and EGPRS burst; certification; cold-limit qualification,,ELECTRICAL_COMPONENT,FITTED,-35..75 operating; -40..85 extended,CONTROLLED_PENDING_VERIFICATION
J-SIM1,PCB-MAIN,J6,SIM,Nano-SIM push-push connector slot 1,TE Connectivity,2336582-1,Nano-SIM 4FF connector with DET,1,4,1,5,10,3,13,20,5,25,SCALE_CEIL_FROM_20_BASELINE,COMMON,TECHNICALLY_SELECTED_PROCUREMENT_RISK,Approved connector vendor,Mating cycles card detect coplanarity and ESD,Rev.A connector freeze; blockers: TE page reports active but not currently available; qualify a pin/footprint/temperature/lifecycle-compatible 4FF DET second source before release,,ELECTRICAL_COMPONENT,FITTED,-40..85,CONTROLLED_PENDING_VERIFICATION
J-SIM2,PCB-MAIN,J7,SIM,Nano-SIM push-push connector slot 2,TE Connectivity,2336582-1,Nano-SIM 4FF connector with DET,1,4,1,5,10,3,13,20,5,25,SCALE_CEIL_FROM_20_BASELINE,COMMON,TECHNICALLY_SELECTED_PROCUREMENT_RISK,Approved connector vendor,Mating cycles card detect coplanarity and ESD,Rev.A connector freeze; blockers: same as SIM1; source two identical slots for lot or qualify one common second source,,ELECTRICAL_COMPONENT,FITTED,-40..85,CONTROLLED_PENDING_VERIFICATION
U13,PCB-MAIN,U13,SIM switch,6-channel bidirectional 2 to 1 multiplexer,Texas Instruments,TS3A27518EPWR,TSSOP-24_PW,1,4,1,5,10,3,13,20,5,25,SCALE_CEIL_FROM_20_BASELINE,COMMON,SELECTED_PENDING_USIM_SI_SAMPLE,Authorized distributor or traceable tier-1 channel,Marking supply leakage Ron capacitance and 100 switch cycles,Rev.A freeze source MAIN_COMPONENT_FREEZE_REV_A.csv; blockers: selected-card VDD minimum; CLK/DATA edge integrity; leakage and reset isolation,,ELECTRICAL_COMPONENT,FITTED,-40..85,CONTROLLED_PENDING_VERIFICATION
U14-U15,PCB-MAIN,U14;U15,ESD,Low-capacitance TVS array for each SIM connector,STMicroelectronics,ESDALC6V1-5P6,SOT666_1.6x1.6mm,2,8,2,10,20,5,25,40,10,50,SCALE_CEIL_FROM_20_BASELINE,COMMON,SELECTED_PENDING_SIM_ESD_SI_SAMPLE,Authorized distributor,Capacitance leakage ESD rating marking,Two identical five-line SIM ESD arrays; exact maps in PCB_MAIN_DUAL_SIM_PIN_AUTHORITY_REV_A.csv,,ELECTRICAL_COMPONENT,FITTED,-40..125,CONTROLLED_PENDING_VERIFICATION
U9,PCB-MAIN,U9,GNSS,Independent GNSS with TIMEPULSE,u-blox,MAX-M10S-00B,LCC-18_9.7x10.1mm,1,4,1,5,10,3,13,20,5,25,SCALE_CEIL_FROM_20_BASELINE,COMMON,SELECTED_PENDING_GNSS_RF_TIMING_SAMPLE,Authorized distributor or traceable module channel,Marking firmware satellite fix PPS test,Rev.A freeze source MAIN_COMPONENT_FREEZE_REV_A.csv; blockers: active antenna and cable; SAW/coexistence; supervisor fault response; PPS and holdover,,ELECTRICAL_COMPONENT,FITTED,-40..85,CONTROLLED_PENDING_VERIFICATION
U10,PCB-MAIN,U10,LoRa,850-930 MHz 22 dBm SX1262 SPI module,Ebyte,E22-900M22S,SMD_20x14_22P_1.27mm,1,4,2,6,10,3,13,20,6,26,SCALE_CEIL_FROM_20_BASELINE,RU868_PILOT,SELECTED_PENDING_CASTELLATED_OPTION_RF_REGULATORY,Ebyte official store or authorized distributor,Marking antenna-interface option firmware conducted power sensitivity sleep current,Rev.A freeze source MAIN_COMPONENT_FREEZE_REV_A.csv; blockers: supplier confirmation of castellated ANT option with no fitted module IPEX; RU868 conducted/radiated test; current; supply availability,,ELECTRICAL_COMPONENT,FITTED,-40..85,CONTROLLED_PENDING_VERIFICATION
U11,PCB-MAIN,U11,BLE,BLE commissioning diagnostics and signed OTA coprocessor,Raytac,MDBT50Q-P1MV2,nRF52840_SMD_10.5x15.5_61P_PCB_antenna,1,4,1,5,10,3,13,20,5,25,SCALE_CEIL_FROM_20_BASELINE,COMMON,SELECTED_PENDING_ENCLOSURE_RF,Raytac authorized channel or traceable distributor,Module label firmware BLE 2M coded PHY pairing OTA current RF range and temperature test,Rev.A freeze source MAIN_COMPONENT_FREEZE_REV_A.csv; blockers: 2.4 GHz enclosure range; SWD/DFU/reset firmware and evidence,,ELECTRICAL_COMPONENT,FITTED,-40..85,CONTROLLED_PENDING_VERIFICATION
U12,PCB-MAIN,U12,Storage,Industrial microSD 32 GB,Kingston,SDCIT2/32GB,microSD_card_8_contact,1,4,1,5,10,3,13,20,5,25,SCALE_CEIL_FROM_20_BASELINE,COMMON,SELECTED_PENDING_SAMPLE_ENDURANCE,Kingston authorized channel,CID capacity full write/read temperature and power-loss sample,Rev.A freeze source MAIN_COMPONENT_FREEZE_REV_A.csv; blockers: authorized-channel procurement; CID/capacity; full write/read; temperature and power-loss sample,,ELECTRICAL_COMPONENT,FITTED,-40..85,CONTROLLED_PENDING_VERIFICATION
J-SD1,PCB-MAIN,J12,Connector,microSD push-push connector with detect,GCT,MEM2052-00-195-00-A,microSD push-push SMT 1.95 mm with detect,1,4,1,5,10,3,13,20,5,25,SCALE_CEIL_FROM_20_BASELINE,COMMON,MECHANICAL_AUTHORITY_FROZEN_PENDING_PHYSICAL_TEST,Authorized GCT distributor,Mating detect coplanarity and cycle sample,Rev.A connector freeze; exact electrical map in PCB_MAIN_CONNECTOR_FIXTURE_PIN_AUTHORITY_REV_A.csv; blockers: card retention cycle and power-loss test; service-cover seal,,ELECTRICAL_COMPONENT,FITTED,-40..85,CONTROLLED_PENDING_VERIFICATION
J-TAMPER,PCB-MAIN,J13,Connector,Two-position normally-closed tamper loop,Molex,5040500291,Pico-Lock 1.50 mm 2-circuit right-angle SMT,1,4,1,5,10,3,13,20,5,25,SCALE_CEIL_FROM_20_BASELINE,COMMON,MECHANICAL_AUTHORITY_FROZEN_PENDING_PHYSICAL_TEST,Authorized Molex distributor,Mating pull continuity cable-break and cover-open fault coverage,Rev.A connector freeze; exact electrical map in PCB_MAIN_CONNECTOR_FIXTURE_PIN_AUTHORITY_REV_A.csv; blockers: cable length and strain relief; pull and fault-coverage test,,ELECTRICAL_COMPONENT,FITTED,-40..105,CONTROLLED_PENDING_VERIFICATION
J-PWR-MAIN,PCB-MAIN,J_PWR,Connector,Power/control/I2C harness from PCB-PWR,Molex,430451202,12 positions,1,4,1,5,10,3,13,20,5,25,SCALE_CEIL_FROM_20_BASELINE,COMMON,MECHANICAL_AUTHORITY_FROZEN_PENDING_HARNESS_SI,Authorized Molex distributor,Marking dimensions latch mate continuity,Mating Molex_430251200; terminal Molex_430300038 power; Molex_430300001 control/I2C; blockers: I2C harness capacitance and pull-up validation; mating harness bend and pull test,,ELECTRICAL_COMPONENT,FITTED,header -40..125; housing -40..105,CONTROLLED_PENDING_VERIFICATION
J-RF-CELL,PCB-MAIN,J8,RF connector,Cellular RF connector,Hirose,U.FL-R-SMT-1(60),U.FL SMT receptacle,1,4,2,6,10,4,14,20,8,28,SCALE_CEIL_FROM_20_BASELINE,COMMON,LAYOUT_ZONE_FROZEN_PENDING_RF_VALIDATION,Authorized Hirose distributor,Visual mate gauge continuity VNA and VSWR,Rev.A connector freeze; coax assembly and RF validation remain blocking: CAB.0243 MHF-I/U.FL-compatible mate and retention; 150 mm route and 6.8 mm minimum bend; bulkhead seal and numeric IP classification; installed cellular VNA/VSWR and coexistence,,ELECTRICAL_COMPONENT,FITTED,-40..90,CONTROLLED_PENDING_VERIFICATION
J-RF-GNSS,PCB-MAIN,J9,RF connector,GNSS RF connector,Hirose,U.FL-R-SMT-1(60),U.FL SMT receptacle,1,4,2,6,10,4,14,20,8,28,SCALE_CEIL_FROM_20_BASELINE,COMMON,LAYOUT_ZONE_FROZEN_PENDING_RF_VALIDATION,Authorized Hirose distributor,Visual mate gauge continuity receiver sensitivity and active-antenna current,Rev.A connector freeze; coax assembly and RF validation remain blocking: exact active antenna and cable; CAB.0243 MHF-I/U.FL-compatible mate and retention; 150 mm route and 6.8 mm minimum bend; bulkhead seal and numeric IP classification; VNA/receiver sensitivity,,ELECTRICAL_COMPONENT,FITTED,-40..90,CONTROLLED_PENDING_VERIFICATION
J-RF-LORA,PCB-MAIN,J10,RF connector,LoRa RF connector,Hirose,U.FL-R-SMT-1(60),U.FL SMT receptacle,1,4,2,6,10,4,14,20,8,28,SCALE_CEIL_FROM_20_BASELINE,RU868_PILOT,LAYOUT_ZONE_FROZEN_PENDING_RF_VALIDATION,Authorized Hirose distributor,Visual mate gauge continuity conducted power sensitivity and VSWR,Rev.A connector freeze; coax assembly and RF validation remain blocking: CAB.0243 MHF-I/U.FL-compatible mate and retention; 150 mm route and 6.8 mm minimum bend; bulkhead seal and numeric IP classification; 868 MHz installed conducted/radiated test,,ELECTRICAL_COMPONENT,FITTED,-40..90,CONTROLLED_PENDING_VERIFICATION
X1,PCB-MAIN,X1,Clock,32.768 kHz low drift oscillator,SiTime,SiT1552AI-JE-DCC-32.768D,CSP-4_1.5x0.8mm,1,4,1,5,10,3,13,20,5,25,SCALE_CEIL_FROM_20_BASELINE,COMMON,SELECTED_PENDING_LSE_BYPASS_REVIEW,Authorized distributor,Frequency and current sample test,Rev.A freeze source MAIN_COMPONENT_FREEZE_REV_A.csv; blockers: CubeMX LSE bypass wiring; holdover drift measurement; complete physical pins and no-external-bypass decision in PCB_MAIN_PASSIVE_SUPPORT_AUTHORITY_REV_A.csv; physical pins: 1=GND;2=LSE_IN;3=3V3_DIGITAL;4=GND,32.768 kHz full-swing LVCMOS,ELECTRICAL_COMPONENT,FITTED,-40..85,CONTROLLED_PENDING_VERIFICATION
PWR-REV-CTL,PCB-PWR,U1,Protection,Reverse polarity and reverse current controller,Texas Instruments,LM74700QDBVRQ1,SOT-23-6,1,4,1,5,10,3,13,20,5,25,SCALE_CEIL_FROM_20_BASELINE,COMMON,SELECTED_PENDING_SCHEMATIC_SAMPLE,Authorized distributor,Marking reverse test and gate waveform,Rev.A freeze source POWER_COMPONENT_FREEZE_REV_A.csv; 3.2-65 V controller; external N-MOSFET; low-loss reverse protection; blockers: surge/fuse coordination; gate network review; bench reverse test,,ELECTRICAL_COMPONENT,FITTED,-40..125,CONTROLLED_PENDING_VERIFICATION
PWR-REV-FET,PCB-PWR,Q1,Protection,60 V low-Rds(on) N-MOSFET,Texas Instruments,CSD18540Q5B,VSON-CLIP 5x6 mm,1,4,1,5,10,3,13,20,5,25,SCALE_CEIL_FROM_20_BASELINE,COMMON,SELECTED_TECHNICALLY_PROCUREMENT_CHECK,Authorized distributor,Marking Rds thermal and reverse fault test,Rev.A freeze source POWER_COMPONENT_FREEZE_REV_A.csv; 60 V; Rds(on) <=2.2 mOhm at VGS=10 V; blockers: authorized-channel stock; SOA/thermal calculation; gate transient review,,ELECTRICAL_COMPONENT,FITTED,-55..175,CONTROLLED
U-PWR1,PCB-PWR,U3,Power,3.8 V modem synchronous buck,Texas Instruments,LMR604403SRAKR,RAK-9,1,4,1,5,10,3,13,20,5,25,SCALE_CEIL_FROM_20_BASELINE,COMMON,SELECTED_PENDING_DESIGN_CALC_SAMPLE,Authorized distributor,Load step ripple efficiency thermal and EMI,Rev.A freeze source POWER_COMPONENT_FREEZE_REV_A.csv; 3-36 V input; 4 A; adjustable output set to 3.8 V; low-Iq synchronous buck; blockers: capacitor/feedback verification; 2.7 A+ BG95 burst test; EMI; thermal,,ELECTRICAL_COMPONENT,FITTED,-40..125,CONTROLLED_PENDING_VERIFICATION
U-PWR2,PCB-PWR,U4,Power,3.3 V digital synchronous buck,Texas Instruments,LMR604403SRAKR,RAK-9,1,4,1,5,10,3,13,20,5,25,SCALE_CEIL_FROM_20_BASELINE,COMMON,SELECTED_PENDING_DESIGN_CALC_SAMPLE,Authorized distributor,Load step ripple efficiency sleep current thermal and EMI,Rev.A freeze source POWER_COMPONENT_FREEZE_REV_A.csv; 3-36 V input; 4 A; output set to 3.3 V; low-Iq synchronous buck; blockers: capacitor verification; load-step; sleep-current; EMI; thermal,,ELECTRICAL_COMPONENT,FITTED,-40..125,CONTROLLED_PENDING_VERIFICATION
U-PWR3,PCB-PWR,U5,Power,1.8 V low-noise microphone LDO,Texas Instruments,TPS7A2018PDBVR,SOT-23-5,1,4,1,5,10,3,13,20,5,25,SCALE_CEIL_FROM_20_BASELINE,COMMON,SELECTED_PENDING_NOISE_SAMPLE,Authorized distributor,Noise PSRR dropout thermal and AAD sleep current,Rev.A freeze source POWER_COMPONENT_FREEZE_REV_A.csv; fixed 1.8 V; 300 mA; low-noise/high-PSRR LDO; blockers: input/output capacitor review; PDM noise test; enable sequencing,,ELECTRICAL_COMPONENT,FITTED,-40..125,CONTROLLED_PENDING_VERIFICATION
U-MON-01,PCB-PWR,U2,Monitor,Total battery current voltage and power monitor,Texas Instruments,INA226AIDGSR,VSSOP-10,1,4,1,5,10,3,13,20,5,25,SCALE_CEIL_FROM_20_BASELINE,COMMON,SELECTED_REV_A_12PIN_I2C,Authorized distributor,Marking I2C ID calibration and reference-meter compare,Rev.A freeze source POWER_COMPONENT_FREEZE_REV_A.csv; 3.3 V I2C; address 0x40; 10 mOhm Kelvin shunt capture; Current_LSB 200 uA/bit; Power_LSB 5 mW/bit; blockers: Kelvin layout review; I2C harness capacitance/pull-up test; calibration against reference meter,,ELECTRICAL_COMPONENT,FITTED,-40..125,CONTROLLED
R-SHUNT-01,PCB-PWR,RSH1,Shunt,10 mOhm 4-terminal Kelvin current shunt,Vishay Dale,WSK2512R0100FEA,WSK2512 4-terminal 6.35x3.18 mm,1,4,2,6,10,5,15,20,10,30,SCALE_CEIL_FROM_20_BASELINE,COMMON,SELECTED_PENDING_KELVIN_LAYOUT_SAMPLE,Authorized current-sense resistor vendor,Resistance TCR marking and four-wire reference measurement,Rev.A freeze source POWER_COMPONENT_FREEZE_REV_A.csv; exact four-terminal land pattern controlled; blockers: Kelvin routing review; +70 C thermal; four-wire resistance and reference-meter calibration,10 mOhm 1% 1 W,ELECTRICAL_COMPONENT,FITTED,-65..170,CONTROLLED_PENDING_VERIFICATION
J-PWR-PWR,PCB-PWR,J2,Connector,Power/control/I2C harness to PCB-MAIN,Molex,430451202,12 positions,1,4,1,5,10,3,13,20,5,25,SCALE_CEIL_FROM_20_BASELINE,COMMON,SELECTED_ELECTRICAL_PENDING_MECHANICS,Authorized Molex distributor,Marking dimensions latch mate continuity,Mating Molex_430251200; terminal Molex_430300038 power; Molex_430300001 control/I2C; blockers: right-angle orientation and service clearance; pin-current allocation; I2C harness capacitance and pull-up validation,,ELECTRICAL_COMPONENT,FITTED,header -40..125; housing -40..105,CONTROLLED_PENDING_VERIFICATION
PWR-TVS-01,PCB-PWR,D1,Protection,Protected-bus transient clamp candidate,Littelfuse,SMBJ18A,SMB_DO-214AA,1,4,1,5,10,3,13,20,5,25,SCALE_CEIL_FROM_20_BASELINE,COMMON,CANDIDATE_PENDING_SURGE_PROFILE,Authorized distributor,Marking clamp pulse and thermal sample,Rev.A freeze source POWER_COMPONENT_FREEZE_REV_A.csv; 18 V standoff; 20.0-22.1 V breakdown; 29.2 V max clamp; 600 W class; blockers: measured/source transient envelope; fuse coordination; thermal pulse test,,ELECTRICAL_COMPONENT,FITTED,-65..150,BLOCKED_ENGINEERING_SELECTION
PWR-FUSE-01,PCB-PWR,F1,Protection,PCB input fuse candidate,Littelfuse,0451008.MRL,Nano2_451_6.1x2.69mm,1,4,2,6,10,5,15,20,10,30,SCALE_CEIL_FROM_20_BASELINE,COMMON,CANDIDATE_SELECTED_FOR_EVT_QUALIFICATION_NATIVE_VALUE_ECO_PENDING,Authorized distributor,Marking continuity and controlled fault clearing,Rev.A freeze source POWER_COMPONENT_FREEZE_REV_A.csv; 8 A nominal; 0.0077 Ohm nominal cold resistance; 20.23 A2s nominal melting I2t; standard 25% continuous derating plus temperature rerating required; blockers: signed native value still 0451005.MRL; repeat ERC/PDF/human hierarchy review after value-only ECO; +70 C derating; inrush; fault energy; 8.5 A connector ceiling; battery-side primary-fuse coordination,,ELECTRICAL_COMPONENT,FITTED,-55..125,BLOCKED_ENGINEERING_SELECTION
ASM-PWR,PCB-PWR,-,PCBA,Assembled protected power interface PCB,Contract manufacturer,TBD,4-layer PCBA; outer 2 oz target; inner 1 oz target; final stackup pending DFM,1,4,1,5,10,1,11,20,2,22,SCALE_CEIL_FROM_20_BASELINE,COMMON,RFQ_REQUIRED,Direct CM quotation,AOI functional high-current thermal,No MPPT function on this board; layer count frozen but copper weights and construction remain open,,PCBA_SERVICE,N/A,N/A,BLOCKED_SUPPLIER_RELEASE
PCB-PWR,PCB-PWR,-,Bare PCB,Power interface bare PCB,Qualified PCB fab,TBD,4-layer FR-4; outer 2 oz target; inner 1 oz target; final stackup pending DFM,1,4,1,5,10,3,13,20,5,25,SCALE_CEIL_FROM_20_BASELINE,COMMON,RFQ_REQUIRED,Two independent fab quotations,Copper thickness netlist high-current and Kelvin review,Layer count frozen; final copper weights by current and thermal calculation plus fabricator DFM,,BARE_PCB,N/A,N/A,BLOCKED_SUPPLIER_RELEASE
ASM-MIC,PCB-MIC,-,PCBA,Assembled identical microphone leaf PCB,Contract manufacturer,TBD,2-layer PCBA,4,16,2,18,40,4,44,80,8,88,SCALE_CEIL_FROM_20_BASELINE,COMMON,RFQ_REQUIRED,Direct CM quotation,AOI acoustic port inspection channel functional test,Same PCB revision all positions,,PCBA_SERVICE,N/A,N/A,BLOCKED_SUPPLIER_RELEASE
PCB-MIC,PCB-MIC,-,Bare PCB,Microphone leaf bare PCB,Qualified PCB fab,TBD,2-layer FR-4,4,16,4,20,40,10,50,80,20,100,SCALE_CEIL_FROM_20_BASELINE,COMMON,RFQ_REQUIRED,Two independent fab quotations,Outline hole position finish netlist,Panelization to be approved,,BARE_PCB,N/A,N/A,BLOCKED_SUPPLIER_RELEASE
MK1,PCB-MIC,MK1,Microphone,Digital bottom-port PDM MEMS microphone,TDK InvenSense,MMICT5838-00-012,LGA-CAV-5 3.5x2.65x0.98 mm,4,16,4,20,40,8,48,80,16,96,SCALE_CEIL_FROM_20_BASELINE,COMMON,SELECTED_PENDING_SAMPLE,TDK authorized channel and same lot requested,Marking lot acoustic sensitivity noise phase and port inspection,Exact orderable T5838 MPN; do not mix alternate MPN within station,,ELECTRICAL_COMPONENT,FITTED,-40..85,CONTROLLED_PENDING_VERIFICATION
C-MIC,PCB-MIC,PCB-MIC:C1 x4,Passive,100 nF 25 V X7R microphone VDD decoupling,TDK,CGA2B3X7R1E104K050BB,0402 1005 metric,4,16,40,56,40,40,80,80,40,120,FIXED_LOT_MIN,COMMON,SELECTED_PENDING_SAMPLE,Traceable passive vendor,Value package reel label capacitance sample,One C1 per PCB-MIC leaf; exact native schematic reference and automotive-grade MLCC,100 nF 25 V X7R,ELECTRICAL_COMPONENT,FITTED,-55..125,CONTROLLED_PENDING_VERIFICATION
J-MIC,PCB-MIC,PCB-MIC:J1 x4,Connector,6-position microphone leaf board header,Molex,5040500691,Pico-Lock 1.50 mm 6-circuit right-angle SMT,4,16,3,19,40,6,46,80,12,92,SCALE_CEIL_FROM_20_BASELINE,COMMON,MECHANICAL_AUTHORITY_FROZEN_PENDING_SI_AAD,Authorized Molex distributor,Mating pull test contact resistance continuity and temperature,Mating housing 5040510601; terminal 5040520098; pinout 1V8/GND/CLK/DATA/WAKE/AAD_CFG(THSEL); -40..105 C,,ELECTRICAL_COMPONENT,FITTED,-40..105,CONTROLLED_PENDING_VERIFICATION
BAT1,SYSTEM,BT1,Battery,12.8 V 40 Ah LiFePO4 battery with BMS,RELiON,RB40,197x166x173 mm IP66 M8 pack,1,4,1,5,10,1,11,20,1,21,SCALE_CEIL_FROM_20_BASELINE,COMMON,SELECTED_EVT_CANDIDATE_PENDING_COLD_SYSTEM_SAMPLE,RELiON or authorized distributor with exact RB40 traceability and transport documents,Label serial lot polarity voltage dimensions mass capacity DCIR BMS thresholds and documents,EVT-20 baseline is 40 Ah and 512 Wh; 60 Ah is post-EVT only; discharge -20..60 C and charge -20..45 C do not close station -40..+70 C; charging remains inhibited below 0 C through MPPT-TEMP; cold enclosure and system qualification block release,,SYSTEM_ITEM,FITTED,-20..60 discharge; -20..45 charge,CONTROLLED_PENDING_VERIFICATION
PV1,SYSTEM,PV1,Solar panel,80 W 12 V monocrystalline outdoor solar panel,SLD Tech / Solarland,SLP080S-12M,1475x342x40 mm framed 36-cell panel,1,4,1,5,10,1,11,20,1,21,SCALE_CEIL_FROM_20_BASELINE,COMMON,SELECTED_EVT_CANDIDATE_PENDING_IV_MECHANICAL_SAMPLE,SLD Tech or authorized distributor with exact model traceability,Label dimensions Voc Isc Vmp Imp Pmax insulation wet leakage and visual inspection,80 W baseline; Vmp 18.46 V Imp 4.33 A Voc 22.52 V Isc 4.56 A and -40..85 C; verify cold Voc bracket cable connector and transport sample before release,,SYSTEM_ITEM,FITTED,-40..85,CONTROLLED_PENDING_VERIFICATION
MPPT1,SYSTEM,U-MPPT,Controller,External SmartSolar 10 A LiFePO4 MPPT controller,Victron Energy,SCC075010060R,100x113x40 mm IP43 electronics IP22 terminals,1,4,1,5,10,1,11,20,1,21,SCALE_CEIL_FROM_20_BASELINE,COMMON,SELECTED_EVT_CANDIDATE_PENDING_CONFIG_COLD_SAMPLE,Victron authorized distributor with exact article traceability,Article label firmware configuration export charge profile reverse current quiescent thermal and cutoff test,SmartSolar MPPT 75/10; 12/24 V 10 A 75 V and 145 W nominal PV at 12 V; pair with MPPT-TEMP in one VE.Smart network and set low-temperature cutoff to 0 C; -30..60 C controller range and exposed terminals require enclosure and cold-system qualification,,SYSTEM_ITEM,FITTED,-30..60,CONTROLLED_PENDING_VERIFICATION
MPPT-TEMP,SYSTEM,TS-BAT1,Sensor,Wireless battery voltage and temperature sensor for MPPT,Victron Energy,SBS050150200,Smart Battery Sense long range up to 10 m radio with 0.45 m leads and M10 eyelets,1,4,1,5,10,1,11,20,1,21,SCALE_CEIL_FROM_20_BASELINE,COMMON,SELECTED_EVT_CANDIDATE_PENDING_NETWORK_COLD_SAMPLE,Victron authorized distributor with exact article traceability,Article label 0.45 m lead M10 eyelets voltage temperature accuracy VE.Smart pairing cutoff and reconnect test,Required for SmartSolar low-temperature inhibit; attach to RB40 body and M8 terminals through an approved retention stack; official operating range is -10..60 C and 10 m denotes wireless range not lead length; prove eyelet retention actual battery temperature reception cutoff at 0 C resume above 0.5 C network retention and cold-system behavior before release,,SYSTEM_ITEM,FITTED,-10..60,CONTROLLED_PENDING_VERIFICATION
ANT-CELL,SYSTEM,AE1,Antenna,Outdoor wideband cellular antenna with SMA male cable,Taoglas,G30.B.108111,IP67 screw-mount dome with 1 m cable and SMA(M),1,4,1,5,10,1,11,20,2,22,SCALE_CEIL_FROM_20_BASELINE,COMMON,SELECTED_EVT_CANDIDATE_PENDING_INSTALLED_VSWR_COEX_SAMPLE,Taoglas or authorized distributor with exact MPN traceability,Label connector cable construction length S11 gain efficiency IP and temperature plus sample VNA,698-960 and 1710-2700 MHz manufacturer headline coverage for BG95-M3; SMA(M) mates outside the housing to RF-PIGTAIL bulkhead; verify ordered cable construction installed VSWR loss coexistence and mounting seal,,SYSTEM_ITEM,FITTED,-40..85,CONTROLLED_PENDING_VERIFICATION
ANT-GNSS,SYSTEM,AE2,Antenna,Outdoor active multi-GNSS L1 antenna with SMA male cable,Taoglas,AA.166.A.301111,IP67 magnetic 37.8x40.4x10 mm with 3 m RG174 SMA(M),1,4,1,5,10,1,11,20,2,22,SCALE_CEIL_FROM_20_BASELINE,COMMON,SELECTED_EVT_CANDIDATE_PENDING_BIAS_SENSITIVITY_COEX_SAMPLE,Taoglas or authorized distributor with exact MPN traceability,Label connector cable length bias current gain noise figure S11 IP and temperature plus receiver sample,1559-1610 MHz and 3-5 V active antenna; SMA(M) mates outside the housing to RF-PIGTAIL bulkhead; verify current at 3.3 V is at most 50 mA plus mounting sensitivity PPS and LTE/RU868 coexistence,,SYSTEM_ITEM,FITTED,-40..85,CONTROLLED_PENDING_VERIFICATION
ANT-LORA,SYSTEM,AE3,Antenna,Outdoor RU868 terminal antenna with SMA male,Taoglas,TI.89.B.2111W,IP67 terminal antenna 180x13 mm SMA(M),1,4,1,5,10,1,11,20,2,22,SCALE_CEIL_FROM_20_BASELINE,RU868_PILOT,SELECTED_EVT_CANDIDATE_PENDING_INSTALLED_VSWR_CONDUCTED_RADIATED_SAMPLE,Taoglas or authorized distributor with exact MPN traceability,Label connector dimensions S11 gain IP temperature and sample VNA,860-930 MHz with 862-874 MHz measured 868 MHz range; SMA(M) mounts on RF-PIGTAIL bulkhead; verify installed VSWR conducted power sensitivity coexistence and RU868 radiated compliance,,SYSTEM_ITEM,FITTED,-40..85,CONTROLLED_PENDING_VERIFICATION
RF-PIGTAIL,SYSTEM,J8/J9/J10 cable,RF cable,Internal 150 mm U.FL-compatible right-angle to SMA female bulkhead pigtail,Taoglas,CAB.0243,1.13 mm micro-coax 150 mm MHF I/U.FL-compatible R/A to waterproof SMA(F) bulkhead,3,12,2,14,30,3,33,60,6,66,SCALE_CEIL_FROM_20_BASELINE,COMMON,SELECTED_EVT_CANDIDATE_PENDING_MATE_ROUTE_SEAL_VSWR_SAMPLE,Taoglas or authorized distributor with exact MPN traceability,100 percent identity continuity polarity length and connector inspection plus sample mate retention VNA bend seal and temperature test,One identical pigtail on J8 J9 and J10; Taoglas SPE-24-8-147-A states I-PEX MHF I (U.FL compatible) to normal-polarity SMA(F) bulkhead with 150 mm 1.13 mm coax minimum bend radius 6.8 mm and published -60..200 C operating range; product page calls the bulkhead waterproof but gives no numeric IP class; verify mate and retention with U.FL-R-SMT-1(60) routing seal torque lot temperature and installed RF loss,,SYSTEM_ITEM,FITTED,-60..200,CONTROLLED_PENDING_VERIFICATION
HARNESS,SYSTEM,-,Harness,Complete labeled harness set,TBD,TBD,Assembly,1,4,1,5,10,1,11,20,2,22,SCALE_CEIL_FROM_20_BASELINE,COMMON,OPEN_MECHANICAL_LENGTH_FREEZE,Qualified harness factory,100 percent continuity polarity pull sample,MAIN-PWR uses two 43025-1200 housings; 18 AWG 43030-0038 for pins 1-6 and 20-24 AWG 43030-0001 for pins 7-12; separate drawing required,,SYSTEM_ITEM,FITTED,OPEN,BLOCKED_SELECTION
HSG-VC,SYSTEM,HSG1,Housing,Vacuum-cast polyurethane housing set,TBD,TBD,Assembly,1,4,0,4,10,0,10,20,0,20,NONE,VACUUM_CASTING_PRIMARY,RFQ_REQUIRED,Qualified vacuum casting manufacturer,FAI dimensions material cure finish inserts leak fit acoustic and RF checks,Primary process for each selected EVT lot; controlled procurement calculations are generated for 4 10 and 20 stations,,MECHANICAL_OPTION,N/A,OPEN,CONDITIONAL_NOT_RELEASED
HSG-3D,SYSTEM,HSG1,Housing,3D-printed fallback housing set,TBD,TBD,Assembly,0,0,0,0,0,0,0,0,0,0,NONE,THREE_D_PRINT_FALLBACK,SOURCE_PACKAGE_REQUIRED,Qualified print supplier or controlled FlashForge 5M Pro process,Engineering sample dimensions material finish leak fit acoustic and RF checks,Conditional selected-lot demand is activated only by ECO; 4 10 and 20 station scenarios remain zero until activation,,MECHANICAL_OPTION,N/A,OPEN,CONDITIONAL_NOT_RELEASED
HSG-IM,SYSTEM,HSG1,Housing,Injection-molding source package and DFM,TBD,TBD,Source_data,0,0,0,0,0,0,0,0,0,0,NONE,INJECTION_MOLDING_FUTURE,SOURCE_PACKAGE_REQUIRED,Qualified mold manufacturer for DFM quotation,Source audit wall draft ribs bosses parting ejector shrink material and tooling concept,No tooling or physical pilot housing without separate authorization,,MECHANICAL_OPTION,N/A,OPEN,CONDITIONAL_NOT_RELEASED
U16,PCB-MAIN,U16,Logic,BG95 UART/status 1.8V/3.3V translator,Texas Instruments,SN74AXC8T245PWR,TSSOP-24,1,4,1,5,10,3,13,20,5,25,SCALE_CEIL_FROM_20_BASELINE,COMMON,SELECTED_PENDING_UART_POWER_SAMPLE,Authorized or traceable tier-1 channel,Marking MPN package orientation electrical functional sample,Rev.A MAIN freeze; blockers: UART/RI/STATUS timing; partial-power isolation; burst ground-offset margin; measured current,,ELECTRICAL_COMPONENT,FITTED,-40..125,CONTROLLED_PENDING_VERIFICATION
U17,PCB-MAIN,U17,Logic,T5838 four-channel AAD WAKE OR aggregation,Texas Instruments,SN74LVC32APWR,TSSOP-14,1,4,1,5,10,3,13,20,5,25,SCALE_CEIL_FROM_20_BASELINE,COMMON,SELECTED_PENDING_AAD_WAKE_TEST,Authorized or traceable tier-1 channel,Marking MPN package orientation electrical functional sample,Rev.A MAIN freeze; blockers: quiescent-current measurement; individual and aggregate wake latency; false-wake and open-harness tests,,ELECTRICAL_COMPONENT,FITTED,-40..125,CONTROLLED_PENDING_VERIFICATION
U18,PCB-MAIN,U18,Logic,T5838 aggregated WAKE 1.8V-to-3.3V translator,Texas Instruments,SN74AXC1T45DRLR,SOT-5X3_6,1,4,1,5,10,3,13,20,5,25,SCALE_CEIL_FROM_20_BASELINE,COMMON,SELECTED_PENDING_AAD_WAKE_TEST,Authorized or traceable tier-1 channel,Marking MPN package orientation electrical functional sample,Rev.A MAIN freeze; blockers: wake edge and Stop-mode latency; partial-power test; quiescent-current measurement,,ELECTRICAL_COMPONENT,FITTED,-40..125,CONTROLLED_PENDING_VERIFICATION
Q-MODEM-PWRKEY,PCB-MAIN,Q1,Transistor,BG95 PWRKEY open-collector driver,Nexperia,"MMBT3904,215",SOT23,1,4,1,5,10,3,13,20,5,25,SCALE_CEIL_FROM_20_BASELINE,COMMON,SELECTED_PENDING_CONTROL_TIMING_SAMPLE,Authorized or traceable tier-1 channel,Marking MPN package orientation electrical functional sample,Rev.A MAIN freeze; blockers: 500-1000 ms pulse; collector-low margin; cold-start and shutdown timing,,ELECTRICAL_COMPONENT,FITTED,-65..150,CONTROLLED_PENDING_VERIFICATION
Q-MODEM-RESET,PCB-MAIN,Q2,Transistor,BG95 RESET_N open-collector driver,Nexperia,"MMBT3904,215",SOT23,1,4,1,5,10,3,13,20,5,25,SCALE_CEIL_FROM_20_BASELINE,COMMON,SELECTED_PENDING_CONTROL_TIMING_SAMPLE,Authorized or traceable tier-1 channel,Marking MPN package orientation electrical functional sample,Rev.A MAIN freeze; blockers: 2-3.8 s reset pulse; collector-low margin; reset recovery and mutual exclusion,,ELECTRICAL_COMPONENT,FITTED,-65..150,CONTROLLED_PENDING_VERIFICATION
Q-SIM-MUX-EN,PCB-MAIN,Q3,Transistor,Dual-SIM mux boot-safe enable inverter,Nexperia,"MMBT3904,215",SOT23,1,4,1,5,10,3,13,20,5,25,SCALE_CEIL_FROM_20_BASELINE,COMMON,SELECTED_PENDING_SIM_SAFE_STATE_SAMPLE,Authorized or traceable tier-1 channel,Marking MPN package orientation electrical functional sample,Rev.A MAIN freeze; blockers: reset and brownout High-Z behavior; U13 EN low margin; 100 slot-change cycles,,ELECTRICAL_COMPONENT,FITTED,-65..150,CONTROLLED_PENDING_VERIFICATION
MAIN-010-C1,PCB-MAIN,C1,Capacitor,U1 VDD pin 11 local bypass,Murata,GRM155R71E104KE14D,0402,1,4,0,4,10,0,10,20,0,20,NONE,COMMON,SELECTED_PENDING_REVIEW_A,Authorized or traceable tier-1 channel,Marking MPN package orientation electrical functional sample,MAIN-AUTH-010 exact capture authority; physical pins: 1=3V3_DIGITAL;2=GND; Place at U1 pin 11,100 nF 25 V X7R,ELECTRICAL_COMPONENT,FITTED,-55..125,CONTROLLED_PENDING_VERIFICATION
MAIN-010-C2,PCB-MAIN,C2,Capacitor,U1 VDD pin 27 local bypass,Murata,GRM155R71E104KE14D,0402,1,4,0,4,10,0,10,20,0,20,NONE,COMMON,SELECTED_PENDING_REVIEW_A,Authorized or traceable tier-1 channel,Marking MPN package orientation electrical functional sample,MAIN-AUTH-010 exact capture authority; physical pins: 1=3V3_DIGITAL;2=GND; Place at U1 pin 27,100 nF 25 V X7R,ELECTRICAL_COMPONENT,FITTED,-55..125,CONTROLLED_PENDING_VERIFICATION
MAIN-010-C3,PCB-MAIN,C3,Capacitor,U1 VDD pin 51 local bypass,Murata,GRM155R71E104KE14D,0402,1,4,0,4,10,0,10,20,0,20,NONE,COMMON,SELECTED_PENDING_REVIEW_A,Authorized or traceable tier-1 channel,Marking MPN package orientation electrical functional sample,MAIN-AUTH-010 exact capture authority; physical pins: 1=3V3_DIGITAL;2=GND; Place at U1 pin 51,100 nF 25 V X7R,ELECTRICAL_COMPONENT,FITTED,-55..125,CONTROLLED_PENDING_VERIFICATION
MAIN-010-C4,PCB-MAIN,C4,Capacitor,U1 VDD pin 75 local bypass,Murata,GRM155R71E104KE14D,0402,1,4,0,4,10,0,10,20,0,20,NONE,COMMON,SELECTED_PENDING_REVIEW_A,Authorized or traceable tier-1 channel,Marking MPN package orientation electrical functional sample,MAIN-AUTH-010 exact capture authority; physical pins: 1=3V3_DIGITAL;2=GND; Place at U1 pin 75,100 nF 25 V X7R,ELECTRICAL_COMPONENT,FITTED,-55..125,CONTROLLED_PENDING_VERIFICATION
MAIN-010-C5,PCB-MAIN,C5,Capacitor,U1 VDD pin 100 local bypass,Murata,GRM155R71E104KE14D,0402,1,4,0,4,10,0,10,20,0,20,NONE,COMMON,SELECTED_PENDING_REVIEW_A,Authorized or traceable tier-1 channel,Marking MPN package orientation electrical functional sample,MAIN-AUTH-010 exact capture authority; physical pins: 1=3V3_DIGITAL;2=GND; Place at U1 pin 100,100 nF 25 V X7R,ELECTRICAL_COMPONENT,FITTED,-55..125,CONTROLLED_PENDING_VERIFICATION
MAIN-010-C6,PCB-MAIN,C6,Capacitor,U1 package bulk,Murata,GRM188R61A106KE69D,0603,1,4,0,4,10,0,10,20,0,20,NONE,COMMON,SELECTED_PENDING_REVIEW_A,Authorized or traceable tier-1 channel,Marking MPN package orientation electrical functional sample,MAIN-AUTH-010 exact capture authority; physical pins: 1=3V3_DIGITAL;2=GND; Verify effective capacitance after DC bias,10 uF 10 V X5R,ELECTRICAL_COMPONENT,FITTED,-55..85,CONTROLLED_PENDING_VERIFICATION
MAIN-010-C7,PCB-MAIN,C7,Capacitor,U1 VBAT pin 6 bypass,Murata,GRM155R71E104KE14D,0402,1,4,0,4,10,0,10,20,0,20,NONE,COMMON,SELECTED_PENDING_REVIEW_A,Authorized or traceable tier-1 channel,Marking MPN package orientation electrical functional sample,MAIN-AUTH-010 exact capture authority; physical pins: 1=3V3_DIGITAL;2=GND; No backup cell in Rev.A,100 nF 25 V X7R,ELECTRICAL_COMPONENT,FITTED,-55..125,CONTROLLED_PENDING_VERIFICATION
MAIN-010-C8,PCB-MAIN,C8,Capacitor,U1 VDDA pin 21 high frequency bypass,Murata,GRM155R71E104KE14D,0402,1,4,0,4,10,0,10,20,0,20,NONE,COMMON,SELECTED_PENDING_REVIEW_A,Authorized or traceable tier-1 channel,Marking MPN package orientation electrical functional sample,MAIN-AUTH-010 exact capture authority; physical pins: 1=3V3_DIGITAL;2=GND; Single supply analog domain,100 nF 25 V X7R,ELECTRICAL_COMPONENT,FITTED,-55..125,CONTROLLED_PENDING_VERIFICATION
MAIN-010-C9,PCB-MAIN,C9,Capacitor,U1 VDDA pin 21 local bulk,Murata,GRM155R61C105KA12D,0402,1,4,0,4,10,0,10,20,0,20,NONE,COMMON,SELECTED_PENDING_REVIEW_A,Authorized or traceable tier-1 channel,Marking MPN package orientation electrical functional sample,MAIN-AUTH-010 exact capture authority; physical pins: 1=3V3_DIGITAL;2=GND; Single supply analog domain,1 uF 16 V X5R,ELECTRICAL_COMPONENT,FITTED,-55..85,CONTROLLED_PENDING_VERIFICATION
MAIN-010-C10,PCB-MAIN,C10,Capacitor,U1 VREF+ pin 20 high frequency bypass,Murata,GRM155R71E104KE14D,0402,1,4,0,4,10,0,10,20,0,20,NONE,COMMON,SELECTED_PENDING_REVIEW_A,Authorized or traceable tier-1 channel,Marking MPN package orientation electrical functional sample,MAIN-AUTH-010 exact capture authority; physical pins: 1=VREF+;2=GND; VREF+ tied to VDDA,100 nF 25 V X7R,ELECTRICAL_COMPONENT,FITTED,-55..125,CONTROLLED_PENDING_VERIFICATION
MAIN-010-C11,PCB-MAIN,C11,Capacitor,U1 VREF+ pin 20 local bulk,Murata,GRM155R61C105KA12D,0402,1,4,0,4,10,0,10,20,0,20,NONE,COMMON,SELECTED_PENDING_REVIEW_A,Authorized or traceable tier-1 channel,Marking MPN package orientation electrical functional sample,MAIN-AUTH-010 exact capture authority; physical pins: 1=VREF+;2=GND; VREFBUF disabled,1 uF 16 V X5R,ELECTRICAL_COMPONENT,FITTED,-55..85,CONTROLLED_PENDING_VERIFICATION
MAIN-010-C12,PCB-MAIN,C12,Capacitor,U1 VDDUSB pin 73 bypass,Murata,GRM155R71E104KE14D,0402,1,4,0,4,10,0,10,20,0,20,NONE,COMMON,SELECTED_PENDING_REVIEW_A,Authorized or traceable tier-1 channel,Marking MPN package orientation electrical functional sample,MAIN-AUTH-010 exact capture authority; physical pins: 1=3V3_DIGITAL;2=GND; Place at VDDUSB,100 nF 25 V X7R,ELECTRICAL_COMPONENT,FITTED,-55..125,CONTROLLED_PENDING_VERIFICATION
MAIN-010-C13,PCB-MAIN,C13,Capacitor,U1 VDDSMPS pin 47 local input capacitor,Murata,GRM188R61A106KE69D,0603,1,4,0,4,10,0,10,20,0,20,NONE,COMMON,SELECTED_PENDING_REVIEW_A,Authorized or traceable tier-1 channel,Marking MPN package orientation electrical functional sample,MAIN-AUTH-010 exact capture authority; physical pins: 1=3V3_DIGITAL;2=GND; Verify ESR below 10 mOhm at 3 MHz and effective capacitance,10 uF 10 V X5R,ELECTRICAL_COMPONENT,FITTED,-55..85,CONTROLLED_PENDING_VERIFICATION
MAIN-010-C14,PCB-MAIN,C14,Capacitor,U1 VDD11 pin 49 core capacitor,Murata,GRM155R61A225KE15D,0402,1,4,0,4,10,0,10,20,0,20,NONE,COMMON,SELECTED_PENDING_REVIEW_A,Authorized or traceable tier-1 channel,Marking MPN package orientation electrical functional sample,MAIN-AUTH-010 exact capture authority; physical pins: 1=VCORE_1V1;2=GND; VCORE must not power external circuitry,2.2 uF 10 V X5R,ELECTRICAL_COMPONENT,FITTED,-55..85,CONTROLLED_PENDING_VERIFICATION
MAIN-010-C15,PCB-MAIN,C15,Capacitor,U1 VDD11 pin 98 core capacitor,Murata,GRM155R61A225KE15D,0402,1,4,0,4,10,0,10,20,0,20,NONE,COMMON,SELECTED_PENDING_REVIEW_A,Authorized or traceable tier-1 channel,Marking MPN package orientation electrical functional sample,MAIN-AUTH-010 exact capture authority; physical pins: 1=VCORE_1V1;2=GND; VCORE must not power external circuitry,2.2 uF 10 V X5R,ELECTRICAL_COMPONENT,FITTED,-55..85,CONTROLLED_PENDING_VERIFICATION
MAIN-010-C16,PCB-MAIN,C16,Capacitor,U1 VDD11 pin 49 optional high frequency position,Murata,GRM155R71E104KE14D,0402,0,0,0,0,0,0,0,0,0,0,NONE,COMMON,CONTROLLED_DNP,Authorized or traceable tier-1 channel,Marking MPN package orientation electrical functional sample,MAIN-AUTH-010 exact capture authority; physical pins: 1=VCORE_1V1;2=GND; Populate only by signed power integrity change,100 nF 25 V X7R,ELECTRICAL_COMPONENT,DNP,-55..125,CONTROLLED_DNP
MAIN-010-C17,PCB-MAIN,C17,Capacitor,U1 VDD11 pin 98 optional high frequency position,Murata,GRM155R71E104KE14D,0402,0,0,0,0,0,0,0,0,0,0,NONE,COMMON,CONTROLLED_DNP,Authorized or traceable tier-1 channel,Marking MPN package orientation electrical functional sample,MAIN-AUTH-010 exact capture authority; physical pins: 1=VCORE_1V1;2=GND; Populate only by signed power integrity change,100 nF 25 V X7R,ELECTRICAL_COMPONENT,DNP,-55..125,CONTROLLED_DNP
MAIN-010-C18,PCB-MAIN,C18,Capacitor,U1 normal reset filter,Murata,GRM155R71E104KE14D,0402,1,4,0,4,10,0,10,20,0,20,NONE,COMMON,SELECTED_PENDING_REVIEW_A,Authorized or traceable tier-1 channel,Marking MPN package orientation electrical functional sample,MAIN-AUTH-010 exact capture authority; physical pins: 1=NRST;2=GND; Keep reset path short,100 nF 25 V X7R,ELECTRICAL_COMPONENT,FITTED,-55..125,CONTROLLED_PENDING_VERIFICATION
MAIN-010-C19,PCB-MAIN,C19,Capacitor,PCB-MAIN 3V3 entry bulk,Murata,GRM21BR61A226ME44L,0805,1,4,0,4,10,0,10,20,0,20,NONE,COMMON,SELECTED_PENDING_REVIEW_A,Authorized or traceable tier-1 channel,Marking MPN package orientation electrical functional sample,MAIN-AUTH-010 exact capture authority; physical pins: 1=3V3_DIGITAL;2=GND; Verify rail transient and DC bias in Review A,22 uF 10 V X5R,ELECTRICAL_COMPONENT,FITTED,-55..85,CONTROLLED_PENDING_VERIFICATION
MAIN-010-C20,PCB-MAIN,C20,Capacitor,PCB-MAIN 1V8 entry bulk,Murata,GRM188R61A106KE69D,0603,1,4,0,4,10,0,10,20,0,20,NONE,COMMON,SELECTED_PENDING_REVIEW_A,Authorized or traceable tier-1 channel,Marking MPN package orientation electrical functional sample,MAIN-AUTH-010 exact capture authority; physical pins: 1=1V8_MIC;2=GND; Verify microphone burst and wake current,10 uF 10 V X5R,ELECTRICAL_COMPONENT,FITTED,-55..85,CONTROLLED_PENDING_VERIFICATION
MAIN-010-C21,PCB-MAIN,C21,Capacitor,U2 VCC pin 2 high frequency bypass,Murata,GRM155R71E104KE14D,0402,1,4,0,4,10,0,10,20,0,20,NONE,COMMON,SELECTED_PENDING_REVIEW_A,Authorized or traceable tier-1 channel,Marking MPN package orientation electrical functional sample,MAIN-AUTH-010 exact capture authority; physical pins: 1=3V3_DIGITAL;2=GND; Place at U2 pin 2,100 nF 25 V X7R,ELECTRICAL_COMPONENT,FITTED,-55..125,CONTROLLED_PENDING_VERIFICATION
MAIN-010-C22,PCB-MAIN,C22,Capacitor,U2 VCC pin 2 local bulk,Murata,GRM155R61C105KA12D,0402,1,4,0,4,10,0,10,20,0,20,NONE,COMMON,SELECTED_PENDING_REVIEW_A,Authorized or traceable tier-1 channel,Marking MPN package orientation electrical functional sample,MAIN-AUTH-010 exact capture authority; physical pins: 1=3V3_DIGITAL;2=GND; Place at U2 pin 2,1 uF 16 V X5R,ELECTRICAL_COMPONENT,FITTED,-55..85,CONTROLLED_PENDING_VERIFICATION
MAIN-010-C23,PCB-MAIN,C23,Capacitor,U3 VDD pin 9 high frequency bypass,Murata,GRM155R71E104KE14D,0402,1,4,0,4,10,0,10,20,0,20,NONE,COMMON,SELECTED_PENDING_REVIEW_A,Authorized or traceable tier-1 channel,Marking MPN package orientation electrical functional sample,MAIN-AUTH-010 exact capture authority; physical pins: 1=3V3_DIGITAL;2=GND; Place at U3 pin 9,100 nF 25 V X7R,ELECTRICAL_COMPONENT,FITTED,-55..125,CONTROLLED_PENDING_VERIFICATION
MAIN-010-C24,PCB-MAIN,C24,Capacitor,U3 VDD pin 9 local bulk,Murata,GRM188R61A106KE69D,0603,1,4,0,4,10,0,10,20,0,20,NONE,COMMON,SELECTED_PENDING_REVIEW_A,Authorized or traceable tier-1 channel,Marking MPN package orientation electrical functional sample,MAIN-AUTH-010 exact capture authority; physical pins: 1=3V3_DIGITAL;2=GND; Verify motion sensor rail transient,10 uF 10 V X5R,ELECTRICAL_COMPONENT,FITTED,-55..85,CONTROLLED_PENDING_VERIFICATION
MAIN-010-C25,PCB-MAIN,C25,Capacitor,U3 VDD_IO pin 10 bypass,Murata,GRM155R71E104KE14D,0402,1,4,0,4,10,0,10,20,0,20,NONE,COMMON,SELECTED_PENDING_REVIEW_A,Authorized or traceable tier-1 channel,Marking MPN package orientation electrical functional sample,MAIN-AUTH-010 exact capture authority; physical pins: 1=3V3_DIGITAL;2=GND; Place at U3 pin 10,100 nF 25 V X7R,ELECTRICAL_COMPONENT,FITTED,-55..125,CONTROLLED_PENDING_VERIFICATION
MAIN-010-C26,PCB-MAIN,C26,Capacitor,U4 VDD pin 3 bypass,Murata,GRM155R71E104KE14D,0402,1,4,0,4,10,0,10,20,0,20,NONE,COMMON,SELECTED_PENDING_REVIEW_A,Authorized or traceable tier-1 channel,Marking MPN package orientation electrical functional sample,MAIN-AUTH-010 exact capture authority; physical pins: 1=3V3_DIGITAL;2=GND; Keep away from thermal gradients,100 nF 25 V X7R,ELECTRICAL_COMPONENT,FITTED,-55..125,CONTROLLED_PENDING_VERIFICATION
MAIN-010-C27,PCB-MAIN,C27,Capacitor,U7 VCCA pin 1 bypass,Murata,GRM155R71E104KE14D,0402,1,4,0,4,10,0,10,20,0,20,NONE,COMMON,SELECTED_PENDING_REVIEW_A,Authorized or traceable tier-1 channel,Marking MPN package orientation electrical functional sample,MAIN-AUTH-010 exact capture authority; physical pins: 1=1V8_MIC;2=GND; Place at U7 pin 1,100 nF 25 V X7R,ELECTRICAL_COMPONENT,FITTED,-55..125,CONTROLLED_PENDING_VERIFICATION
MAIN-010-C28,PCB-MAIN,C28,Capacitor,U7 VCCB pin 23 bypass,Murata,GRM155R71E104KE14D,0402,1,4,0,4,10,0,10,20,0,20,NONE,COMMON,SELECTED_PENDING_REVIEW_A,Authorized or traceable tier-1 channel,Marking MPN package orientation electrical functional sample,MAIN-AUTH-010 exact capture authority; physical pins: 1=3V3_DIGITAL;2=GND; Place at U7 pin 23,100 nF 25 V X7R,ELECTRICAL_COMPONENT,FITTED,-55..125,CONTROLLED_PENDING_VERIFICATION
MAIN-010-C29,PCB-MAIN,C29,Capacitor,U7 VCCB pin 24 bypass,Murata,GRM155R71E104KE14D,0402,1,4,0,4,10,0,10,20,0,20,NONE,COMMON,SELECTED_PENDING_REVIEW_A,Authorized or traceable tier-1 channel,Marking MPN package orientation electrical functional sample,MAIN-AUTH-010 exact capture authority; physical pins: 1=3V3_DIGITAL;2=GND; Place at U7 pin 24,100 nF 25 V X7R,ELECTRICAL_COMPONENT,FITTED,-55..125,CONTROLLED_PENDING_VERIFICATION
MAIN-010-C30,PCB-MAIN,C30,Capacitor,U17 VCC pin 14 bypass,Murata,GRM155R71E104KE14D,0402,1,4,0,4,10,0,10,20,0,20,NONE,COMMON,SELECTED_PENDING_REVIEW_A,Authorized or traceable tier-1 channel,Marking MPN package orientation electrical functional sample,MAIN-AUTH-010 exact capture authority; physical pins: 1=1V8_MIC;2=GND; Place at U17 pin 14,100 nF 25 V X7R,ELECTRICAL_COMPONENT,FITTED,-55..125,CONTROLLED_PENDING_VERIFICATION
MAIN-010-C31,PCB-MAIN,C31,Capacitor,U18 VCCA pin 1 bypass,Murata,GRM155R71E104KE14D,0402,1,4,0,4,10,0,10,20,0,20,NONE,COMMON,SELECTED_PENDING_REVIEW_A,Authorized or traceable tier-1 channel,Marking MPN package orientation electrical functional sample,MAIN-AUTH-010 exact capture authority; physical pins: 1=1V8_MIC;2=GND; Place at U18 pin 1,100 nF 25 V X7R,ELECTRICAL_COMPONENT,FITTED,-55..125,CONTROLLED_PENDING_VERIFICATION
MAIN-010-C32,PCB-MAIN,C32,Capacitor,U18 VCCB pin 6 bypass,Murata,GRM155R71E104KE14D,0402,1,4,0,4,10,0,10,20,0,20,NONE,COMMON,SELECTED_PENDING_REVIEW_A,Authorized or traceable tier-1 channel,Marking MPN package orientation electrical functional sample,MAIN-AUTH-010 exact capture authority; physical pins: 1=3V3_DIGITAL;2=GND; Place at U18 pin 6,100 nF 25 V X7R,ELECTRICAL_COMPONENT,FITTED,-55..125,CONTROLLED_PENDING_VERIFICATION
MAIN-010-C33,PCB-MAIN,C33,Capacitor,U16 VCCA pin 1 bypass,Murata,GRM155R71E104KE14D,0402,1,4,0,4,10,0,10,20,0,20,NONE,COMMON,SELECTED_PENDING_REVIEW_A,Authorized or traceable tier-1 channel,Marking MPN package orientation electrical functional sample,MAIN-AUTH-010 exact capture authority; physical pins: 1=U8_VDD_EXT_1V8;2=GND_MODEM; Place at U16 pin 1,100 nF 25 V X7R,ELECTRICAL_COMPONENT,FITTED,-55..125,CONTROLLED_PENDING_VERIFICATION
MAIN-010-C34,PCB-MAIN,C34,Capacitor,U16 VCCB pin 23 bypass,Murata,GRM155R71E104KE14D,0402,1,4,0,4,10,0,10,20,0,20,NONE,COMMON,SELECTED_PENDING_REVIEW_A,Authorized or traceable tier-1 channel,Marking MPN package orientation electrical functional sample,MAIN-AUTH-010 exact capture authority; physical pins: 1=3V3_DIGITAL;2=GND_MODEM; Place at U16 pin 23,100 nF 25 V X7R,ELECTRICAL_COMPONENT,FITTED,-55..125,CONTROLLED_PENDING_VERIFICATION
MAIN-010-C35,PCB-MAIN,C35,Capacitor,U16 VCCB pin 24 bypass,Murata,GRM155R71E104KE14D,0402,1,4,0,4,10,0,10,20,0,20,NONE,COMMON,SELECTED_PENDING_REVIEW_A,Authorized or traceable tier-1 channel,Marking MPN package orientation electrical functional sample,MAIN-AUTH-010 exact capture authority; physical pins: 1=3V3_DIGITAL;2=GND_MODEM; Place at U16 pin 24,100 nF 25 V X7R,ELECTRICAL_COMPONENT,FITTED,-55..125,CONTROLLED_PENDING_VERIFICATION
MAIN-010-C36,PCB-MAIN,C36,Capacitor,U8 VBAT_BB local burst bulk,KEMET,T520D107M006ATE015,7343-31,1,4,0,4,10,0,10,20,0,20,NONE,COMMON,SELECTED_PENDING_REVIEW_A,Authorized or traceable tier-1 channel,Marking MPN package orientation electrical functional sample,MAIN-AUTH-010 exact capture authority; physical pins: 1=3V8_MODEM_BB;2=GND_MODEM; Verify voltage droop and ripple current,100 uF 6.3 V 15 mOhm polymer,ELECTRICAL_COMPONENT,FITTED,-55..105,CONTROLLED_PENDING_VERIFICATION
MAIN-010-C37,PCB-MAIN,C37,Capacitor,U8 VBAT_BB broadband bypass,Murata,GRM155R71E224KE14D,0402,1,4,0,4,10,0,10,20,0,20,NONE,COMMON,SELECTED_PENDING_REVIEW_A,Authorized or traceable tier-1 channel,Marking MPN package orientation electrical functional sample,MAIN-AUTH-010 exact capture authority; physical pins: 1=3V8_MODEM_BB;2=GND_MODEM; Place in Quectel value sequence,220 nF 25 V X7R,ELECTRICAL_COMPONENT,FITTED,-55..125,CONTROLLED_PENDING_VERIFICATION
MAIN-010-C38,PCB-MAIN,C38,Capacitor,U8 VBAT_BB broadband bypass,Murata,GRM155R71E473KA01D,0402,1,4,0,4,10,0,10,20,0,20,NONE,COMMON,SELECTED_PENDING_REVIEW_A,Authorized or traceable tier-1 channel,Marking MPN package orientation electrical functional sample,MAIN-AUTH-010 exact capture authority; physical pins: 1=3V8_MODEM_BB;2=GND_MODEM; Place in Quectel value sequence,47 nF 25 V X7R,ELECTRICAL_COMPONENT,FITTED,-55..125,CONTROLLED_PENDING_VERIFICATION
MAIN-010-C39,PCB-MAIN,C39,Capacitor,U8 VBAT_BB RF bypass,Murata,GRM1555C1H151JA01D,0402,1,4,0,4,10,0,10,20,0,20,NONE,COMMON,SELECTED_PENDING_REVIEW_A,Authorized or traceable tier-1 channel,Marking MPN package orientation electrical functional sample,MAIN-AUTH-010 exact capture authority; physical pins: 1=3V8_MODEM_BB;2=GND_MODEM; Place in Quectel value sequence,150 pF 50 V C0G,ELECTRICAL_COMPONENT,FITTED,-55..125,CONTROLLED_PENDING_VERIFICATION
MAIN-010-C40,PCB-MAIN,C40,Capacitor,U8 VBAT_BB RF bypass,Murata,GRM1555C1H101JA01D,0402,1,4,0,4,10,0,10,20,0,20,NONE,COMMON,SELECTED_PENDING_REVIEW_A,Authorized or traceable tier-1 channel,Marking MPN package orientation electrical functional sample,MAIN-AUTH-010 exact capture authority; physical pins: 1=3V8_MODEM_BB;2=GND_MODEM; Place in Quectel value sequence,100 pF 50 V C0G,ELECTRICAL_COMPONENT,FITTED,-55..125,CONTROLLED_PENDING_VERIFICATION
MAIN-010-C41,PCB-MAIN,C41,Capacitor,U8 VBAT_BB RF bypass,Murata,GRM1555C1H680JA01D,0402,1,4,0,4,10,0,10,20,0,20,NONE,COMMON,SELECTED_PENDING_REVIEW_A,Authorized or traceable tier-1 channel,Marking MPN package orientation electrical functional sample,MAIN-AUTH-010 exact capture authority; physical pins: 1=3V8_MODEM_BB;2=GND_MODEM; Place in Quectel value sequence,68 pF 50 V C0G,ELECTRICAL_COMPONENT,FITTED,-55..125,CONTROLLED_PENDING_VERIFICATION
MAIN-010-C42,PCB-MAIN,C42,Capacitor,U8 VBAT_BB RF bypass,Murata,GRM1555C1H330JA01D,0402,1,4,0,4,10,0,10,20,0,20,NONE,COMMON,SELECTED_PENDING_REVIEW_A,Authorized or traceable tier-1 channel,Marking MPN package orientation electrical functional sample,MAIN-AUTH-010 exact capture authority; physical pins: 1=3V8_MODEM_BB;2=GND_MODEM; Place in Quectel value sequence,33 pF 50 V C0G,ELECTRICAL_COMPONENT,FITTED,-55..125,CONTROLLED_PENDING_VERIFICATION
MAIN-010-C43,PCB-MAIN,C43,Capacitor,U8 VBAT_BB RF bypass,Murata,GRM1555C1H100JA01D,0402,1,4,0,4,10,0,10,20,0,20,NONE,COMMON,SELECTED_PENDING_REVIEW_A,Authorized or traceable tier-1 channel,Marking MPN package orientation electrical functional sample,MAIN-AUTH-010 exact capture authority; physical pins: 1=3V8_MODEM_BB;2=GND_MODEM; Place in Quectel value sequence,10 pF 50 V C0G,ELECTRICAL_COMPONENT,FITTED,-55..125,CONTROLLED_PENDING_VERIFICATION
MAIN-010-C44,PCB-MAIN,C44,Capacitor,U8 VBAT_RF local burst bulk,KEMET,T520D107M006ATE015,7343-31,1,4,0,4,10,0,10,20,0,20,NONE,COMMON,SELECTED_PENDING_REVIEW_A,Authorized or traceable tier-1 channel,Marking MPN package orientation electrical functional sample,MAIN-AUTH-010 exact capture authority; physical pins: 1=3V8_MODEM_RF;2=GND_MODEM; Verify voltage droop and ripple current,100 uF 6.3 V 15 mOhm polymer,ELECTRICAL_COMPONENT,FITTED,-55..105,CONTROLLED_PENDING_VERIFICATION
MAIN-010-C45,PCB-MAIN,C45,Capacitor,U8 VBAT_RF broadband bypass,Murata,GRM155R71E104KE14D,0402,1,4,0,4,10,0,10,20,0,20,NONE,COMMON,SELECTED_PENDING_REVIEW_A,Authorized or traceable tier-1 channel,Marking MPN package orientation electrical functional sample,MAIN-AUTH-010 exact capture authority; physical pins: 1=3V8_MODEM_RF;2=GND_MODEM; Place at RF VBAT pads,100 nF 25 V X7R,ELECTRICAL_COMPONENT,FITTED,-55..125,CONTROLLED_PENDING_VERIFICATION
MAIN-010-C46,PCB-MAIN,C46,Capacitor,U8 VBAT_RF RF bypass,Murata,GRM1555C1H330JA01D,0402,1,4,0,4,10,0,10,20,0,20,NONE,COMMON,SELECTED_PENDING_REVIEW_A,Authorized or traceable tier-1 channel,Marking MPN package orientation electrical functional sample,MAIN-AUTH-010 exact capture authority; physical pins: 1=3V8_MODEM_RF;2=GND_MODEM; Place at RF VBAT pads,33 pF 50 V C0G,ELECTRICAL_COMPONENT,FITTED,-55..125,CONTROLLED_PENDING_VERIFICATION
MAIN-010-C47,PCB-MAIN,C47,Capacitor,U8 VBAT_RF RF bypass,Murata,GRM1555C1H100JA01D,0402,1,4,0,4,10,0,10,20,0,20,NONE,COMMON,SELECTED_PENDING_REVIEW_A,Authorized or traceable tier-1 channel,Marking MPN package orientation electrical functional sample,MAIN-AUTH-010 exact capture authority; physical pins: 1=3V8_MODEM_RF;2=GND_MODEM; Place at RF VBAT pads,10 pF 50 V C0G,ELECTRICAL_COMPONENT,FITTED,-55..125,CONTROLLED_PENDING_VERIFICATION
MAIN-010-C48,PCB-MAIN,C48,Capacitor,Q1 collector and U8 PWRKEY pulse filter,Murata,GRM155R71E103KA01D,0402,1,4,0,4,10,0,10,20,0,20,NONE,COMMON,SELECTED_PENDING_REVIEW_A,Authorized or traceable tier-1 channel,Marking MPN package orientation electrical functional sample,MAIN-AUTH-010 exact capture authority; physical pins: 1=U8_PWRKEY_N;2=GND_MODEM; No corresponding large capacitor on RESET_N,10 nF 25 V X7R,ELECTRICAL_COMPONENT,FITTED,-55..125,CONTROLLED_PENDING_VERIFICATION
MAIN-010-C49,PCB-MAIN,C49,Capacitor,U13 VCC pin 8 bypass,Murata,GRM155R71E104KE14D,0402,1,4,0,4,10,0,10,20,0,20,NONE,COMMON,SELECTED_PENDING_REVIEW_A,Authorized or traceable tier-1 channel,Marking MPN package orientation electrical functional sample,MAIN-AUTH-010 exact capture authority; physical pins: 1=3V3_DIGITAL;2=GND_MODEM; Place at U13 pin 8,100 nF 25 V X7R,ELECTRICAL_COMPONENT,FITTED,-55..125,CONTROLLED_PENDING_VERIFICATION
MAIN-010-C50,PCB-MAIN,C50,Capacitor,J6 local selected SIM supply bypass,Murata,GRM155R71E104KE14D,0402,1,4,0,4,10,0,10,20,0,20,NONE,COMMON,SELECTED_PENDING_REVIEW_A,Authorized or traceable tier-1 channel,Marking MPN package orientation electrical functional sample,MAIN-AUTH-010 exact capture authority; physical pins: 1=SIM1_VDD_CONN;2=GND_MODEM; Place connector side of series path,100 nF 25 V X7R,ELECTRICAL_COMPONENT,FITTED,-55..125,CONTROLLED_PENDING_VERIFICATION
MAIN-010-C51,PCB-MAIN,C51,Capacitor,J7 local selected SIM supply bypass,Murata,GRM155R71E104KE14D,0402,1,4,0,4,10,0,10,20,0,20,NONE,COMMON,SELECTED_PENDING_REVIEW_A,Authorized or traceable tier-1 channel,Marking MPN package orientation electrical functional sample,MAIN-AUTH-010 exact capture authority; physical pins: 1=SIM2_VDD_CONN;2=GND_MODEM; Place connector side of series path,100 nF 25 V X7R,ELECTRICAL_COMPONENT,FITTED,-55..125,CONTROLLED_PENDING_VERIFICATION
MAIN-010-C52,PCB-MAIN,C52,Capacitor,J6 card detect hardware debounce,Murata,GRM155R71E103KA01D,0402,1,4,0,4,10,0,10,20,0,20,NONE,COMMON,SELECTED_PENDING_REVIEW_A,Authorized or traceable tier-1 channel,Marking MPN package orientation electrical functional sample,MAIN-AUTH-010 exact capture authority; physical pins: 1=SIM1_DET;2=GND_MODEM; Firmware debounce remains at least 20 ms,10 nF 25 V X7R,ELECTRICAL_COMPONENT,FITTED,-55..125,CONTROLLED_PENDING_VERIFICATION
MAIN-010-C53,PCB-MAIN,C53,Capacitor,J7 card detect hardware debounce,Murata,GRM155R71E103KA01D,0402,1,4,0,4,10,0,10,20,0,20,NONE,COMMON,SELECTED_PENDING_REVIEW_A,Authorized or traceable tier-1 channel,Marking MPN package orientation electrical functional sample,MAIN-AUTH-010 exact capture authority; physical pins: 1=SIM2_DET;2=GND_MODEM; Firmware debounce remains at least 20 ms,10 nF 25 V X7R,ELECTRICAL_COMPONENT,FITTED,-55..125,CONTROLLED_PENDING_VERIFICATION
MAIN-010-C54,PCB-MAIN,C54,Capacitor,J6 reset shunt tuning position,Murata,GRM1555C1H330JA01D,0402,0,0,0,0,0,0,0,0,0,0,NONE,COMMON,CONTROLLED_DNP,Authorized or traceable tier-1 channel,Marking MPN package orientation electrical functional sample,MAIN-AUTH-010 exact capture authority; physical pins: 1=SIM1_RST_CONN;2=GND_MODEM; Populate only from signed SIM edge evidence,33 pF 50 V C0G,ELECTRICAL_COMPONENT,DNP,-55..125,CONTROLLED_DNP
MAIN-010-C55,PCB-MAIN,C55,Capacitor,J6 clock shunt tuning position,Murata,GRM1555C1H330JA01D,0402,0,0,0,0,0,0,0,0,0,0,NONE,COMMON,CONTROLLED_DNP,Authorized or traceable tier-1 channel,Marking MPN package orientation electrical functional sample,MAIN-AUTH-010 exact capture authority; physical pins: 1=SIM1_CLK_CONN;2=GND_MODEM; Populate only from signed SIM edge evidence,33 pF 50 V C0G,ELECTRICAL_COMPONENT,DNP,-55..125,CONTROLLED_DNP
MAIN-010-C56,PCB-MAIN,C56,Capacitor,J6 data shunt tuning position,Murata,GRM1555C1H330JA01D,0402,0,0,0,0,0,0,0,0,0,0,NONE,COMMON,CONTROLLED_DNP,Authorized or traceable tier-1 channel,Marking MPN package orientation electrical functional sample,MAIN-AUTH-010 exact capture authority; physical pins: 1=SIM1_DATA_CONN;2=GND_MODEM; Populate only from signed SIM edge evidence,33 pF 50 V C0G,ELECTRICAL_COMPONENT,DNP,-55..125,CONTROLLED_DNP
MAIN-010-C57,PCB-MAIN,C57,Capacitor,J7 reset shunt tuning position,Murata,GRM1555C1H330JA01D,0402,0,0,0,0,0,0,0,0,0,0,NONE,COMMON,CONTROLLED_DNP,Authorized or traceable tier-1 channel,Marking MPN package orientation electrical functional sample,MAIN-AUTH-010 exact capture authority; physical pins: 1=SIM2_RST_CONN;2=GND_MODEM; Populate only from signed SIM edge evidence,33 pF 50 V C0G,ELECTRICAL_COMPONENT,DNP,-55..125,CONTROLLED_DNP
MAIN-010-C58,PCB-MAIN,C58,Capacitor,J7 clock shunt tuning position,Murata,GRM1555C1H330JA01D,0402,0,0,0,0,0,0,0,0,0,0,NONE,COMMON,CONTROLLED_DNP,Authorized or traceable tier-1 channel,Marking MPN package orientation electrical functional sample,MAIN-AUTH-010 exact capture authority; physical pins: 1=SIM2_CLK_CONN;2=GND_MODEM; Populate only from signed SIM edge evidence,33 pF 50 V C0G,ELECTRICAL_COMPONENT,DNP,-55..125,CONTROLLED_DNP
MAIN-010-C59,PCB-MAIN,C59,Capacitor,J7 data shunt tuning position,Murata,GRM1555C1H330JA01D,0402,0,0,0,0,0,0,0,0,0,0,NONE,COMMON,CONTROLLED_DNP,Authorized or traceable tier-1 channel,Marking MPN package orientation electrical functional sample,MAIN-AUTH-010 exact capture authority; physical pins: 1=SIM2_DATA_CONN;2=GND_MODEM; Populate only from signed SIM edge evidence,33 pF 50 V C0G,ELECTRICAL_COMPONENT,DNP,-55..125,CONTROLLED_DNP
MAIN-010-C60,PCB-MAIN,C60,Capacitor,U9 VCC pin 8 bypass,Murata,GRM155R71E104KE14D,0402,1,4,0,4,10,0,10,20,0,20,NONE,COMMON,SELECTED_PENDING_REVIEW_A,Authorized or traceable tier-1 channel,Marking MPN package orientation electrical functional sample,MAIN-AUTH-010 exact capture authority; physical pins: 1=3V3_DIGITAL;2=GND; Place at U9 pin 8,100 nF 25 V X7R,ELECTRICAL_COMPONENT,FITTED,-55..125,CONTROLLED_PENDING_VERIFICATION
MAIN-010-C61,PCB-MAIN,C61,Capacitor,U9 VCC pin 8 local bulk,Murata,GRM188R61A106KE69D,0603,1,4,0,4,10,0,10,20,0,20,NONE,COMMON,SELECTED_PENDING_REVIEW_A,Authorized or traceable tier-1 channel,Marking MPN package orientation electrical functional sample,MAIN-AUTH-010 exact capture authority; physical pins: 1=3V3_DIGITAL;2=GND; Total feed resistance must remain at most 0.2 Ohm,10 uF 10 V X5R,ELECTRICAL_COMPONENT,FITTED,-55..85,CONTROLLED_PENDING_VERIFICATION
MAIN-010-C62,PCB-MAIN,C62,Capacitor,U9 V_IO pin 7 bypass,Murata,GRM155R71E104KE14D,0402,1,4,0,4,10,0,10,20,0,20,NONE,COMMON,SELECTED_PENDING_REVIEW_A,Authorized or traceable tier-1 channel,Marking MPN package orientation electrical functional sample,MAIN-AUTH-010 exact capture authority; physical pins: 1=3V3_DIGITAL;2=GND; Place at U9 pin 7,100 nF 25 V X7R,ELECTRICAL_COMPONENT,FITTED,-55..125,CONTROLLED_PENDING_VERIFICATION
MAIN-010-C63,PCB-MAIN,C63,Capacitor,Figure 38 antenna current sense filter C14,Murata,GRM155R71C103KA01D,0402,1,4,0,4,10,0,10,20,0,20,NONE,COMMON,SELECTED_PENDING_REVIEW_A,Authorized or traceable tier-1 channel,Marking MPN package orientation electrical functional sample,MAIN-AUTH-010 exact capture authority; physical pins: 1=GNSS_ANT_SHORT_N;2=GND; Keep at R62 and L2 junction,10 nF 16 V X7R,ELECTRICAL_COMPONENT,FITTED,-55..125,CONTROLLED_PENDING_VERIFICATION
MAIN-010-C64,PCB-MAIN,C64,Capacitor,Figure 38 external RF DC block C18,Murata,GRM1555C1E470JA01D,0402,1,4,0,4,10,0,10,20,0,20,NONE,COMMON,SELECTED_PENDING_REVIEW_A,Authorized or traceable tier-1 channel,Marking MPN package orientation electrical functional sample,MAIN-AUTH-010 exact capture authority; physical pins: 1=GNSS_RF_ANT_BIASED;2=GNSS_RF_DC_BLOCK; Series before FL1 input C,47 pF 25 V C0G,ELECTRICAL_COMPONENT,FITTED,-55..125,CONTROLLED_PENDING_VERIFICATION
MAIN-010-C65,PCB-MAIN,C65,Capacitor,U5 local supply bypass,Murata,GRM155R71E104KE14D,0402,1,4,0,4,10,0,10,20,0,20,NONE,COMMON,SELECTED_PENDING_REVIEW_A,Authorized or traceable tier-1 channel,Marking MPN package orientation electrical functional sample,MAIN-AUTH-010 exact capture authority; physical pins: 1=GNSS_ANT_BIAS_RAW;2=GND; Place at U5 pin 4,100 nF 25 V X7R,ELECTRICAL_COMPONENT,FITTED,-55..125,CONTROLLED_PENDING_VERIFICATION
MAIN-010-C66,PCB-MAIN,C66,Capacitor,U10 VCC pin 9 bypass,Murata,GRM155R71E104KE14D,0402,1,4,0,4,10,0,10,20,0,20,NONE,COMMON,SELECTED_PENDING_REVIEW_A,Authorized or traceable tier-1 channel,Marking MPN package orientation electrical functional sample,MAIN-AUTH-010 exact capture authority; physical pins: 1=3V3_DIGITAL;2=GND; Place at U10 pin 9,100 nF 25 V X7R,ELECTRICAL_COMPONENT,FITTED,-55..125,CONTROLLED_PENDING_VERIFICATION
MAIN-010-C67,PCB-MAIN,C67,Capacitor,U10 VCC pin 9 local bulk,Murata,GRM188R61A106KE69D,0603,1,4,0,4,10,0,10,20,0,20,NONE,COMMON,SELECTED_PENDING_REVIEW_A,Authorized or traceable tier-1 channel,Marking MPN package orientation electrical functional sample,MAIN-AUTH-010 exact capture authority; physical pins: 1=3V3_DIGITAL;2=GND; Verify transmit burst droop,10 uF 10 V X5R,ELECTRICAL_COMPONENT,FITTED,-55..85,CONTROLLED_PENDING_VERIFICATION
MAIN-010-C68,PCB-MAIN,C68,Capacitor,U10 reset RC capacitor,Murata,GRM155R71E104KE14D,0402,1,4,0,4,10,0,10,20,0,20,NONE,COMMON,SELECTED_PENDING_REVIEW_A,Authorized or traceable tier-1 channel,Marking MPN package orientation electrical functional sample,MAIN-AUTH-010 exact capture authority; physical pins: 1=LORA_RESET_N;2=GND; Place at U10 pin 15,100 nF 25 V X7R,ELECTRICAL_COMPONENT,FITTED,-55..125,CONTROLLED_PENDING_VERIFICATION
MAIN-010-C69,PCB-MAIN,C69,Capacitor,LoRa pi network module-side shunt,Murata,GRM1555C1H100JA01D,0402,0,0,0,0,0,0,0,0,0,0,NONE,COMMON,CONTROLLED_DNP,Authorized or traceable tier-1 channel,Marking MPN package orientation electrical functional sample,MAIN-AUTH-010 exact capture authority; physical pins: 1=LORA_RF_MODULE;2=GND; Populate only from signed VNA evidence,10 pF 50 V C0G,ELECTRICAL_COMPONENT,DNP,-55..125,CONTROLLED_DNP
MAIN-010-C70,PCB-MAIN,C70,Capacitor,LoRa pi network connector-side shunt,Murata,GRM1555C1H100JA01D,0402,0,0,0,0,0,0,0,0,0,0,NONE,COMMON,CONTROLLED_DNP,Authorized or traceable tier-1 channel,Marking MPN package orientation electrical functional sample,MAIN-AUTH-010 exact capture authority; physical pins: 1=LORA_RF_ANT;2=GND; Populate only from signed VNA evidence,10 pF 50 V C0G,ELECTRICAL_COMPONENT,DNP,-55..125,CONTROLLED_DNP
MAIN-010-C71,PCB-MAIN,C71,Capacitor,U11 VDD pin 28 bypass,Murata,GRM155R71E104KE14D,0402,1,4,0,4,10,0,10,20,0,20,NONE,COMMON,SELECTED_PENDING_REVIEW_A,Authorized or traceable tier-1 channel,Marking MPN package orientation electrical functional sample,MAIN-AUTH-010 exact capture authority; physical pins: 1=3V3_DIGITAL;2=GND; Place at U11 pin 28,100 nF 25 V X7R,ELECTRICAL_COMPONENT,FITTED,-55..125,CONTROLLED_PENDING_VERIFICATION
MAIN-010-C72,PCB-MAIN,C72,Capacitor,U11 VDD and VDDH local bulk,Murata,GRM188R61A106KE69D,0603,1,4,0,4,10,0,10,20,0,20,NONE,COMMON,SELECTED_PENDING_REVIEW_A,Authorized or traceable tier-1 channel,Marking MPN package orientation electrical functional sample,MAIN-AUTH-010 exact capture authority; physical pins: 1=3V3_DIGITAL;2=GND; Normal-voltage mode with VDD and VDDH joined,10 uF 10 V X5R,ELECTRICAL_COMPONENT,FITTED,-55..85,CONTROLLED_PENDING_VERIFICATION
MAIN-010-C73,PCB-MAIN,C73,Capacitor,U6 local supply bypass,Murata,GRM155R71E104KE14D,0402,1,4,0,4,10,0,10,20,0,20,NONE,COMMON,SELECTED_PENDING_REVIEW_A,Authorized or traceable tier-1 channel,Marking MPN package orientation electrical functional sample,MAIN-AUTH-010 exact capture authority; physical pins: 1=3V3_DIGITAL;2=GND; Place at U6 pin 5,100 nF 25 V X7R,ELECTRICAL_COMPONENT,FITTED,-55..125,CONTROLLED_PENDING_VERIFICATION
MAIN-010-C74,PCB-MAIN,C74,Capacitor,J12 microSD local bypass,Murata,GRM155R71E104KE14D,0402,1,4,0,4,10,0,10,20,0,20,NONE,COMMON,SELECTED_PENDING_REVIEW_A,Authorized or traceable tier-1 channel,Marking MPN package orientation electrical functional sample,MAIN-AUTH-010 exact capture authority; physical pins: 1=3V3_DIGITAL;2=GND; J12 VDD connector-side,100 nF 25 V X7R,ELECTRICAL_COMPONENT,FITTED,-55..125,CONTROLLED_PENDING_VERIFICATION
MAIN-010-C75,PCB-MAIN,C75,Capacitor,J12 microSD local bulk,Murata,GRM188R61A106KE69D,0603,1,4,0,4,10,0,10,20,0,20,NONE,COMMON,SELECTED_PENDING_REVIEW_A,Authorized or traceable tier-1 channel,Marking MPN package orientation electrical functional sample,MAIN-AUTH-010 exact capture authority; physical pins: 1=3V3_DIGITAL;2=GND; Verify insertion transient,10 uF 10 V X5R,ELECTRICAL_COMPONENT,FITTED,-55..85,CONTROLLED_PENDING_VERIFICATION
MAIN-010-C76,PCB-MAIN,C76,Capacitor,J12 card detect hardware debounce,Murata,GRM155R71E103KA01D,0402,1,4,0,4,10,0,10,20,0,20,NONE,COMMON,SELECTED_PENDING_REVIEW_A,Authorized or traceable tier-1 channel,Marking MPN package orientation electrical functional sample,MAIN-AUTH-010 exact capture authority; physical pins: 1=SD_DET;2=GND; Firmware debounce remains mandatory,10 nF 25 V X7R,ELECTRICAL_COMPONENT,FITTED,-55..125,CONTROLLED_PENDING_VERIFICATION
MAIN-010-C77,PCB-MAIN,C77,Capacitor,Controlled USB shield AC bond,Murata,GRM155R72A472KA01D,0402,1,4,0,4,10,0,10,20,0,20,NONE,COMMON,SELECTED_PENDING_REVIEW_A,Authorized or traceable tier-1 channel,Marking MPN package orientation electrical functional sample,MAIN-AUTH-010 exact capture authority; physical pins: 1=USB_SHIELD;2=GND; Parallel with R97 and optional R98,4.7 nF 100 V X7R,ELECTRICAL_COMPONENT,FITTED,-55..125,CONTROLLED_PENDING_VERIFICATION
MAIN-010-C78,PCB-MAIN,C78,Capacitor,Tamper input hardware debounce after R100,Murata,GRM155R71E103KA01D,0402,1,4,0,4,10,0,10,20,0,20,NONE,COMMON,SELECTED_PENDING_REVIEW_A,Authorized or traceable tier-1 channel,Marking MPN package orientation electrical functional sample,MAIN-AUTH-010 exact capture authority; physical pins: 1=TAMPER_IN_U1;2=GND; Firmware debounce and open-circuit alarm remain mandatory,10 nF 25 V X7R,ELECTRICAL_COMPONENT,FITTED,-55..125,CONTROLLED_PENDING_VERIFICATION
MAIN-010-C79,PCB-MAIN,C79,Capacitor,Cellular pi network module-side shunt,Murata,GRM1555C1H100JA01D,0402,0,0,0,0,0,0,0,0,0,0,NONE,COMMON,CONTROLLED_DNP,Authorized or traceable tier-1 channel,Marking MPN package orientation electrical functional sample,MAIN-AUTH-010 exact capture authority; physical pins: 1=CELL_RF;2=GND_MODEM; Populate only from signed VNA evidence,10 pF 50 V C0G,ELECTRICAL_COMPONENT,DNP,-55..125,CONTROLLED_DNP
MAIN-010-C80,PCB-MAIN,C80,Capacitor,Cellular pi network connector-side shunt,Murata,GRM1555C1H100JA01D,0402,0,0,0,0,0,0,0,0,0,0,NONE,COMMON,CONTROLLED_DNP,Authorized or traceable tier-1 channel,Marking MPN package orientation electrical functional sample,MAIN-AUTH-010 exact capture authority; physical pins: 1=CELL_RF_ANT;2=GND_MODEM; Populate only from signed VNA evidence,10 pF 50 V C0G,ELECTRICAL_COMPONENT,DNP,-55..125,CONTROLLED_DNP
MAIN-010-R1,PCB-MAIN,R1,Resistor,U1 normal reset pull-up,Panasonic,ERJ-2RKF1002X,0402,1,4,0,4,10,0,10,20,0,20,NONE,COMMON,SELECTED_PENDING_REVIEW_A,Authorized or traceable tier-1 channel,Marking MPN package orientation electrical functional sample,MAIN-AUTH-010 exact capture authority; physical pins: 1=3V3_DIGITAL;2=NRST; Works with C18 and direct SWD fixture access,10 kOhm 1%,ELECTRICAL_COMPONENT,FITTED,-55..155,CONTROLLED_PENDING_VERIFICATION
MAIN-010-R2,PCB-MAIN,R2,Resistor,U1 BOOT0 normal-state pull-down,Panasonic,ERJ-2RKF1003X,0402,1,4,0,4,10,0,10,20,0,20,NONE,COMMON,SELECTED_PENDING_REVIEW_A,Authorized or traceable tier-1 channel,Marking MPN package orientation electrical functional sample,MAIN-AUTH-010 exact capture authority; physical pins: 1=BOOT0;2=GND; Fixture may drive only while reset is asserted,100 kOhm 1%,ELECTRICAL_COMPONENT,FITTED,-55..155,CONTROLLED_PENDING_VERIFICATION
MAIN-010-R3,PCB-MAIN,R3,Resistor,Rev.A strap bit zero fitted pull-down,Panasonic,ERJ-2RKF1003X,0402,1,4,0,4,10,0,10,20,0,20,NONE,COMMON,SELECTED_PENDING_REVIEW_A,Authorized or traceable tier-1 channel,Marking MPN package orientation electrical functional sample,MAIN-AUTH-010 exact capture authority; physical pins: 1=HW_REV0;2=GND; Rev.A encoding is binary 00,100 kOhm 1%,ELECTRICAL_COMPONENT,FITTED,-55..155,CONTROLLED_PENDING_VERIFICATION
MAIN-010-R4,PCB-MAIN,R4,Resistor,Revision bit zero alternate pull-up,Panasonic,ERJ-2RKF1003X,0402,0,0,0,0,0,0,0,0,0,0,NONE,COMMON,CONTROLLED_DNP,Authorized or traceable tier-1 channel,Marking MPN package orientation electrical functional sample,MAIN-AUTH-010 exact capture authority; physical pins: 1=3V3_DIGITAL;2=HW_REV0; Never populate together with R3,100 kOhm 1%,ELECTRICAL_COMPONENT,DNP,-55..155,CONTROLLED_DNP
MAIN-010-R5,PCB-MAIN,R5,Resistor,Rev.A strap bit one fitted pull-down,Panasonic,ERJ-2RKF1003X,0402,1,4,0,4,10,0,10,20,0,20,NONE,COMMON,SELECTED_PENDING_REVIEW_A,Authorized or traceable tier-1 channel,Marking MPN package orientation electrical functional sample,MAIN-AUTH-010 exact capture authority; physical pins: 1=HW_REV1;2=GND; Rev.A encoding is binary 00,100 kOhm 1%,ELECTRICAL_COMPONENT,FITTED,-55..155,CONTROLLED_PENDING_VERIFICATION
MAIN-010-R6,PCB-MAIN,R6,Resistor,Revision bit one alternate pull-up,Panasonic,ERJ-2RKF1003X,0402,0,0,0,0,0,0,0,0,0,0,NONE,COMMON,CONTROLLED_DNP,Authorized or traceable tier-1 channel,Marking MPN package orientation electrical functional sample,MAIN-AUTH-010 exact capture authority; physical pins: 1=3V3_DIGITAL;2=HW_REV1; Never populate together with R5,100 kOhm 1%,ELECTRICAL_COMPONENT,DNP,-55..155,CONTROLLED_DNP
MAIN-010-R7,PCB-MAIN,R7,Resistor,U2 chip-select safe-state pull-up,Panasonic,ERJ-2RKF1002X,0402,1,4,0,4,10,0,10,20,0,20,NONE,COMMON,SELECTED_PENDING_REVIEW_A,Authorized or traceable tier-1 channel,Marking MPN package orientation electrical functional sample,MAIN-AUTH-010 exact capture authority; physical pins: 1=3V3_DIGITAL;2=NOR_NCS_U2; Device remains deselected during MCU reset,10 kOhm 1%,ELECTRICAL_COMPONENT,FITTED,-55..155,CONTROLLED_PENDING_VERIFICATION
MAIN-010-R8,PCB-MAIN,R8,Resistor,OCTOSPI clock source damping at U1,Panasonic,ERJ-2RKF22R0X,0402,1,4,0,4,10,0,10,20,0,20,NONE,COMMON,SELECTED_PENDING_REVIEW_A,Authorized or traceable tier-1 channel,Marking MPN package orientation electrical functional sample,MAIN-AUTH-010 exact capture authority; physical pins: 1=NOR_CLK_U1;2=NOR_CLK_U2; Review A may change only from measured SI evidence,22 Ohm 1%,ELECTRICAL_COMPONENT,FITTED,-55..155,CONTROLLED_PENDING_VERIFICATION
MAIN-010-R9,PCB-MAIN,R9,Resistor,OCTOSPI IO0 series damping,Panasonic,ERJ-2RKF22R0X,0402,1,4,0,4,10,0,10,20,0,20,NONE,COMMON,SELECTED_PENDING_REVIEW_A,Authorized or traceable tier-1 channel,Marking MPN package orientation electrical functional sample,MAIN-AUTH-010 exact capture authority; physical pins: 1=NOR_IO0_U1;2=NOR_IO0_U2; Review A may change only from measured SI evidence,22 Ohm 1%,ELECTRICAL_COMPONENT,FITTED,-55..155,CONTROLLED_PENDING_VERIFICATION
MAIN-010-R10,PCB-MAIN,R10,Resistor,OCTOSPI IO1 series damping,Panasonic,ERJ-2RKF22R0X,0402,1,4,0,4,10,0,10,20,0,20,NONE,COMMON,SELECTED_PENDING_REVIEW_A,Authorized or traceable tier-1 channel,Marking MPN package orientation electrical functional sample,MAIN-AUTH-010 exact capture authority; physical pins: 1=NOR_IO1_U1;2=NOR_IO1_U2; Review A may change only from measured SI evidence,22 Ohm 1%,ELECTRICAL_COMPONENT,FITTED,-55..155,CONTROLLED_PENDING_VERIFICATION
MAIN-010-R11,PCB-MAIN,R11,Resistor,OCTOSPI IO2 series damping,Panasonic,ERJ-2RKF22R0X,0402,1,4,0,4,10,0,10,20,0,20,NONE,COMMON,SELECTED_PENDING_REVIEW_A,Authorized or traceable tier-1 channel,Marking MPN package orientation electrical functional sample,MAIN-AUTH-010 exact capture authority; physical pins: 1=NOR_IO2_U1;2=NOR_IO2_U2; Review A may change only from measured SI evidence,22 Ohm 1%,ELECTRICAL_COMPONENT,FITTED,-55..155,CONTROLLED_PENDING_VERIFICATION
MAIN-010-R12,PCB-MAIN,R12,Resistor,OCTOSPI IO3 series damping,Panasonic,ERJ-2RKF22R0X,0402,1,4,0,4,10,0,10,20,0,20,NONE,COMMON,SELECTED_PENDING_REVIEW_A,Authorized or traceable tier-1 channel,Marking MPN package orientation electrical functional sample,MAIN-AUTH-010 exact capture authority; physical pins: 1=NOR_IO3_U1;2=NOR_IO3_U2; Review A may change only from measured SI evidence,22 Ohm 1%,ELECTRICAL_COMPONENT,FITTED,-55..155,CONTROLLED_PENDING_VERIFICATION
MAIN-010-R13,PCB-MAIN,R13,Resistor,Authoritative PCB-MAIN I2C2 SCL pull-up,Panasonic,ERJ-2RKF2201X,0402,1,4,0,4,10,0,10,20,0,20,NONE,COMMON,SELECTED_PENDING_REVIEW_A,Authorized or traceable tier-1 channel,Marking MPN package orientation electrical functional sample,MAIN-AUTH-010 exact capture authority; physical pins: 1=3V3_DIGITAL;2=I2C2_SCL_BUS; PCB-PWR pull-up footprint remains DNP,2.2 kOhm 1%,ELECTRICAL_COMPONENT,FITTED,-55..155,CONTROLLED_PENDING_VERIFICATION
MAIN-010-R14,PCB-MAIN,R14,Resistor,Authoritative PCB-MAIN I2C2 SDA pull-up,Panasonic,ERJ-2RKF2201X,0402,1,4,0,4,10,0,10,20,0,20,NONE,COMMON,SELECTED_PENDING_REVIEW_A,Authorized or traceable tier-1 channel,Marking MPN package orientation electrical functional sample,MAIN-AUTH-010 exact capture authority; physical pins: 1=3V3_DIGITAL;2=I2C2_SDA_BUS; PCB-PWR pull-up footprint remains DNP,2.2 kOhm 1%,ELECTRICAL_COMPONENT,FITTED,-55..155,CONTROLLED_PENDING_VERIFICATION
MAIN-010-R15,PCB-MAIN,R15,Resistor,I2C2 SCL master-side series damping,Panasonic,ERJ-2RKF22R0X,0402,1,4,0,4,10,0,10,20,0,20,NONE,COMMON,SELECTED_PENDING_REVIEW_A,Authorized or traceable tier-1 channel,Marking MPN package orientation electrical functional sample,MAIN-AUTH-010 exact capture authority; physical pins: 1=I2C2_SCL_U1;2=I2C2_SCL_BUS; Place adjacent to U1,22 Ohm 1%,ELECTRICAL_COMPONENT,FITTED,-55..155,CONTROLLED_PENDING_VERIFICATION
MAIN-010-R16,PCB-MAIN,R16,Resistor,I2C2 SDA master-side series damping,Panasonic,ERJ-2RKF22R0X,0402,1,4,0,4,10,0,10,20,0,20,NONE,COMMON,SELECTED_PENDING_REVIEW_A,Authorized or traceable tier-1 channel,Marking MPN package orientation electrical functional sample,MAIN-AUTH-010 exact capture authority; physical pins: 1=I2C2_SDA_U1;2=I2C2_SDA_BUS; Place adjacent to U1,22 Ohm 1%,ELECTRICAL_COMPONENT,FITTED,-55..155,CONTROLLED_PENDING_VERIFICATION
MAIN-010-R17,PCB-MAIN,R17,Resistor,PDM clock source termination at U7,Panasonic,ERJ-2RKF22R0X,0402,1,4,0,4,10,0,10,20,0,20,NONE,COMMON,SELECTED_PENDING_REVIEW_A,Authorized or traceable tier-1 channel,Marking MPN package orientation electrical functional sample,MAIN-AUTH-010 exact capture authority; physical pins: 1=PDM_CLK_1V8_U7;2=PDM_CLK_1V8_FANOUT; Verify all four harness edges and skew,22 Ohm 1%,ELECTRICAL_COMPONENT,FITTED,-55..155,CONTROLLED_PENDING_VERIFICATION
MAIN-010-R18,PCB-MAIN,R18,Resistor,AAD configuration fanout damping at U7,Panasonic,ERJ-2RKF22R0X,0402,1,4,0,4,10,0,10,20,0,20,NONE,COMMON,SELECTED_PENDING_REVIEW_A,Authorized or traceable tier-1 channel,Marking MPN package orientation electrical functional sample,MAIN-AUTH-010 exact capture authority; physical pins: 1=AAD_CFG_1V8_U7;2=AAD_CFG_1V8_FANOUT; Verify one-wire writes on all four leaves,22 Ohm 1%,ELECTRICAL_COMPONENT,FITTED,-55..155,CONTROLLED_PENDING_VERIFICATION
MAIN-010-R19,PCB-MAIN,R19,Resistor,MIC1 WAKE inactive-state pull-down,Panasonic,ERJ-2RKF1003X,0402,1,4,0,4,10,0,10,20,0,20,NONE,COMMON,SELECTED_PENDING_REVIEW_A,Authorized or traceable tier-1 channel,Marking MPN package orientation electrical functional sample,MAIN-AUTH-010 exact capture authority; physical pins: 1=MIC_WAKE1;2=GND; No connector means inactive LOW,100 kOhm 1%,ELECTRICAL_COMPONENT,FITTED,-55..155,CONTROLLED_PENDING_VERIFICATION
MAIN-010-R20,PCB-MAIN,R20,Resistor,MIC2 WAKE inactive-state pull-down,Panasonic,ERJ-2RKF1003X,0402,1,4,0,4,10,0,10,20,0,20,NONE,COMMON,SELECTED_PENDING_REVIEW_A,Authorized or traceable tier-1 channel,Marking MPN package orientation electrical functional sample,MAIN-AUTH-010 exact capture authority; physical pins: 1=MIC_WAKE2;2=GND; No connector means inactive LOW,100 kOhm 1%,ELECTRICAL_COMPONENT,FITTED,-55..155,CONTROLLED_PENDING_VERIFICATION
MAIN-010-R21,PCB-MAIN,R21,Resistor,MIC3 WAKE inactive-state pull-down,Panasonic,ERJ-2RKF1003X,0402,1,4,0,4,10,0,10,20,0,20,NONE,COMMON,SELECTED_PENDING_REVIEW_A,Authorized or traceable tier-1 channel,Marking MPN package orientation electrical functional sample,MAIN-AUTH-010 exact capture authority; physical pins: 1=MIC_WAKE3;2=GND; No connector means inactive LOW,100 kOhm 1%,ELECTRICAL_COMPONENT,FITTED,-55..155,CONTROLLED_PENDING_VERIFICATION
MAIN-010-R22,PCB-MAIN,R22,Resistor,MIC4 WAKE inactive-state pull-down,Panasonic,ERJ-2RKF1003X,0402,1,4,0,4,10,0,10,20,0,20,NONE,COMMON,SELECTED_PENDING_REVIEW_A,Authorized or traceable tier-1 channel,Marking MPN package orientation electrical functional sample,MAIN-AUTH-010 exact capture authority; physical pins: 1=MIC_WAKE4;2=GND; No connector means inactive LOW,100 kOhm 1%,ELECTRICAL_COMPONENT,FITTED,-55..155,CONTROLLED_PENDING_VERIFICATION
MAIN-010-R23,PCB-MAIN,R23,Resistor,U18 MCU-side inactive-state pull-down,Panasonic,ERJ-2RKF1003X,0402,1,4,0,4,10,0,10,20,0,20,NONE,COMMON,SELECTED_PENDING_REVIEW_A,Authorized or traceable tier-1 channel,Marking MPN package orientation electrical functional sample,MAIN-AUTH-010 exact capture authority; physical pins: 1=MIC_WAKE;2=GND; Keeps PA8 low during partial power,100 kOhm 1%,ELECTRICAL_COMPONENT,FITTED,-55..155,CONTROLLED_PENDING_VERIFICATION
MAIN-010-R24,PCB-MAIN,R24,Resistor,Q1 base current limiter,Panasonic,ERJ-2RKF4701X,0402,1,4,0,4,10,0,10,20,0,20,NONE,COMMON,SELECTED_PENDING_REVIEW_A,Authorized or traceable tier-1 channel,Marking MPN package orientation electrical functional sample,MAIN-AUTH-010 exact capture authority; physical pins: 1=CELL_PWRKEY_CMD;2=Q1_BASE; Q1 pin 1 endpoint,4.7 kOhm 1%,ELECTRICAL_COMPONENT,FITTED,-55..155,CONTROLLED_PENDING_VERIFICATION
MAIN-010-R25,PCB-MAIN,R25,Resistor,Q1 base-emitter off-state pull,Panasonic,ERJ-2RKF4702X,0402,1,4,0,4,10,0,10,20,0,20,NONE,COMMON,SELECTED_PENDING_REVIEW_A,Authorized or traceable tier-1 channel,Marking MPN package orientation electrical functional sample,MAIN-AUTH-010 exact capture authority; physical pins: 1=Q1_BASE;2=GND_MODEM; Prevents unintended PWRKEY assertion,47 kOhm 1%,ELECTRICAL_COMPONENT,FITTED,-55..155,CONTROLLED_PENDING_VERIFICATION
MAIN-010-R26,PCB-MAIN,R26,Resistor,Q2 base current limiter,Panasonic,ERJ-2RKF4701X,0402,1,4,0,4,10,0,10,20,0,20,NONE,COMMON,SELECTED_PENDING_REVIEW_A,Authorized or traceable tier-1 channel,Marking MPN package orientation electrical functional sample,MAIN-AUTH-010 exact capture authority; physical pins: 1=CELL_RESET_N_CMD;2=Q2_BASE; Q2 pin 1 endpoint,4.7 kOhm 1%,ELECTRICAL_COMPONENT,FITTED,-55..155,CONTROLLED_PENDING_VERIFICATION
MAIN-010-R27,PCB-MAIN,R27,Resistor,Q2 base-emitter off-state pull,Panasonic,ERJ-2RKF4702X,0402,1,4,0,4,10,0,10,20,0,20,NONE,COMMON,SELECTED_PENDING_REVIEW_A,Authorized or traceable tier-1 channel,Marking MPN package orientation electrical functional sample,MAIN-AUTH-010 exact capture authority; physical pins: 1=Q2_BASE;2=GND_MODEM; Prevents unintended RESET_N assertion,47 kOhm 1%,ELECTRICAL_COMPONENT,FITTED,-55..155,CONTROLLED_PENDING_VERIFICATION
MAIN-010-R28,PCB-MAIN,R28,Resistor,Modem receive path idle-HIGH pull-up,Panasonic,ERJ-2RKF1002X,0402,1,4,0,4,10,0,10,20,0,20,NONE,COMMON,SELECTED_PENDING_REVIEW_A,Authorized or traceable tier-1 channel,Marking MPN package orientation electrical functional sample,MAIN-AUTH-010 exact capture authority; physical pins: 1=3V3_DIGITAL;2=CELL_TX_U16; U16 B5 side,10 kOhm 1%,ELECTRICAL_COMPONENT,FITTED,-55..155,CONTROLLED_PENDING_VERIFICATION
MAIN-010-R29,PCB-MAIN,R29,Resistor,Modem DTR default-awake pull-down,Panasonic,ERJ-2RKF1003X,0402,1,4,0,4,10,0,10,20,0,20,NONE,COMMON,SELECTED_PENDING_REVIEW_A,Authorized or traceable tier-1 channel,Marking MPN package orientation electrical functional sample,MAIN-AUTH-010 exact capture authority; physical pins: 1=CELL_DTR_U16;2=GND_MODEM; U16 B6 side,100 kOhm 1%,ELECTRICAL_COMPONENT,FITTED,-55..155,CONTROLLED_PENDING_VERIFICATION
MAIN-010-R30,PCB-MAIN,R30,Resistor,U8 UART transmit idle-HIGH pull-up,Panasonic,ERJ-2RKF1002X,0402,1,4,0,4,10,0,10,20,0,20,NONE,COMMON,SELECTED_PENDING_REVIEW_A,Authorized or traceable tier-1 channel,Marking MPN package orientation electrical functional sample,MAIN-AUTH-010 exact capture authority; physical pins: 1=U8_VDD_EXT_1V8;2=U8_MAIN_TXD_1V8; U16 A1 side,10 kOhm 1%,ELECTRICAL_COMPONENT,FITTED,-55..155,CONTROLLED_PENDING_VERIFICATION
MAIN-010-R31,PCB-MAIN,R31,Resistor,U8 ring indicator inactive-HIGH pull-up,Panasonic,ERJ-2RKF1002X,0402,1,4,0,4,10,0,10,20,0,20,NONE,COMMON,SELECTED_PENDING_REVIEW_A,Authorized or traceable tier-1 channel,Marking MPN package orientation electrical functional sample,MAIN-AUTH-010 exact capture authority; physical pins: 1=U8_VDD_EXT_1V8;2=U8_MAIN_RI_1V8; U16 A3 side,10 kOhm 1%,ELECTRICAL_COMPONENT,FITTED,-55..155,CONTROLLED_PENDING_VERIFICATION
MAIN-010-R32,PCB-MAIN,R32,Resistor,MCU receive inactive-HIGH pull-up,Panasonic,ERJ-2RKF1003X,0402,1,4,0,4,10,0,10,20,0,20,NONE,COMMON,SELECTED_PENDING_REVIEW_A,Authorized or traceable tier-1 channel,Marking MPN package orientation electrical functional sample,MAIN-AUTH-010 exact capture authority; physical pins: 1=3V3_DIGITAL;2=CELL_RX_U16; U16 B1 side,100 kOhm 1%,ELECTRICAL_COMPONENT,FITTED,-55..155,CONTROLLED_PENDING_VERIFICATION
MAIN-010-R33,PCB-MAIN,R33,Resistor,MCU RI inactive-HIGH pull-up,Panasonic,ERJ-2RKF1003X,0402,1,4,0,4,10,0,10,20,0,20,NONE,COMMON,SELECTED_PENDING_REVIEW_A,Authorized or traceable tier-1 channel,Marking MPN package orientation electrical functional sample,MAIN-AUTH-010 exact capture authority; physical pins: 1=3V3_DIGITAL;2=CELL_RI_U16; U16 B3 side,100 kOhm 1%,ELECTRICAL_COMPONENT,FITTED,-55..155,CONTROLLED_PENDING_VERIFICATION
MAIN-010-R34,PCB-MAIN,R34,Resistor,Modem status inactive-LOW pull-down,Panasonic,ERJ-2RKF1003X,0402,1,4,0,4,10,0,10,20,0,20,NONE,COMMON,SELECTED_PENDING_REVIEW_A,Authorized or traceable tier-1 channel,Marking MPN package orientation electrical functional sample,MAIN-AUTH-010 exact capture authority; physical pins: 1=CELL_STATUS_U16;2=GND_MODEM; U16 B2 side,100 kOhm 1%,ELECTRICAL_COMPONENT,FITTED,-55..155,CONTROLLED_PENDING_VERIFICATION
MAIN-010-R35,PCB-MAIN,R35,Resistor,BG95 USB boot normal-state pull-down,Panasonic,ERJ-2RKF1003X,0402,1,4,0,4,10,0,10,20,0,20,NONE,COMMON,SELECTED_PENDING_REVIEW_A,Authorized or traceable tier-1 channel,Marking MPN package orientation electrical functional sample,MAIN-AUTH-010 exact capture authority; physical pins: 1=CELL_USB_BOOT_1V8;2=GND_MODEM; Fixture drive is current limited through R38,100 kOhm 1%,ELECTRICAL_COMPONENT,FITTED,-55..155,CONTROLLED_PENDING_VERIFICATION
MAIN-010-R36,PCB-MAIN,R36,Resistor,BG95 debug TX source-series damping,Panasonic,ERJ-2RKF22R0X,0402,1,4,0,4,10,0,10,20,0,20,NONE,COMMON,SELECTED_PENDING_REVIEW_A,Authorized or traceable tier-1 channel,Marking MPN package orientation electrical functional sample,MAIN-AUTH-010 exact capture authority; physical pins: 1=CELL_DBG_TXD_U8;2=CELL_DBG_TXD_TP; Fixture is 1.8 V tolerant,22 Ohm 1%,ELECTRICAL_COMPONENT,FITTED,-55..155,CONTROLLED_PENDING_VERIFICATION
MAIN-010-R37,PCB-MAIN,R37,Resistor,BG95 debug RX fixture-side damping,Panasonic,ERJ-2RKF22R0X,0402,1,4,0,4,10,0,10,20,0,20,NONE,COMMON,SELECTED_PENDING_REVIEW_A,Authorized or traceable tier-1 channel,Marking MPN package orientation electrical functional sample,MAIN-AUTH-010 exact capture authority; physical pins: 1=CELL_DBG_RXD_TP;2=CELL_DBG_RXD_U8; Fixture output only after VREF valid,22 Ohm 1%,ELECTRICAL_COMPONENT,FITTED,-55..155,CONTROLLED_PENDING_VERIFICATION
MAIN-010-R38,PCB-MAIN,R38,Resistor,BG95 USB boot fixture current limiter,Panasonic,ERJ-2RKF1001X,0402,1,4,0,4,10,0,10,20,0,20,NONE,COMMON,SELECTED_PENDING_REVIEW_A,Authorized or traceable tier-1 channel,Marking MPN package orientation electrical functional sample,MAIN-AUTH-010 exact capture authority; physical pins: 1=CELL_USB_BOOT_TP;2=CELL_USB_BOOT_1V8; Fixture normally high impedance,1 kOhm 1%,ELECTRICAL_COMPONENT,FITTED,-55..155,CONTROLLED_PENDING_VERIFICATION
MAIN-010-R39,PCB-MAIN,R39,Resistor,BG95 USB D+ controlled series link,Panasonic,ERJ-2GE0R00X,0402,1,4,0,4,10,0,10,20,0,20,NONE,COMMON,SELECTED_PENDING_REVIEW_A,Authorized or traceable tier-1 channel,Marking MPN package orientation electrical functional sample,MAIN-AUTH-010 exact capture authority; physical pins: 1=CELL_USB_DP_U8;2=CELL_USB_DP_TP; Preserve 90 Ohm differential pair,0 Ohm,ELECTRICAL_COMPONENT,FITTED,-55..155,CONTROLLED_PENDING_VERIFICATION
MAIN-010-R40,PCB-MAIN,R40,Resistor,BG95 USB D- controlled series link,Panasonic,ERJ-2GE0R00X,0402,1,4,0,4,10,0,10,20,0,20,NONE,COMMON,SELECTED_PENDING_REVIEW_A,Authorized or traceable tier-1 channel,Marking MPN package orientation electrical functional sample,MAIN-AUTH-010 exact capture authority; physical pins: 1=CELL_USB_DM_U8;2=CELL_USB_DM_TP; Preserve 90 Ohm differential pair,0 Ohm,ELECTRICAL_COMPONENT,FITTED,-55..155,CONTROLLED_PENDING_VERIFICATION
MAIN-010-R41,PCB-MAIN,R41,Resistor,BG95 debug reference sense isolation,Panasonic,ERJ-2RKF1001X,0402,1,4,0,4,10,0,10,20,0,20,NONE,COMMON,SELECTED_PENDING_REVIEW_A,Authorized or traceable tier-1 channel,Marking MPN package orientation electrical functional sample,MAIN-AUTH-010 exact capture authority; physical pins: 1=U8_VDD_EXT_1V8;2=CELL_DBG_VREF_TP; VTREF contact never sources station power,1 kOhm 1%,ELECTRICAL_COMPONENT,FITTED,-55..155,CONTROLLED_PENDING_VERIFICATION
MAIN-010-R42,PCB-MAIN,R42,Resistor,U8 VBAT_RF star branch link,Panasonic,ERJ-2GE0R00X,0402,1,4,0,4,10,0,10,20,0,20,NONE,COMMON,SELECTED_PENDING_REVIEW_A,Authorized or traceable tier-1 channel,Marking MPN package orientation electrical functional sample,MAIN-AUTH-010 exact capture authority; physical pins: 1=3V8_MODEM;2=3V8_MODEM_RF; Place immediately before U8 RF branch,0 Ohm,ELECTRICAL_COMPONENT,FITTED,-55..155,CONTROLLED_PENDING_VERIFICATION
MAIN-010-R43,PCB-MAIN,R43,Resistor,Cellular RF pi network series baseline,Panasonic,ERJ-2GE0R00X,0402,1,4,0,4,10,0,10,20,0,20,NONE,COMMON,SELECTED_PENDING_REVIEW_A,Authorized or traceable tier-1 channel,Marking MPN package orientation electrical functional sample,MAIN-AUTH-010 exact capture authority; physical pins: 1=CELL_RF;2=CELL_RF_ANT; Change only from signed VNA evidence,0 Ohm,ELECTRICAL_COMPONENT,FITTED,-55..155,CONTROLLED_PENDING_VERIFICATION
MAIN-010-R44,PCB-MAIN,R44,Resistor,U13 active-HIGH disable pull-up,Panasonic,ERJ-2RKF4702X,0402,1,4,0,4,10,0,10,20,0,20,NONE,COMMON,SELECTED_PENDING_REVIEW_A,Authorized or traceable tier-1 channel,Marking MPN package orientation electrical functional sample,MAIN-AUTH-010 exact capture authority; physical pins: 1=3V3_DIGITAL;2=U13_EN_N; U13 remains High-Z while Q3 is off,47 kOhm 1%,ELECTRICAL_COMPONENT,FITTED,-55..155,CONTROLLED_PENDING_VERIFICATION
MAIN-010-R45,PCB-MAIN,R45,Resistor,Dual-SIM selector default-SIM1 pull-down,Panasonic,ERJ-2RKF1003X,0402,1,4,0,4,10,0,10,20,0,20,NONE,COMMON,SELECTED_PENDING_REVIEW_A,Authorized or traceable tier-1 channel,Marking MPN package orientation electrical functional sample,MAIN-AUTH-010 exact capture authority; physical pins: 1=SIM_MUX_SEL;2=GND_MODEM; Drives both U13 IN pins,100 kOhm 1%,ELECTRICAL_COMPONENT,FITTED,-55..155,CONTROLLED_PENDING_VERIFICATION
MAIN-010-R46,PCB-MAIN,R46,Resistor,Q3 base current limiter,Panasonic,ERJ-2RKF1002X,0402,1,4,0,4,10,0,10,20,0,20,NONE,COMMON,SELECTED_PENDING_REVIEW_A,Authorized or traceable tier-1 channel,Marking MPN package orientation electrical functional sample,MAIN-AUTH-010 exact capture authority; physical pins: 1=SIM_MUX_EN;2=Q3_BASE; Q3 pin 1 endpoint,10 kOhm 1%,ELECTRICAL_COMPONENT,FITTED,-55..155,CONTROLLED_PENDING_VERIFICATION
MAIN-010-R47,PCB-MAIN,R47,Resistor,Q3 base-emitter off-state pull,Panasonic,ERJ-2RKF1003X,0402,1,4,0,4,10,0,10,20,0,20,NONE,COMMON,SELECTED_PENDING_REVIEW_A,Authorized or traceable tier-1 channel,Marking MPN package orientation electrical functional sample,MAIN-AUTH-010 exact capture authority; physical pins: 1=Q3_BASE;2=GND_MODEM; Preserves U13 High-Z at reset,100 kOhm 1%,ELECTRICAL_COMPONENT,FITTED,-55..155,CONTROLLED_PENDING_VERIFICATION
MAIN-010-R48,PCB-MAIN,R48,Resistor,J6 card-detect pull-up,Panasonic,ERJ-2RKF1002X,0402,1,4,0,4,10,0,10,20,0,20,NONE,COMMON,SELECTED_PENDING_REVIEW_A,Authorized or traceable tier-1 channel,Marking MPN package orientation electrical functional sample,MAIN-AUTH-010 exact capture authority; physical pins: 1=3V3_DIGITAL;2=SIM1_DET; No card reads LOW through grounded switch,10 kOhm 1%,ELECTRICAL_COMPONENT,FITTED,-55..155,CONTROLLED_PENDING_VERIFICATION
MAIN-010-R49,PCB-MAIN,R49,Resistor,J7 card-detect pull-up,Panasonic,ERJ-2RKF1002X,0402,1,4,0,4,10,0,10,20,0,20,NONE,COMMON,SELECTED_PENDING_REVIEW_A,Authorized or traceable tier-1 channel,Marking MPN package orientation electrical functional sample,MAIN-AUTH-010 exact capture authority; physical pins: 1=3V3_DIGITAL;2=SIM2_DET; No card reads LOW through grounded switch,10 kOhm 1%,ELECTRICAL_COMPONENT,FITTED,-55..155,CONTROLLED_PENDING_VERIFICATION
MAIN-010-R50,PCB-MAIN,R50,Resistor,J6 reset series tuning link,Panasonic,ERJ-2GE0R00X,0402,1,4,0,4,10,0,10,20,0,20,NONE,COMMON,SELECTED_PENDING_REVIEW_A,Authorized or traceable tier-1 channel,Marking MPN package orientation electrical functional sample,MAIN-AUTH-010 exact capture authority; physical pins: 1=SIM1_RST_MUX;2=SIM1_RST_CONN; U14 protection is connector-side,0 Ohm,ELECTRICAL_COMPONENT,FITTED,-55..155,CONTROLLED_PENDING_VERIFICATION
MAIN-010-R51,PCB-MAIN,R51,Resistor,J6 clock series tuning link,Panasonic,ERJ-2GE0R00X,0402,1,4,0,4,10,0,10,20,0,20,NONE,COMMON,SELECTED_PENDING_REVIEW_A,Authorized or traceable tier-1 channel,Marking MPN package orientation electrical functional sample,MAIN-AUTH-010 exact capture authority; physical pins: 1=SIM1_CLK_MUX;2=SIM1_CLK_CONN; U14 protection is connector-side,0 Ohm,ELECTRICAL_COMPONENT,FITTED,-55..155,CONTROLLED_PENDING_VERIFICATION
MAIN-010-R52,PCB-MAIN,R52,Resistor,J6 data series tuning link,Panasonic,ERJ-2GE0R00X,0402,1,4,0,4,10,0,10,20,0,20,NONE,COMMON,SELECTED_PENDING_REVIEW_A,Authorized or traceable tier-1 channel,Marking MPN package orientation electrical functional sample,MAIN-AUTH-010 exact capture authority; physical pins: 1=SIM1_DATA_MUX;2=SIM1_DATA_CONN; U14 protection is connector-side,0 Ohm,ELECTRICAL_COMPONENT,FITTED,-55..155,CONTROLLED_PENDING_VERIFICATION
MAIN-010-R53,PCB-MAIN,R53,Resistor,J7 reset series tuning link,Panasonic,ERJ-2GE0R00X,0402,1,4,0,4,10,0,10,20,0,20,NONE,COMMON,SELECTED_PENDING_REVIEW_A,Authorized or traceable tier-1 channel,Marking MPN package orientation electrical functional sample,MAIN-AUTH-010 exact capture authority; physical pins: 1=SIM2_RST_MUX;2=SIM2_RST_CONN; U15 protection is connector-side,0 Ohm,ELECTRICAL_COMPONENT,FITTED,-55..155,CONTROLLED_PENDING_VERIFICATION
MAIN-010-R54,PCB-MAIN,R54,Resistor,J7 clock series tuning link,Panasonic,ERJ-2GE0R00X,0402,1,4,0,4,10,0,10,20,0,20,NONE,COMMON,SELECTED_PENDING_REVIEW_A,Authorized or traceable tier-1 channel,Marking MPN package orientation electrical functional sample,MAIN-AUTH-010 exact capture authority; physical pins: 1=SIM2_CLK_MUX;2=SIM2_CLK_CONN; U15 protection is connector-side,0 Ohm,ELECTRICAL_COMPONENT,FITTED,-55..155,CONTROLLED_PENDING_VERIFICATION
MAIN-010-R55,PCB-MAIN,R55,Resistor,J7 data series tuning link,Panasonic,ERJ-2GE0R00X,0402,1,4,0,4,10,0,10,20,0,20,NONE,COMMON,SELECTED_PENDING_REVIEW_A,Authorized or traceable tier-1 channel,Marking MPN package orientation electrical functional sample,MAIN-AUTH-010 exact capture authority; physical pins: 1=SIM2_DATA_MUX;2=SIM2_DATA_CONN; U15 protection is connector-side,0 Ohm,ELECTRICAL_COMPONENT,FITTED,-55..155,CONTROLLED_PENDING_VERIFICATION
MAIN-010-R56,PCB-MAIN,R56,Resistor,U9 TX source-series damping,Panasonic,ERJ-2RKF22R0X,0402,1,4,0,4,10,0,10,20,0,20,NONE,COMMON,SELECTED_PENDING_REVIEW_A,Authorized or traceable tier-1 channel,Marking MPN package orientation electrical functional sample,MAIN-AUTH-010 exact capture authority; physical pins: 1=GNSS_RX_U9;2=GNSS_RX_U1; No pull resistor allowed,22 Ohm 1%,ELECTRICAL_COMPONENT,FITTED,-55..155,CONTROLLED_PENDING_VERIFICATION
MAIN-010-R57,PCB-MAIN,R57,Resistor,U1 TX source-series damping,Panasonic,ERJ-2RKF22R0X,0402,1,4,0,4,10,0,10,20,0,20,NONE,COMMON,SELECTED_PENDING_REVIEW_A,Authorized or traceable tier-1 channel,Marking MPN package orientation electrical functional sample,MAIN-AUTH-010 exact capture authority; physical pins: 1=GNSS_TX_U1;2=GNSS_TX_U9; No pull resistor allowed,22 Ohm 1%,ELECTRICAL_COMPONENT,FITTED,-55..155,CONTROLLED_PENDING_VERIFICATION
MAIN-010-R58,PCB-MAIN,R58,Resistor,U9 TIMEPULSE source-series damping,Panasonic,ERJ-2RKF22R0X,0402,1,4,0,4,10,0,10,20,0,20,NONE,COMMON,SELECTED_PENDING_REVIEW_A,Authorized or traceable tier-1 channel,Marking MPN package orientation electrical functional sample,MAIN-AUTH-010 exact capture authority; physical pins: 1=GNSS_PPS_U9;2=GNSS_PPS_U1; Do not load LOW at startup,22 Ohm 1%,ELECTRICAL_COMPONENT,FITTED,-55..155,CONTROLLED_PENDING_VERIFICATION
MAIN-010-R59,PCB-MAIN,R59,Resistor,Figure 38 voltage-divider upper resistor R5,Panasonic,ERJ-2GEJ561X,0402,1,4,0,4,10,0,10,20,0,20,NONE,COMMON,SELECTED_PENDING_REVIEW_A,Authorized or traceable tier-1 channel,Marking MPN package orientation electrical functional sample,MAIN-AUTH-010 exact capture authority; physical pins: 1=GNSS_ANT_SWITCHED;2=GNSS_ANT_DIV; Feeds U5 non-inverting input,560 Ohm 5% 0.1 W,ELECTRICAL_COMPONENT,FITTED,-55..155,CONTROLLED_PENDING_VERIFICATION
MAIN-010-R60,PCB-MAIN,R60,Resistor,Figure 38 voltage-divider lower resistor R6,Panasonic,ERJ-2GEJ104X,0402,1,4,0,4,10,0,10,20,0,20,NONE,COMMON,SELECTED_PENDING_REVIEW_A,Authorized or traceable tier-1 channel,Marking MPN package orientation electrical functional sample,MAIN-AUTH-010 exact capture authority; physical pins: 1=GNSS_ANT_DIV;2=GND; Sets open-detect threshold with R59,100 kOhm 5% 0.1 W,ELECTRICAL_COMPONENT,FITTED,-55..155,CONTROLLED_PENDING_VERIFICATION
MAIN-010-R61,PCB-MAIN,R61,Resistor,Figure 38 P-channel gate pull-up R7,Panasonic,ERJ-2GEJ104X,0402,1,4,0,4,10,0,10,20,0,20,NONE,COMMON,SELECTED_PENDING_REVIEW_A,Authorized or traceable tier-1 channel,Marking MPN package orientation electrical functional sample,MAIN-AUTH-010 exact capture authority; physical pins: 1=GNSS_ANT_BIAS_RAW;2=GNSS_ANT_GATE; Antenna supply defaults off,100 kOhm 5% 0.1 W,ELECTRICAL_COMPONENT,FITTED,-55..155,CONTROLLED_PENDING_VERIFICATION
MAIN-010-R62,PCB-MAIN,R62,Resistor,Figure 38 current limiter and shunt R8,Panasonic,ERJ-8GEYJ100V,1206,1,4,0,4,10,0,10,20,0,20,NONE,COMMON,SELECTED_PENDING_REVIEW_A,Authorized or traceable tier-1 channel,Marking MPN package orientation electrical functional sample,MAIN-AUTH-010 exact capture authority; physical pins: 1=GNSS_ANT_SWITCHED;2=GNSS_ANT_SHORT_N; PIO3 senses active-LOW short directly,10 Ohm 5% 0.25 W,ELECTRICAL_COMPONENT,FITTED,-55..155,CONTROLLED_PENDING_VERIFICATION
MAIN-010-R63,PCB-MAIN,R63,Resistor,U10 TXEN fail-closed pull-down,Panasonic,ERJ-2RKF1003X,0402,1,4,0,4,10,0,10,20,0,20,NONE,COMMON,SELECTED_PENDING_REVIEW_A,Authorized or traceable tier-1 channel,Marking MPN package orientation electrical functional sample,MAIN-AUTH-010 exact capture authority; physical pins: 1=LORA_TXEN;2=GND; TXEN and RXEN HIGH together is forbidden,100 kOhm 1%,ELECTRICAL_COMPONENT,FITTED,-55..155,CONTROLLED_PENDING_VERIFICATION
MAIN-010-R64,PCB-MAIN,R64,Resistor,U10 RXEN fail-closed pull-down,Panasonic,ERJ-2RKF1003X,0402,1,4,0,4,10,0,10,20,0,20,NONE,COMMON,SELECTED_PENDING_REVIEW_A,Authorized or traceable tier-1 channel,Marking MPN package orientation electrical functional sample,MAIN-AUTH-010 exact capture authority; physical pins: 1=LORA_RXEN;2=GND; TXEN and RXEN HIGH together is forbidden,100 kOhm 1%,ELECTRICAL_COMPONENT,FITTED,-55..155,CONTROLLED_PENDING_VERIFICATION
MAIN-010-R65,PCB-MAIN,R65,Resistor,U10 DIO1 inactive-state pull-down,Panasonic,ERJ-2RKF1003X,0402,1,4,0,4,10,0,10,20,0,20,NONE,COMMON,SELECTED_PENDING_REVIEW_A,Authorized or traceable tier-1 channel,Marking MPN package orientation electrical functional sample,MAIN-AUTH-010 exact capture authority; physical pins: 1=LORA_DIO1;2=GND; MCU input remains deterministic,100 kOhm 1%,ELECTRICAL_COMPONENT,FITTED,-55..155,CONTROLLED_PENDING_VERIFICATION
MAIN-010-R66,PCB-MAIN,R66,Resistor,U10 BUSY inactive-state pull-down,Panasonic,ERJ-2RKF1003X,0402,1,4,0,4,10,0,10,20,0,20,NONE,COMMON,SELECTED_PENDING_REVIEW_A,Authorized or traceable tier-1 channel,Marking MPN package orientation electrical functional sample,MAIN-AUTH-010 exact capture authority; physical pins: 1=LORA_BUSY;2=GND; MCU input remains deterministic,100 kOhm 1%,ELECTRICAL_COMPONENT,FITTED,-55..155,CONTROLLED_PENDING_VERIFICATION
MAIN-010-R67,PCB-MAIN,R67,Resistor,U10 reset pull-up,Panasonic,ERJ-2RKF1002X,0402,1,4,0,4,10,0,10,20,0,20,NONE,COMMON,SELECTED_PENDING_REVIEW_A,Authorized or traceable tier-1 channel,Marking MPN package orientation electrical functional sample,MAIN-AUTH-010 exact capture authority; physical pins: 1=3V3_DIGITAL;2=LORA_RESET_N; Works with C68,10 kOhm 1%,ELECTRICAL_COMPONENT,FITTED,-55..155,CONTROLLED_PENDING_VERIFICATION
MAIN-010-R68,PCB-MAIN,R68,Resistor,U10 chip-select safe-state pull-up,Panasonic,ERJ-2RKF1002X,0402,1,4,0,4,10,0,10,20,0,20,NONE,COMMON,SELECTED_PENDING_REVIEW_A,Authorized or traceable tier-1 channel,Marking MPN package orientation electrical functional sample,MAIN-AUTH-010 exact capture authority; physical pins: 1=3V3_DIGITAL;2=LORA_NSS_U10; Radio remains deselected during MCU reset,10 kOhm 1%,ELECTRICAL_COMPONENT,FITTED,-55..155,CONTROLLED_PENDING_VERIFICATION
MAIN-010-R69,PCB-MAIN,R69,Resistor,U1 NSS source-series damping,Panasonic,ERJ-2RKF22R0X,0402,1,4,0,4,10,0,10,20,0,20,NONE,COMMON,SELECTED_PENDING_REVIEW_A,Authorized or traceable tier-1 channel,Marking MPN package orientation electrical functional sample,MAIN-AUTH-010 exact capture authority; physical pins: 1=LORA_NSS_U1;2=LORA_NSS_U10; Place adjacent to U1,22 Ohm 1%,ELECTRICAL_COMPONENT,FITTED,-55..155,CONTROLLED_PENDING_VERIFICATION
MAIN-010-R70,PCB-MAIN,R70,Resistor,U1 SCK source-series damping,Panasonic,ERJ-2RKF22R0X,0402,1,4,0,4,10,0,10,20,0,20,NONE,COMMON,SELECTED_PENDING_REVIEW_A,Authorized or traceable tier-1 channel,Marking MPN package orientation electrical functional sample,MAIN-AUTH-010 exact capture authority; physical pins: 1=LORA_SCK_U1;2=LORA_SCK_U10; Place adjacent to U1,22 Ohm 1%,ELECTRICAL_COMPONENT,FITTED,-55..155,CONTROLLED_PENDING_VERIFICATION
MAIN-010-R71,PCB-MAIN,R71,Resistor,U1 MOSI source-series damping,Panasonic,ERJ-2RKF22R0X,0402,1,4,0,4,10,0,10,20,0,20,NONE,COMMON,SELECTED_PENDING_REVIEW_A,Authorized or traceable tier-1 channel,Marking MPN package orientation electrical functional sample,MAIN-AUTH-010 exact capture authority; physical pins: 1=LORA_MOSI_U1;2=LORA_MOSI_U10; Place adjacent to U1,22 Ohm 1%,ELECTRICAL_COMPONENT,FITTED,-55..155,CONTROLLED_PENDING_VERIFICATION
MAIN-010-R72,PCB-MAIN,R72,Resistor,U10 MISO source-series damping,Panasonic,ERJ-2RKF22R0X,0402,1,4,0,4,10,0,10,20,0,20,NONE,COMMON,SELECTED_PENDING_REVIEW_A,Authorized or traceable tier-1 channel,Marking MPN package orientation electrical functional sample,MAIN-AUTH-010 exact capture authority; physical pins: 1=LORA_MISO_U10;2=LORA_MISO_U1; Place adjacent to U10,22 Ohm 1%,ELECTRICAL_COMPONENT,FITTED,-55..155,CONTROLLED_PENDING_VERIFICATION
MAIN-010-R73,PCB-MAIN,R73,Resistor,LoRa RF pi network series baseline,Panasonic,ERJ-2GE0R00X,0402,1,4,0,4,10,0,10,20,0,20,NONE,COMMON,SELECTED_PENDING_REVIEW_A,Authorized or traceable tier-1 channel,Marking MPN package orientation electrical functional sample,MAIN-AUTH-010 exact capture authority; physical pins: 1=LORA_RF_MODULE;2=LORA_RF_ANT; Change only from signed VNA evidence,0 Ohm,ELECTRICAL_COMPONENT,FITTED,-55..155,CONTROLLED_PENDING_VERIFICATION
MAIN-010-R74,PCB-MAIN,R74,Resistor,U11 UART TX source-series damping,Panasonic,ERJ-2RKF22R0X,0402,1,4,0,4,10,0,10,20,0,20,NONE,COMMON,SELECTED_PENDING_REVIEW_A,Authorized or traceable tier-1 channel,Marking MPN package orientation electrical functional sample,MAIN-AUTH-010 exact capture authority; physical pins: 1=BLE_RX_U11;2=BLE_RX_U1; Place adjacent to U11,22 Ohm 1%,ELECTRICAL_COMPONENT,FITTED,-55..155,CONTROLLED_PENDING_VERIFICATION
MAIN-010-R75,PCB-MAIN,R75,Resistor,U1 UART TX source-series damping,Panasonic,ERJ-2RKF22R0X,0402,1,4,0,4,10,0,10,20,0,20,NONE,COMMON,SELECTED_PENDING_REVIEW_A,Authorized or traceable tier-1 channel,Marking MPN package orientation electrical functional sample,MAIN-AUTH-010 exact capture authority; physical pins: 1=BLE_TX_U1;2=BLE_TX_U11; Place adjacent to U1,22 Ohm 1%,ELECTRICAL_COMPONENT,FITTED,-55..155,CONTROLLED_PENDING_VERIFICATION
MAIN-010-R76,PCB-MAIN,R76,Resistor,U11 application DFU request pull-up,Panasonic,ERJ-2RKF1002X,0402,1,4,0,4,10,0,10,20,0,20,NONE,COMMON,SELECTED_PENDING_REVIEW_A,Authorized or traceable tier-1 channel,Marking MPN package orientation electrical functional sample,MAIN-AUTH-010 exact capture authority; physical pins: 1=3V3_DIGITAL;2=BLE_DFU_REQ; U1 drives LOW only through open drain,10 kOhm 1%,ELECTRICAL_COMPONENT,FITTED,-55..155,CONTROLLED_PENDING_VERIFICATION
MAIN-010-R77,PCB-MAIN,R77,Resistor,U6 input fail-closed pull-down,Panasonic,ERJ-2RKF1003X,0402,1,4,0,4,10,0,10,20,0,20,NONE,COMMON,SELECTED_PENDING_REVIEW_A,Authorized or traceable tier-1 channel,Marking MPN package orientation electrical functional sample,MAIN-AUTH-010 exact capture authority; physical pins: 1=BLE_EN;2=GND; Holds nRF reset asserted during U1 reset,100 kOhm 1%,ELECTRICAL_COMPONENT,FITTED,-55..155,CONTROLLED_PENDING_VERIFICATION
MAIN-010-R78,PCB-MAIN,R78,Resistor,U6 open-drain output pull-up,Panasonic,ERJ-2RKF1002X,0402,1,4,0,4,10,0,10,20,0,20,NONE,COMMON,SELECTED_PENDING_REVIEW_A,Authorized or traceable tier-1 channel,Marking MPN package orientation electrical functional sample,MAIN-AUTH-010 exact capture authority; physical pins: 1=3V3_DIGITAL;2=NRF_RESET_N; U11 runs only when U6 releases output,10 kOhm 1%,ELECTRICAL_COMPONENT,FITTED,-55..155,CONTROLLED_PENDING_VERIFICATION
MAIN-010-R79,PCB-MAIN,R79,Resistor,U1 SDMMC clock source damping,Panasonic,ERJ-2RKF22R0X,0402,1,4,0,4,10,0,10,20,0,20,NONE,COMMON,SELECTED_PENDING_REVIEW_A,Authorized or traceable tier-1 channel,Marking MPN package orientation electrical functional sample,MAIN-AUTH-010 exact capture authority; physical pins: 1=SD_CK_U1;2=SD_CK_CARD; Place adjacent to U1,22 Ohm 1%,ELECTRICAL_COMPONENT,FITTED,-55..155,CONTROLLED_PENDING_VERIFICATION
MAIN-010-R80,PCB-MAIN,R80,Resistor,SDMMC command series damping,Panasonic,ERJ-2RKF22R0X,0402,1,4,0,4,10,0,10,20,0,20,NONE,COMMON,SELECTED_PENDING_REVIEW_A,Authorized or traceable tier-1 channel,Marking MPN package orientation electrical functional sample,MAIN-AUTH-010 exact capture authority; physical pins: 1=SD_CMD_U1;2=SD_CMD_CARD; Review A validates timing margin,22 Ohm 1%,ELECTRICAL_COMPONENT,FITTED,-55..155,CONTROLLED_PENDING_VERIFICATION
MAIN-010-R81,PCB-MAIN,R81,Resistor,SDMMC data zero series damping,Panasonic,ERJ-2RKF22R0X,0402,1,4,0,4,10,0,10,20,0,20,NONE,COMMON,SELECTED_PENDING_REVIEW_A,Authorized or traceable tier-1 channel,Marking MPN package orientation electrical functional sample,MAIN-AUTH-010 exact capture authority; physical pins: 1=SD_D0_U1;2=SD_D0_CARD; Review A validates timing margin,22 Ohm 1%,ELECTRICAL_COMPONENT,FITTED,-55..155,CONTROLLED_PENDING_VERIFICATION
MAIN-010-R82,PCB-MAIN,R82,Resistor,SDMMC data one series damping,Panasonic,ERJ-2RKF22R0X,0402,1,4,0,4,10,0,10,20,0,20,NONE,COMMON,SELECTED_PENDING_REVIEW_A,Authorized or traceable tier-1 channel,Marking MPN package orientation electrical functional sample,MAIN-AUTH-010 exact capture authority; physical pins: 1=SD_D1_U1;2=SD_D1_CARD; Review A validates timing margin,22 Ohm 1%,ELECTRICAL_COMPONENT,FITTED,-55..155,CONTROLLED_PENDING_VERIFICATION
MAIN-010-R83,PCB-MAIN,R83,Resistor,SDMMC data two series damping,Panasonic,ERJ-2RKF22R0X,0402,1,4,0,4,10,0,10,20,0,20,NONE,COMMON,SELECTED_PENDING_REVIEW_A,Authorized or traceable tier-1 channel,Marking MPN package orientation electrical functional sample,MAIN-AUTH-010 exact capture authority; physical pins: 1=SD_D2_U1;2=SD_D2_CARD; Review A validates timing margin,22 Ohm 1%,ELECTRICAL_COMPONENT,FITTED,-55..155,CONTROLLED_PENDING_VERIFICATION
MAIN-010-R84,PCB-MAIN,R84,Resistor,SDMMC data three series damping,Panasonic,ERJ-2RKF22R0X,0402,1,4,0,4,10,0,10,20,0,20,NONE,COMMON,SELECTED_PENDING_REVIEW_A,Authorized or traceable tier-1 channel,Marking MPN package orientation electrical functional sample,MAIN-AUTH-010 exact capture authority; physical pins: 1=SD_D3_U1;2=SD_D3_CARD; Review A validates timing margin,22 Ohm 1%,ELECTRICAL_COMPONENT,FITTED,-55..155,CONTROLLED_PENDING_VERIFICATION
MAIN-010-R85,PCB-MAIN,R85,Resistor,microSD command pull-up,Panasonic,ERJ-2RKF1002X,0402,1,4,0,4,10,0,10,20,0,20,NONE,COMMON,SELECTED_PENDING_REVIEW_A,Authorized or traceable tier-1 channel,Marking MPN package orientation electrical functional sample,MAIN-AUTH-010 exact capture authority; physical pins: 1=3V3_DIGITAL;2=SD_CMD_CARD; Connector-side of R80,10 kOhm 1%,ELECTRICAL_COMPONENT,FITTED,-55..155,CONTROLLED_PENDING_VERIFICATION
MAIN-010-R86,PCB-MAIN,R86,Resistor,microSD data zero pull-up,Panasonic,ERJ-2RKF1002X,0402,1,4,0,4,10,0,10,20,0,20,NONE,COMMON,SELECTED_PENDING_REVIEW_A,Authorized or traceable tier-1 channel,Marking MPN package orientation electrical functional sample,MAIN-AUTH-010 exact capture authority; physical pins: 1=3V3_DIGITAL;2=SD_D0_CARD; Connector-side of R81,10 kOhm 1%,ELECTRICAL_COMPONENT,FITTED,-55..155,CONTROLLED_PENDING_VERIFICATION
MAIN-010-R87,PCB-MAIN,R87,Resistor,microSD data one pull-up,Panasonic,ERJ-2RKF1002X,0402,1,4,0,4,10,0,10,20,0,20,NONE,COMMON,SELECTED_PENDING_REVIEW_A,Authorized or traceable tier-1 channel,Marking MPN package orientation electrical functional sample,MAIN-AUTH-010 exact capture authority; physical pins: 1=3V3_DIGITAL;2=SD_D1_CARD; Connector-side of R82,10 kOhm 1%,ELECTRICAL_COMPONENT,FITTED,-55..155,CONTROLLED_PENDING_VERIFICATION
MAIN-010-R88,PCB-MAIN,R88,Resistor,microSD data two pull-up,Panasonic,ERJ-2RKF1002X,0402,1,4,0,4,10,0,10,20,0,20,NONE,COMMON,SELECTED_PENDING_REVIEW_A,Authorized or traceable tier-1 channel,Marking MPN package orientation electrical functional sample,MAIN-AUTH-010 exact capture authority; physical pins: 1=3V3_DIGITAL;2=SD_D2_CARD; Connector-side of R83,10 kOhm 1%,ELECTRICAL_COMPONENT,FITTED,-55..155,CONTROLLED_PENDING_VERIFICATION
MAIN-010-R89,PCB-MAIN,R89,Resistor,microSD data three pull-up,Panasonic,ERJ-2RKF1002X,0402,1,4,0,4,10,0,10,20,0,20,NONE,COMMON,SELECTED_PENDING_REVIEW_A,Authorized or traceable tier-1 channel,Marking MPN package orientation electrical functional sample,MAIN-AUTH-010 exact capture authority; physical pins: 1=3V3_DIGITAL;2=SD_D3_CARD; Connector-side of R84,10 kOhm 1%,ELECTRICAL_COMPONENT,FITTED,-55..155,CONTROLLED_PENDING_VERIFICATION
MAIN-010-R90,PCB-MAIN,R90,Resistor,J12 normally-open card-detect pull-up,Panasonic,ERJ-2RKF1002X,0402,1,4,0,4,10,0,10,20,0,20,NONE,COMMON,SELECTED_PENDING_REVIEW_A,Authorized or traceable tier-1 channel,Marking MPN package orientation electrical functional sample,MAIN-AUTH-010 exact capture authority; physical pins: 1=3V3_DIGITAL;2=SD_DET; Card insertion closes detect to GND,10 kOhm 1%,ELECTRICAL_COMPONENT,FITTED,-55..155,CONTROLLED_PENDING_VERIFICATION
MAIN-010-R91,PCB-MAIN,R91,Resistor,U1 USB D+ source-series damping,Panasonic,ERJ-2RKF22R0X,0402,1,4,0,4,10,0,10,20,0,20,NONE,COMMON,SELECTED_PENDING_REVIEW_A,Authorized or traceable tier-1 channel,Marking MPN package orientation electrical functional sample,MAIN-AUTH-010 exact capture authority; physical pins: 1=USB_DP_U1;2=USB_DP_CONN; Place adjacent to U1 PA12,22 Ohm 1%,ELECTRICAL_COMPONENT,FITTED,-55..155,CONTROLLED_PENDING_VERIFICATION
MAIN-010-R92,PCB-MAIN,R92,Resistor,U1 USB D- source-series damping,Panasonic,ERJ-2RKF22R0X,0402,1,4,0,4,10,0,10,20,0,20,NONE,COMMON,SELECTED_PENDING_REVIEW_A,Authorized or traceable tier-1 channel,Marking MPN package orientation electrical functional sample,MAIN-AUTH-010 exact capture authority; physical pins: 1=USB_DM_U1;2=USB_DM_CONN; Place adjacent to U1 PA11,22 Ohm 1%,ELECTRICAL_COMPONENT,FITTED,-55..155,CONTROLLED_PENDING_VERIFICATION
MAIN-010-R93,PCB-MAIN,R93,Resistor,USB-C device-mode CC1 Rd,Panasonic,ERJ-2RKF5101X,0402,1,4,0,4,10,0,10,20,0,20,NONE,COMMON,SELECTED_PENDING_REVIEW_A,Authorized or traceable tier-1 channel,Marking MPN package orientation electrical functional sample,MAIN-AUTH-010 exact capture authority; physical pins: 1=USB_CC1;2=GND; CC1 and CC2 remain independent,5.1 kOhm 1%,ELECTRICAL_COMPONENT,FITTED,-55..155,CONTROLLED_PENDING_VERIFICATION
MAIN-010-R94,PCB-MAIN,R94,Resistor,USB-C device-mode CC2 Rd,Panasonic,ERJ-2RKF5101X,0402,1,4,0,4,10,0,10,20,0,20,NONE,COMMON,SELECTED_PENDING_REVIEW_A,Authorized or traceable tier-1 channel,Marking MPN package orientation electrical functional sample,MAIN-AUTH-010 exact capture authority; physical pins: 1=USB_CC2;2=GND; CC1 and CC2 remain independent,5.1 kOhm 1%,ELECTRICAL_COMPONENT,FITTED,-55..155,CONTROLLED_PENDING_VERIFICATION
MAIN-010-R95,PCB-MAIN,R95,Resistor,U1 PA9 protected high-impedance VBUS sense series limiter,Panasonic,ERJ-2RKF1001X,0402,1,4,0,4,10,0,10,20,0,20,NONE,COMMON,SELECTED_PENDING_REVIEW_A,Authorized or traceable tier-1 channel,Marking MPN package orientation electrical functional sample,MAIN-AUTH-010 exact capture authority; physical pins: 1=USB_VBUS_CONN;2=USB_VBUS_SENSE; No station power path through J11,1 kOhm 1%,ELECTRICAL_COMPONENT,FITTED,-55..155,CONTROLLED_PENDING_VERIFICATION
MAIN-010-R96,PCB-MAIN,R96,Resistor,U1 PA9 disconnected-state pull-down,Panasonic,ERJ-2RKF1003X,0402,1,4,0,4,10,0,10,20,0,20,NONE,COMMON,SELECTED_PENDING_REVIEW_A,Authorized or traceable tier-1 channel,Marking MPN package orientation electrical functional sample,MAIN-AUTH-010 exact capture authority; physical pins: 1=USB_VBUS_SENSE;2=GND; PA9 remains the dedicated OTG_FS_VBUS endpoint,100 kOhm 1%,ELECTRICAL_COMPONENT,FITTED,-55..155,CONTROLLED_PENDING_VERIFICATION
MAIN-010-R97,PCB-MAIN,R97,Resistor,Controlled USB shield DC bleed,Panasonic,ERJ-2RKF1004X,0402,1,4,0,4,10,0,10,20,0,20,NONE,COMMON,SELECTED_PENDING_REVIEW_A,Authorized or traceable tier-1 channel,Marking MPN package orientation electrical functional sample,MAIN-AUTH-010 exact capture authority; physical pins: 1=USB_SHIELD;2=GND; Parallel with C77,1 MOhm 1%,ELECTRICAL_COMPONENT,FITTED,-55..155,CONTROLLED_PENDING_VERIFICATION
MAIN-010-R98,PCB-MAIN,R98,Resistor,Optional hard shield bond,Panasonic,ERJ-2GE0R00X,0402,0,0,0,0,0,0,0,0,0,0,NONE,COMMON,CONTROLLED_DNP,Authorized or traceable tier-1 channel,Marking MPN package orientation electrical functional sample,MAIN-AUTH-010 exact capture authority; physical pins: 1=USB_SHIELD;2=GND; Populate only from signed EMC evidence,0 Ohm,ELECTRICAL_COMPONENT,DNP,-55..155,CONTROLLED_DNP
MAIN-010-R99,PCB-MAIN,R99,Resistor,Normally-closed tamper loop pull-up,Panasonic,ERJ-2RKF1002X,0402,1,4,0,4,10,0,10,20,0,20,NONE,COMMON,SELECTED_PENDING_REVIEW_A,Authorized or traceable tier-1 channel,Marking MPN package orientation electrical functional sample,MAIN-AUTH-010 exact capture authority; physical pins: 1=3V3_DIGITAL;2=TAMPER_IN_CONN; Open loop is alarm or cable fault,10 kOhm 1%,ELECTRICAL_COMPONENT,FITTED,-55..155,CONTROLLED_PENDING_VERIFICATION
MAIN-010-R100,PCB-MAIN,R100,Resistor,Tamper input series protection and filter resistor,Panasonic,ERJ-2RKF1001X,0402,1,4,0,4,10,0,10,20,0,20,NONE,COMMON,SELECTED_PENDING_REVIEW_A,Authorized or traceable tier-1 channel,Marking MPN package orientation electrical functional sample,MAIN-AUTH-010 exact capture authority; physical pins: 1=TAMPER_IN_CONN;2=TAMPER_IN_U1; C78 is U1-side filter capacitor,1 kOhm 1%,ELECTRICAL_COMPONENT,FITTED,-55..155,CONTROLLED_PENDING_VERIFICATION
MAIN-010-R101,PCB-MAIN,R101,Resistor,EOL UART DUT-TX source damping,Panasonic,ERJ-2RKF22R0X,0402,1,4,0,4,10,0,10,20,0,20,NONE,COMMON,SELECTED_PENDING_REVIEW_A,Authorized or traceable tier-1 channel,Marking MPN package orientation electrical functional sample,MAIN-AUTH-010 exact capture authority; physical pins: 1=TEST_UART_TX_U1;2=TEST_UART_TX_TP; Fixture input is protected externally,22 Ohm 1%,ELECTRICAL_COMPONENT,FITTED,-55..155,CONTROLLED_PENDING_VERIFICATION
MAIN-010-R102,PCB-MAIN,R102,Resistor,EOL UART DUT-RX current limiter,Panasonic,ERJ-2RKF1001X,0402,1,4,0,4,10,0,10,20,0,20,NONE,COMMON,SELECTED_PENDING_REVIEW_A,Authorized or traceable tier-1 channel,Marking MPN package orientation electrical functional sample,MAIN-AUTH-010 exact capture authority; physical pins: 1=TEST_UART_RX_TP;2=TEST_UART_RX_U1; Fixture drives only at valid VTREF,1 kOhm 1%,ELECTRICAL_COMPONENT,FITTED,-55..155,CONTROLLED_PENDING_VERIFICATION
MAIN-010-R103,PCB-MAIN,R103,Resistor,Intentional connector-to-MCU fault net bridge,Panasonic,ERJ-2GE0R00X,0402,1,4,0,4,10,0,10,20,0,20,NONE,COMMON,SELECTED_PENDING_REVIEW_A,Authorized or traceable tier-1 channel,Marking MPN package orientation electrical functional sample,MAIN-AUTH-010 exact capture authority; physical pins: 1=FAULT;2=PWR_FAULT; Resolves frozen J_PWR FAULT name and U1 PWR_FAULT name,0 Ohm,ELECTRICAL_COMPONENT,FITTED,-55..155,CONTROLLED_PENDING_VERIFICATION
MAIN-010-L1,PCB-MAIN,L1,Inductor,U1 internal SMPS output inductor,Murata,LQH32PN2R2NN0L,1210,1,4,0,4,10,0,10,20,0,20,NONE,COMMON,SELECTED_PENDING_REVIEW_A,Authorized or traceable tier-1 channel,Marking MPN package orientation electrical functional sample,MAIN-AUTH-010 exact capture authority; physical pins: 1=SMPS_SW;2=VCORE_1V1; Isat above 0.5 A and DCR below 200 mOhm,2.2 uH 20%,ELECTRICAL_COMPONENT,FITTED,-40..125,CONTROLLED_PENDING_VERIFICATION
MAIN-010-L2,PCB-MAIN,L2,Inductor,Figure 38 RF bias-T injection L3,Murata,LQW15AN27NJ00D,0402,1,4,0,4,10,0,10,20,0,20,NONE,COMMON,SELECTED_PENDING_REVIEW_A,Authorized or traceable tier-1 channel,Marking MPN package orientation electrical functional sample,MAIN-AUTH-010 exact capture authority; physical pins: 1=GNSS_ANT_SHORT_N;2=GNSS_RF_ANT_BIASED; Verify impedance above 500 Ohm at GNSS L1 and current above 300 mA,27 nH 5%,ELECTRICAL_COMPONENT,FITTED,-40..125,CONTROLLED_PENDING_VERIFICATION
MAIN-010-FB1,PCB-MAIN,FB1,Ferrite_Bead,U8 VBAT_BB star branch ferrite,Murata,BLM31KN601SN1L,1206,1,4,0,4,10,0,10,20,0,20,NONE,COMMON,SELECTED_PENDING_REVIEW_A,Authorized or traceable tier-1 channel,Marking MPN package orientation electrical functional sample,MAIN-AUTH-010 exact capture authority; physical pins: 1=3V8_MODEM;2=3V8_MODEM_BB; Review A must verify low DCR current margin and at least 800 Ohm from 700 to 960 MHz,600 Ohm at 100 MHz,ELECTRICAL_COMPONENT,FITTED,-55..125,CONTROLLED_PENDING_VERIFICATION
MAIN-010-FL1,PCB-MAIN,FL1,SAW_Filter,External cellular-immunity SAW before U9 RF_IN,Abracon,ABSES5AF-L100KM,1109-5,1,4,0,4,10,0,10,20,0,20,NONE,COMMON,SELECTED_PENDING_REVIEW_A,Authorized or traceable tier-1 channel,Marking MPN package orientation electrical functional sample,MAIN-AUTH-010 exact capture authority; physical pins: C=GNSS_RF_DC_BLOCK;A=GNSS_RF_FILTERED;B=GND;D=GND;E=GND; Passband covers 1559.05 to 1605.66 MHz,1582.4 MHz wideband GNSS SAW,ELECTRICAL_COMPONENT,FITTED,-40..85,CONTROLLED_PENDING_VERIFICATION
MAIN-010-U5,PCB-MAIN,U5,Operational_Amplifier,Figure 38 active-antenna open-detect comparator,Analog Devices,LT6000IDCB#TRMPBF,DFN-6_DCB_2x3mm,1,4,0,4,10,0,10,20,0,20,NONE,COMMON,SELECTED_PENDING_REVIEW_A,Authorized or traceable tier-1 channel,Marking MPN package orientation electrical functional sample,MAIN-AUTH-010 exact capture authority; physical pins: 1=GNSS_ANT_DIV;2=GNSS_ANT_SHORT_N;3=GNSS_ANT_BIAS_RAW;4=GNSS_ANT_BIAS_RAW;5=GND;6=GNSS_ANT_DETECT;EP=GND; SHDN pin 3 is held enabled at the local antenna bias supply,Single rail-to-rail low-power op amp,ELECTRICAL_COMPONENT,FITTED,-40..85,CONTROLLED_PENDING_VERIFICATION
MAIN-010-U6,PCB-MAIN,U6,Open_Drain_Buffer,Fail-closed BLE reset buffer,Texas Instruments,SN74LVC1G07DBVR,SOT-23-5_DBV,1,4,0,4,10,0,10,20,0,20,NONE,COMMON,SELECTED_PENDING_REVIEW_A,Authorized or traceable tier-1 channel,Marking MPN package orientation electrical functional sample,MAIN-AUTH-010 exact capture authority; physical pins: 1=NC;2=BLE_EN;3=GND;4=NRF_RESET_N;5=3V3_DIGITAL; R77 and R78 define deterministic reset behavior,Single non-inverting open-drain buffer,ELECTRICAL_COMPONENT,FITTED,-40..125,CONTROLLED_PENDING_VERIFICATION
MAIN-010-Q4,PCB-MAIN,Q4,Dual_MOSFET,Figure 38 T1 P-channel plus T2 N-channel antenna supply switch,Vishay,Si1016X-T1-GE3,SOT-563_SC-89,1,4,0,4,10,0,10,20,0,20,NONE,COMMON,SELECTED_PENDING_REVIEW_A,Authorized or traceable tier-1 channel,Marking MPN package orientation electrical functional sample,MAIN-AUTH-010 exact capture authority; physical pins: 1=GND;2=GNSS_ANT_OFF_N;3=GNSS_ANT_SWITCHED;4=GNSS_ANT_BIAS_RAW;5=GNSS_ANT_GATE;6=GNSS_ANT_GATE; Channel1 N source-gate-drain pins 1-2-6 and channel2 P drain-source-gate pins 3-4-5,Complementary N and P channel 20 V,ELECTRICAL_COMPONENT,FITTED,-55..150,CONTROLLED_PENDING_VERIFICATION
MAIN-010-U19,PCB-MAIN,U19,ESD_Array,J_MIC1 connector-side four-signal ESD shunt,Texas Instruments,TPD4E05U06DQAR,USON-10_DQA,1,4,0,4,10,0,10,20,0,20,NONE,COMMON,SELECTED_PENDING_REVIEW_A,Authorized or traceable tier-1 channel,Marking MPN package orientation electrical functional sample,MAIN-AUTH-010 exact capture authority; physical pins: 1=PDM_CLK_1V8_FANOUT;2=PDM_DATA1_1V8;3=GND;4=MIC_WAKE1;5=AAD_CFG_1V8_FANOUT;6=NC;7=NC;8=GND;9=NC;10=NC; No series pass-through inside device,4 channel 0.5 pF ESD,ELECTRICAL_COMPONENT,FITTED,-40..125,CONTROLLED_PENDING_VERIFICATION
MAIN-010-U20,PCB-MAIN,U20,ESD_Array,J_MIC2 connector-side four-signal ESD shunt,Texas Instruments,TPD4E05U06DQAR,USON-10_DQA,1,4,0,4,10,0,10,20,0,20,NONE,COMMON,SELECTED_PENDING_REVIEW_A,Authorized or traceable tier-1 channel,Marking MPN package orientation electrical functional sample,MAIN-AUTH-010 exact capture authority; physical pins: 1=PDM_CLK_1V8_FANOUT;2=PDM_DATA2_1V8;3=GND;4=MIC_WAKE2;5=AAD_CFG_1V8_FANOUT;6=NC;7=NC;8=GND;9=NC;10=NC; No series pass-through inside device,4 channel 0.5 pF ESD,ELECTRICAL_COMPONENT,FITTED,-40..125,CONTROLLED_PENDING_VERIFICATION
MAIN-010-U21,PCB-MAIN,U21,ESD_Array,J_MIC3 connector-side four-signal ESD shunt,Texas Instruments,TPD4E05U06DQAR,USON-10_DQA,1,4,0,4,10,0,10,20,0,20,NONE,COMMON,SELECTED_PENDING_REVIEW_A,Authorized or traceable tier-1 channel,Marking MPN package orientation electrical functional sample,MAIN-AUTH-010 exact capture authority; physical pins: 1=PDM_CLK_1V8_FANOUT;2=PDM_DATA3_1V8;3=GND;4=MIC_WAKE3;5=AAD_CFG_1V8_FANOUT;6=NC;7=NC;8=GND;9=NC;10=NC; No series pass-through inside device,4 channel 0.5 pF ESD,ELECTRICAL_COMPONENT,FITTED,-40..125,CONTROLLED_PENDING_VERIFICATION
MAIN-010-U22,PCB-MAIN,U22,ESD_Array,J_MIC4 connector-side four-signal ESD shunt,Texas Instruments,TPD4E05U06DQAR,USON-10_DQA,1,4,0,4,10,0,10,20,0,20,NONE,COMMON,SELECTED_PENDING_REVIEW_A,Authorized or traceable tier-1 channel,Marking MPN package orientation electrical functional sample,MAIN-AUTH-010 exact capture authority; physical pins: 1=PDM_CLK_1V8_FANOUT;2=PDM_DATA4_1V8;3=GND;4=MIC_WAKE4;5=AAD_CFG_1V8_FANOUT;6=NC;7=NC;8=GND;9=NC;10=NC; No series pass-through inside device,4 channel 0.5 pF ESD,ELECTRICAL_COMPONENT,FITTED,-40..125,CONTROLLED_PENDING_VERIFICATION
MAIN-010-U23,PCB-MAIN,U23,ESD_Array,J12 DAT2 DAT3 CMD and CLK connector-side ESD shunt,Texas Instruments,TPD4E05U06DQAR,USON-10_DQA,1,4,0,4,10,0,10,20,0,20,NONE,COMMON,SELECTED_PENDING_REVIEW_A,Authorized or traceable tier-1 channel,Marking MPN package orientation electrical functional sample,MAIN-AUTH-010 exact capture authority; physical pins: 1=SD_D2_CARD;2=SD_D3_CARD;3=GND;4=SD_CMD_CARD;5=SD_CK_CARD;6=NC;7=NC;8=GND;9=NC;10=NC; Place adjacent to J12,4 channel 0.5 pF ESD,ELECTRICAL_COMPONENT,FITTED,-40..125,CONTROLLED_PENDING_VERIFICATION
MAIN-010-U24,PCB-MAIN,U24,ESD_Array,J12 DAT0 DAT1 and detect connector-side ESD shunt,Texas Instruments,TPD4E05U06DQAR,USON-10_DQA,1,4,0,4,10,0,10,20,0,20,NONE,COMMON,SELECTED_PENDING_REVIEW_A,Authorized or traceable tier-1 channel,Marking MPN package orientation electrical functional sample,MAIN-AUTH-010 exact capture authority; physical pins: 1=SD_D0_CARD;2=SD_D1_CARD;3=GND;4=SD_DET;5=NC;6=NC;7=NC;8=GND;9=NC;10=NC; Fourth channel intentionally NC,4 channel 0.5 pF ESD,ELECTRICAL_COMPONENT,FITTED,-40..125,CONTROLLED_PENDING_VERIFICATION
MAIN-010-U25,PCB-MAIN,U25,USB_ESD_Array,J11 STM32 USB D+ and D- connector-side ESD shunt,Texas Instruments,TPD2EUSB30DRTR,SOT-9X3_DRT,1,4,0,4,10,0,10,20,0,20,NONE,COMMON,SELECTED_PENDING_REVIEW_A,Authorized or traceable tier-1 channel,Marking MPN package orientation electrical functional sample,MAIN-AUTH-010 exact capture authority; physical pins: 1=USB_DP_CONN;2=USB_DM_CONN;3=GND; Preserve USB2 differential impedance,2 channel 0.7 pF USB ESD,ELECTRICAL_COMPONENT,FITTED,-40..85,CONTROLLED_PENDING_VERIFICATION
MAIN-010-U26,PCB-MAIN,U26,USB_ESD_Array,BG95 recovery USB D+ and D- fixture-side ESD shunt,Texas Instruments,TPD2EUSB30DRTR,SOT-9X3_DRT,1,4,0,4,10,0,10,20,0,20,NONE,COMMON,SELECTED_PENDING_REVIEW_A,Authorized or traceable tier-1 channel,Marking MPN package orientation electrical functional sample,MAIN-AUTH-010 exact capture authority; physical pins: 1=CELL_USB_DP_TP;2=CELL_USB_DM_TP;3=GND_MODEM; Never connect to J11 USB nets,2 channel 0.7 pF USB ESD,ELECTRICAL_COMPONENT,FITTED,-40..85,CONTROLLED_PENDING_VERIFICATION
MAIN-010-U27,PCB-MAIN,U27,ESD_Array,BG95 debug fixture four-signal ESD shunt,Texas Instruments,TPD4E05U06DQAR,USON-10_DQA,1,4,0,4,10,0,10,20,0,20,NONE,COMMON,SELECTED_PENDING_REVIEW_A,Authorized or traceable tier-1 channel,Marking MPN package orientation electrical functional sample,MAIN-AUTH-010 exact capture authority; physical pins: 1=CELL_DBG_TXD_TP;2=CELL_DBG_RXD_TP;3=GND_MODEM;4=CELL_DBG_VREF_TP;5=CELL_USB_BOOT_TP;6=NC;7=NC;8=GND_MODEM;9=NC;10=NC; All fixture signals remain 1.8 V domain,4 channel 0.5 pF ESD,ELECTRICAL_COMPONENT,FITTED,-40..125,CONTROLLED_PENDING_VERIFICATION
MAIN-010-D1,PCB-MAIN,D1,Supply_TVS,U8 VBAT_BB low-leakage TVS shunt,Nexperia,PESD5V0S1UL,SOD882,1,4,0,4,10,0,10,20,0,20,NONE,COMMON,SELECTED_PENDING_REVIEW_A,Authorized or traceable tier-1 channel,Marking MPN package orientation electrical functional sample,MAIN-AUTH-010 exact capture authority; physical pins: 1=3V8_MODEM_BB;2=GND_MODEM; Cathode pin 1 is the protected rail,5 V unidirectional 150 W TVS,ELECTRICAL_COMPONENT,FITTED,-55..150,CONTROLLED_PENDING_VERIFICATION
MAIN-010-D2,PCB-MAIN,D2,Supply_TVS,U8 VBAT_RF low-leakage TVS shunt,Nexperia,PESD5V0S1UL,SOD882,1,4,0,4,10,0,10,20,0,20,NONE,COMMON,SELECTED_PENDING_REVIEW_A,Authorized or traceable tier-1 channel,Marking MPN package orientation electrical functional sample,MAIN-AUTH-010 exact capture authority; physical pins: 1=3V8_MODEM_RF;2=GND_MODEM; Cathode pin 1 is the protected rail,5 V unidirectional 150 W TVS,ELECTRICAL_COMPONENT,FITTED,-55..150,CONTROLLED_PENDING_VERIFICATION
MAIN-010-D3,PCB-MAIN,D3,RF_ESD,J8 connector-side cellular RF ESD shunt,Nexperia,PESD5V0C1BSF,SOD962-2,1,4,0,4,10,0,10,20,0,20,NONE,COMMON,SELECTED_PENDING_REVIEW_A,Authorized or traceable tier-1 channel,Marking MPN package orientation electrical functional sample,MAIN-AUTH-010 exact capture authority; physical pins: 1=CELL_RF_ANT;2=GND_MODEM; No series element and no RF stub,5 V bidirectional 0.2 pF RF ESD,ELECTRICAL_COMPONENT,FITTED,-40..125,CONTROLLED_PENDING_VERIFICATION
MAIN-010-D4,PCB-MAIN,D4,RF_ESD,J9 connector-side GNSS RF ESD shunt,Texas Instruments,TPD1E05U06DYAR,SOD-523_DYA,1,4,0,4,10,0,10,20,0,20,NONE,COMMON,SELECTED_PENDING_REVIEW_A,Authorized or traceable tier-1 channel,Marking MPN package orientation electrical functional sample,MAIN-AUTH-010 exact capture authority; physical pins: 1=GNSS_RF_ANT_BIASED;2=GND; Unidirectional part is required because the RF node carries DC antenna bias,5.5 V unidirectional 0.5 pF RF ESD,ELECTRICAL_COMPONENT,FITTED,-40..125,CONTROLLED_PENDING_VERIFICATION
MAIN-010-D5,PCB-MAIN,D5,RF_ESD,J10 connector-side LoRa RF ESD shunt,Nexperia,PESD5V0C1BSF,SOD962-2,1,4,0,4,10,0,10,20,0,20,NONE,COMMON,SELECTED_PENDING_REVIEW_A,Authorized or traceable tier-1 channel,Marking MPN package orientation electrical functional sample,MAIN-AUTH-010 exact capture authority; physical pins: 1=LORA_RF_ANT;2=GND; No series element and no RF stub,5 V bidirectional 0.2 pF RF ESD,ELECTRICAL_COMPONENT,FITTED,-40..125,CONTROLLED_PENDING_VERIFICATION
MAIN-010-D6,PCB-MAIN,D6,ESD_Diode,J11 VBUS connector-side ESD shunt,Texas Instruments,TPD1E05U06DYAR,SOD-523_DYA,1,4,0,4,10,0,10,20,0,20,NONE,COMMON,SELECTED_PENDING_REVIEW_A,Authorized or traceable tier-1 channel,Marking MPN package orientation electrical functional sample,MAIN-AUTH-010 exact capture authority; physical pins: 1=USB_VBUS_CONN;2=GND; VBUS is sense-only on PCB-MAIN,5.5 V 0.5 pF ESD,ELECTRICAL_COMPONENT,FITTED,-40..125,CONTROLLED_PENDING_VERIFICATION
MAIN-010-D7,PCB-MAIN,D7,ESD_Diode,J11 CC1 connector-side ESD shunt,Texas Instruments,TPD1E05U06DYAR,SOD-523_DYA,1,4,0,4,10,0,10,20,0,20,NONE,COMMON,SELECTED_PENDING_REVIEW_A,Authorized or traceable tier-1 channel,Marking MPN package orientation electrical functional sample,MAIN-AUTH-010 exact capture authority; physical pins: 1=USB_CC1;2=GND; Place ahead of R93,5.5 V 0.5 pF ESD,ELECTRICAL_COMPONENT,FITTED,-40..125,CONTROLLED_PENDING_VERIFICATION
MAIN-010-D8,PCB-MAIN,D8,ESD_Diode,J11 CC2 connector-side ESD shunt,Texas Instruments,TPD1E05U06DYAR,SOD-523_DYA,1,4,0,4,10,0,10,20,0,20,NONE,COMMON,SELECTED_PENDING_REVIEW_A,Authorized or traceable tier-1 channel,Marking MPN package orientation electrical functional sample,MAIN-AUTH-010 exact capture authority; physical pins: 1=USB_CC2;2=GND; Place ahead of R94,5.5 V 0.5 pF ESD,ELECTRICAL_COMPONENT,FITTED,-40..125,CONTROLLED_PENDING_VERIFICATION
MAIN-010-D9,PCB-MAIN,D9,ESD_Diode,J13 tamper connector-side ESD shunt,Texas Instruments,TPD1E05U06DYAR,SOD-523_DYA,1,4,0,4,10,0,10,20,0,20,NONE,COMMON,SELECTED_PENDING_REVIEW_A,Authorized or traceable tier-1 channel,Marking MPN package orientation electrical functional sample,MAIN-AUTH-010 exact capture authority; physical pins: 1=TAMPER_IN_CONN;2=GND; Place adjacent to J13,5.5 V 0.5 pF ESD,ELECTRICAL_COMPONENT,FITTED,-40..125,CONTROLLED_PENDING_VERIFICATION
MAIN-010-D10,PCB-MAIN,D10,ESD_Diode,BG95 recovery VBUS fixture-side ESD shunt,Texas Instruments,TPD1E05U06DYAR,SOD-523_DYA,1,4,0,4,10,0,10,20,0,20,NONE,COMMON,SELECTED_PENDING_REVIEW_A,Authorized or traceable tier-1 channel,Marking MPN package orientation electrical functional sample,MAIN-AUTH-010 exact capture authority; physical pins: 1=CELL_USB_VBUS;2=GND_MODEM; Fixture-controlled VBUS only,5.5 V 0.5 pF ESD,ELECTRICAL_COMPONENT,FITTED,-40..125,CONTROLLED_PENDING_VERIFICATION
MAIN-010-D11,PCB-MAIN,D11,ESD_Diode,J12 microSD supply connector-side ESD shunt,Texas Instruments,TPD1E05U06DYAR,SOD-523_DYA,1,4,0,4,10,0,10,20,0,20,NONE,COMMON,SELECTED_PENDING_REVIEW_A,Authorized or traceable tier-1 channel,Marking MPN package orientation electrical functional sample,MAIN-AUTH-010 exact capture authority; physical pins: 1=3V3_DIGITAL;2=GND; Place adjacent to J12 VDD,5.5 V 0.5 pF ESD,ELECTRICAL_COMPONENT,FITTED,-40..125,CONTROLLED_PENDING_VERIFICATION
J-USB,PCB-MAIN,J11,Connector,STM32 USB-C service and system-memory recovery,GCT,USB4105-GF-A-120,16 positions,1,4,1,5,10,3,13,20,5,25,SCALE_CEIL_FROM_20_BASELINE,COMMON,MECHANICAL_AUTHORITY_FROZEN_PENDING_PHYSICAL_TEST,Authorized or traceable tier-1 channel,Marking MPN package orientation electrical functional sample,Mating USB-C_cable; terminal N/A; blockers: service-cover seal; connector insertion and cycle test,,ELECTRICAL_COMPONENT,FITTED,-40..85,CONTROLLED_PENDING_VERIFICATION
J-PWR-IN,PCB-PWR,J1,Connector,Battery protected-bus input,Molex,430450213,2 positions,1,4,1,5,10,3,13,20,5,25,SCALE_CEIL_FROM_20_BASELINE,COMMON,SELECTED_PENDING_MECHANICS,Authorized or traceable tier-1 channel,Marking MPN package orientation electrical functional sample,Mating Molex_430250200; terminal Molex_430300038; blockers: final orientation and service clearance; pull/thermal test,,ELECTRICAL_COMPONENT,FITTED,header -40..125; housing -40..105,CONTROLLED_PENDING_VERIFICATION
J-MIC-MAIN,PCB-MAIN,J_MIC1;J_MIC2;J_MIC3;J_MIC4,Connector,Four 6-position microphone MAIN board headers,Molex,5040500691,Pico-Lock 1.50 mm 6-circuit right-angle SMT,4,16,3,19,40,6,46,80,12,92,SCALE_CEIL_FROM_20_BASELINE,COMMON,MECHANICAL_AUTHORITY_FROZEN_PENDING_SI_AAD,Authorized or traceable tier-1 channel,Marking MPN package orientation electrical functional sample,MAIN-side mates of four PCB-MIC harnesses; same header MPN and pin order as every leaf,,ELECTRICAL_COMPONENT,FITTED,-40..105,CONTROLLED_PENDING_VERIFICATION
H-MIC,HARNESS-MIC,H_MIC1:A/B;H_MIC2:A/B;H_MIC3:A/B;H_MIC4:A/B,Housing,"Pico-Lock 6-position cable housings, two per MIC harness",Molex,5040510601,Pico-Lock 1.50 mm 6-circuit housing,8,32,4,36,80,8,88,160,16,176,SCALE_CEIL_FROM_20_BASELINE,COMMON,SELECTED_PENDING_HARNESS_LENGTH_PULL_TEST,Authorized or traceable tier-1 channel,Marking MPN package orientation electrical functional sample,Two housings per cable x four cables; keyed to 5040500691 board headers,,HARNESS_COMPONENT,FITTED,-40..105,CONTROLLED_PENDING_VERIFICATION
T-MIC,HARNESS-MIC,H_MIC1..H_MIC4 contacts,Terminal,"Pico-Lock crimp terminals, twelve per MIC harness",Molex,5040520098,Pico-Lock crimp terminal 28-24 AWG,48,192,48,240,480,48,528,960,48,1008,FIXED_LOT_MIN,COMMON,SELECTED_PENDING_CRIMP_PULL_TEST,Authorized or traceable tier-1 channel,Marking MPN package orientation electrical functional sample,6 contacts x 2 ends x 4 harnesses; procurement includes one-station terminal spare set,,HARNESS_COMPONENT,FITTED,-40..105,CONTROLLED_PENDING_VERIFICATION
H-PWR-MAIN,HARNESS-PWR-MAIN,H_PWR_MAIN:A/B,Housing,"Micro-Fit 3.0 12-position cable housings, two per MAIN-PWR harness",Molex,43025-1200,Micro-Fit 3.0 12-circuit housing,2,8,1,9,20,2,22,40,4,44,SCALE_CEIL_FROM_20_BASELINE,COMMON,SELECTED_PENDING_MECHANICS_I2C_TEST,Authorized or traceable tier-1 channel,Marking MPN package orientation electrical functional sample,One housing at PCB-MAIN and one at PCB-PWR,,HARNESS_COMPONENT,FITTED,-40..105,CONTROLLED_PENDING_VERIFICATION
T-PWR-MAIN-PWR,HARNESS-PWR-MAIN,H_PWR_MAIN power contacts,Terminal,Micro-Fit crimp terminals for six power/ground conductors at both ends,Molex,43030-0038,Micro-Fit female crimp terminal 18 AWG class,12,48,3,51,120,6,126,240,12,252,SCALE_CEIL_FROM_20_BASELINE,COMMON,SELECTED_PENDING_CURRENT_PULL_TEST,Authorized or traceable tier-1 channel,Marking MPN package orientation electrical functional sample,Pins 1-6 x two cable ends; final wire construction must match approved terminal range,,HARNESS_COMPONENT,FITTED,-40..105,CONTROLLED_PENDING_VERIFICATION
T-PWR-MAIN-CTL,HARNESS-PWR-MAIN,H_PWR_MAIN control contacts,Terminal,Micro-Fit crimp terminals for six control/I2C conductors at both ends,Molex,43030-0001,Micro-Fit female crimp terminal 20-24 AWG class,12,48,3,51,120,6,126,240,12,252,SCALE_CEIL_FROM_20_BASELINE,COMMON,SELECTED_PENDING_I2C_PULL_TEST,Authorized or traceable tier-1 channel,Marking MPN package orientation electrical functional sample,Pins 7-12 x two cable ends; includes I2C2 SCL/SDA on pins 11/12,,HARNESS_COMPONENT,FITTED,-40..105,CONTROLLED_PENDING_VERIFICATION
R-MIC,PCB-MIC,PCB-MIC:R1 x4,Passive,0 ohm PDM DATA source-termination/tuning link,Panasonic Industry,ERJ-2GE0R00X,0402 1005 metric,4,16,40,56,40,40,80,80,40,120,FIXED_LOT_MIN,COMMON,SELECTED_POPULATED_BASELINE_PENDING_SI,Authorized or traceable tier-1 channel,Marking MPN package orientation electrical functional sample,One populated R1 per PCB-MIC leaf; any DNP/value change requires SI review and BOM revision,0 ohm,ELECTRICAL_COMPONENT,FITTED,-55..155,CONTROLLED_PENDING_VERIFICATION
PWR-C-100N,PCB-PWR,C1;C2;C4;C6,Passive,PCB-PWR 100 nF 25 V X7R,TDK,CGA2B3X7R1E104K050BB,0402,4,16,40,56,40,40,80,80,40,120,FIXED_LOT_MIN,COMMON,LOCKED_CANDIDATE_PENDING_DERATING,Authorized or traceable tier-1 channel,Marking MPN package orientation electrical functional sample,Rev.A source PCB_PWR_PASSIVE_AUTHORITY_REV_A.csv; footprint Capacitor_SMD:C_0402_1005Metric; blockers: DC bias and assembly review; bootstrap loop placement and assembly review,100 nF 25 V X7R,ELECTRICAL_COMPONENT,FITTED,-55..125,CONTROLLED_PENDING_VERIFICATION
PWR-C-LDO,PCB-PWR,C7;C8,Passive,PCB-PWR 2.2 uF 10 V X7R,TDK,CGA3E1X7R1A225K080AC,0603,2,8,40,48,20,40,60,40,40,80,FIXED_LOT_MIN,COMMON,LOCKED_CANDIDATE_PENDING_DERATING,Authorized or traceable tier-1 channel,Marking MPN package orientation electrical functional sample,Rev.A source PCB_PWR_PASSIVE_AUTHORITY_REV_A.csv; footprint Capacitor_SMD:C_0603_1608Metric; blockers: effective capacitance and microphone noise test; effective capacitance and noise test,2.2 uF 10 V X7R,ELECTRICAL_COMPONENT,FITTED,-55..125,CONTROLLED_PENDING_VERIFICATION
PWR-C-CIN-HF,PCB-PWR,C9,Passive,PCB-PWR 100 nF 50 V X7R,TDK,CGA3E2X7R1H104K080AA,0603,1,4,40,44,10,40,50,20,40,60,FIXED_LOT_MIN,COMMON,LOCKED_CANDIDATE_PENDING_TRANSIENT,Authorized or traceable tier-1 channel,Marking MPN package orientation electrical functional sample,Rev.A source PCB_PWR_PASSIVE_AUTHORITY_REV_A.csv; footprint Capacitor_SMD:C_0603_1608Metric; blockers: transient profile and TVS coordination,100 nF 50 V X7R,ELECTRICAL_COMPONENT,FITTED,-55..125,CONTROLLED_PENDING_VERIFICATION
PWR-C-INPUT,PCB-PWR,C10;C11;C12,Passive,PCB-PWR 4.7 uF 50 V X7R,TDK,CGA6P3X7R1H475K250AB,1210,3,12,40,52,30,40,70,60,40,100,FIXED_LOT_MIN,COMMON,CONTROLLED_CANDIDATE_PENDING_MULTIPLE_REVIEWS,Authorized or traceable tier-1 channel,Marking MPN package orientation electrical functional sample,Rev.A source PCB_PWR_PASSIVE_AUTHORITY_REV_A.csv; footprint Capacitor_SMD:C_1210_3225Metric; blockers: DC bias load-step and hot-loop review; transient profile DC bias and assembly review,4.7 uF 50 V X7R,ELECTRICAL_COMPONENT,FITTED,-55..125,CONTROLLED_PENDING_VERIFICATION
PWR-C-BULK,PCB-PWR,C13,Passive,PCB-PWR 100 uF 35 V hybrid,Panasonic Industry,EEH-ZK1V101XP,SMD can 6.3x7.7 mm,1,4,40,44,10,40,50,20,40,60,FIXED_LOT_MIN,COMMON,LOCKED_CANDIDATE_PACKAGE_REVIEW_PENDING,Authorized or traceable tier-1 channel,Marking MPN package orientation electrical functional sample,Rev.A source PCB_PWR_PASSIVE_AUTHORITY_REV_A.csv; footprint Capacitor_SMD:CP_Elec_6.3x7.7; blockers: manufacturer land-pattern comparison transient ripple and thermal test,100 uF 35 V hybrid,ELECTRICAL_COMPONENT,FITTED,-55..125,CONTROLLED_PENDING_VERIFICATION
PWR-COUT-3V8,PCB-PWR,C3;C14;C15;C16,Passive,PCB-PWR 22 uF 25 V X7R,TDK,CGA6P3X7R1E226M250AB,1210,4,16,40,56,40,40,80,80,40,120,FIXED_LOT_MIN,COMMON,LOCKED_CANDIDATE_PENDING_DERATING,Authorized or traceable tier-1 channel,Marking MPN package orientation electrical functional sample,Rev.A source PCB_PWR_PASSIVE_AUTHORITY_REV_A.csv; footprint Capacitor_SMD:C_1210_3225Metric; blockers: DC bias load-step ripple and assembly review,22 uF 25 V X7R,ELECTRICAL_COMPONENT,FITTED,-55..125,CONTROLLED_PENDING_VERIFICATION
PWR-COUT-3V3,PCB-PWR,C5;C17;C18;C19,Passive,PCB-PWR 22 uF 25 V X7R,TDK,CGA6P3X7R1E226M250AB,1210,4,16,40,56,40,40,80,80,40,120,FIXED_LOT_MIN,COMMON,LOCKED_CANDIDATE_PENDING_DERATING,Authorized or traceable tier-1 channel,Marking MPN package orientation electrical functional sample,Rev.A source PCB_PWR_PASSIVE_AUTHORITY_REV_A.csv; footprint Capacitor_SMD:C_1210_3225Metric; blockers: DC bias load-step ripple and assembly review,22 uF 25 V X7R,ELECTRICAL_COMPONENT,FITTED,-55..125,CONTROLLED_PENDING_VERIFICATION
PWR-R-100K-01,PCB-PWR,R1,Passive,PCB-PWR 100 kOhm 0.1%,Panasonic Industry,ERA-2AEB104X,0402,1,4,40,44,10,40,50,20,40,60,FIXED_LOT_MIN,COMMON,LOCKED_CANDIDATE,Authorized or traceable tier-1 channel,Marking MPN package orientation electrical functional sample,Rev.A source PCB_PWR_PASSIVE_AUTHORITY_REV_A.csv; footprint Resistor_SMD:R_0402_1005Metric; blockers: feedback tolerance and load-step verification,100 kOhm 0.1%,ELECTRICAL_COMPONENT,FITTED,-55..155,CONTROLLED_PENDING_VERIFICATION
PWR-R-35K7,PCB-PWR,R2,Passive,PCB-PWR 35.7 kOhm 0.1%,Panasonic Industry,ERA-2AEB3572X,0402,1,4,40,44,10,40,50,20,40,60,FIXED_LOT_MIN,COMMON,LOCKED_CANDIDATE,Authorized or traceable tier-1 channel,Marking MPN package orientation electrical functional sample,Rev.A source PCB_PWR_PASSIVE_AUTHORITY_REV_A.csv; footprint Resistor_SMD:R_0402_1005Metric; blockers: feedback tolerance and load-step verification,35.7 kOhm 0.1%,ELECTRICAL_COMPONENT,FITTED,-55..155,CONTROLLED_PENDING_VERIFICATION
PWR-R-86K6,PCB-PWR,R3;R7,Passive,PCB-PWR 86.6 kOhm 0.1%,Panasonic Industry,ERA-2AEB8662X,0402,2,8,40,48,20,40,60,40,40,80,FIXED_LOT_MIN,COMMON,LOCKED_CANDIDATE,Authorized or traceable tier-1 channel,Marking MPN package orientation electrical functional sample,Rev.A source PCB_PWR_PASSIVE_AUTHORITY_REV_A.csv; footprint Resistor_SMD:R_0402_1005Metric; blockers: switching-frequency measurement,86.6 kOhm 0.1%,ELECTRICAL_COMPONENT,FITTED,-55..155,CONTROLLED_PENDING_VERIFICATION
PWR-R-0R,PCB-PWR,R4;R8,Passive,PCB-PWR 0 ohm,Panasonic Industry,ERJ-2GE0R00X,0402,2,8,40,48,20,40,60,40,40,80,FIXED_LOT_MIN,COMMON,LOCKED_FITTED,Authorized or traceable tier-1 channel,Marking MPN package orientation electrical functional sample,Rev.A source PCB_PWR_PASSIVE_AUTHORITY_REV_A.csv; footprint Resistor_SMD:R_0402_1005Metric; blockers: mode and sleep-current test,0 ohm,ELECTRICAL_COMPONENT,FITTED,-55..155,CONTROLLED_PENDING_VERIFICATION
PWR-R-0R-DNP,PCB-PWR,R5;R9,Passive,PCB-PWR 0 ohm,Panasonic Industry,ERJ-2GE0R00X,0402,0,0,0,0,0,0,0,0,0,0,NONE,COMMON,LOCKED_DNP,Authorized or traceable tier-1 channel,Marking MPN package orientation electrical functional sample,Rev.A source PCB_PWR_PASSIVE_AUTHORITY_REV_A.csv; footprint Resistor_SMD:R_0402_1005Metric; blockers: assembly population control,0 ohm,ELECTRICAL_COMPONENT,DNP,-55..155,CONTROLLED_DNP
PWR-R-100K,PCB-PWR,R6;R11,Passive,PCB-PWR 100 kOhm 1%,Panasonic Industry,ERJ-2RKF1003X,0402,2,8,40,48,20,40,60,40,40,80,FIXED_LOT_MIN,COMMON,LOCKED_FITTED,Authorized or traceable tier-1 channel,Marking MPN package orientation electrical functional sample,Rev.A source PCB_PWR_PASSIVE_AUTHORITY_REV_A.csv; footprint Resistor_SMD:R_0402_1005Metric; blockers: startup state verification,100 kOhm 1%,ELECTRICAL_COMPONENT,FITTED,-55..155,CONTROLLED_PENDING_VERIFICATION
PWR-R-10K,PCB-PWR,R10;R12,Passive,PCB-PWR 10 kOhm 1%,Panasonic Industry,ERJ-2RKF1002X,0402,2,8,40,48,20,40,60,40,40,80,FIXED_LOT_MIN,COMMON,LOCKED_FITTED,Authorized or traceable tier-1 channel,Marking MPN package orientation electrical functional sample,Rev.A source PCB_PWR_PASSIVE_AUTHORITY_REV_A.csv; footprint Resistor_SMD:R_0402_1005Metric; blockers: logic threshold and fault verification; logic threshold and startup verification,10 kOhm 1%,ELECTRICAL_COMPONENT,FITTED,-55..155,CONTROLLED_PENDING_VERIFICATION
PWR-R-4K7-DNP,PCB-PWR,R13;R14,Passive,PCB-PWR 4.7 kOhm 1%,Panasonic Industry,ERJ-2RKF4701X,0402,0,0,0,0,0,0,0,0,0,0,NONE,COMMON,LOCKED_DNP,Authorized or traceable tier-1 channel,Marking MPN package orientation electrical functional sample,Rev.A source PCB_PWR_PASSIVE_AUTHORITY_REV_A.csv; footprint Resistor_SMD:R_0402_1005Metric; blockers: I2C harness capacitance and population control,4.7 kOhm 1%,ELECTRICAL_COMPONENT,DNP,-55..155,CONTROLLED_DNP
PWR-R-10K-DNP,PCB-PWR,R15,Passive,PCB-PWR 10 kOhm 1%,Panasonic Industry,ERJ-2RKF1002X,0402,0,0,0,0,0,0,0,0,0,0,NONE,COMMON,LOCKED_DNP,Authorized or traceable tier-1 channel,Marking MPN package orientation electrical functional sample,Rev.A source PCB_PWR_PASSIVE_AUTHORITY_REV_A.csv; footprint Resistor_SMD:R_0402_1005Metric; blockers: diagnostic population control,10 kOhm 1%,ELECTRICAL_COMPONENT,DNP,-55..155,CONTROLLED_DNP
PWR-NET-TIE,PCB-PWR,NT1;NT2;NT3,PCB feature,PCB-PWR 2-pad copper net tie,PCB fabrication,NET_TIE_COPPER_REV_A,NetTie-2 SMD pad 0.5 mm,3,12,0,12,30,0,30,60,0,60,NONE,COMMON,LOCKED_LAYOUT_PENDING,Authorized or traceable tier-1 channel,Marking MPN package orientation electrical functional sample,Rev.A source PCB_PWR_PASSIVE_AUTHORITY_REV_A.csv; footprint NetTie:NetTie-2_SMD_Pad0.5mm; blockers: layout current-return review,2-pad copper net tie,PCB_FEATURE,PCB_FEATURE,N/A,CONTROLLED_PENDING_VERIFICATION
PWR-L,PCB-PWR,L1;L2,Passive,PCB-PWR 4.7 uH +/-20%,Coilcraft,XAL7030-472MEC,XAL7030,2,8,10,18,20,10,30,40,10,50,FIXED_LOT_MIN,COMMON,SELECTED_PENDING_LAYOUT_THERMAL_EMI,Authorized or traceable tier-1 channel,Marking MPN package orientation electrical functional sample,Rev.A freeze source POWER_COMPONENT_FREEZE_REV_A.csv; exact land pattern controlled; blockers: placement and hot-loop review; 0.48 W max-DCR loss at 4 A; +70 C thermal; load-step; EMI,4.7 uH +/-20%,ELECTRICAL_COMPONENT,FITTED,-40..125 ambient / +165 component,CONTROLLED_PENDING_VERIFICATION
