ISO-10303-21;
HEADER;
FILE_DESCRIPTION(('Open CASCADE Model'),'2;1');
FILE_NAME('Open CASCADE Shape Model','2026-09-29T15:27:43',('Author'),(
    'Open CASCADE'),'Open CASCADE STEP processor 7.8','Open CASCADE 7.8'
  ,'Unknown');
FILE_SCHEMA(('AUTOMOTIVE_DESIGN { 1 0 10303 214 1 1 1 1 }'));
ENDSEC;
DATA;
#1 = APPLICATION_PROTOCOL_DEFINITION('international standard',
  'automotive_design',2000,#2);
#2 = APPLICATION_CONTEXT(
  'core data for automotive mechanical design processes');
#3 = SHAPE_DEFINITION_REPRESENTATION(#4,#10);
#4 = PRODUCT_DEFINITION_SHAPE('','',#5);
#5 = PRODUCT_DEFINITION('design','',#6,#9);
#6 = PRODUCT_DEFINITION_FORMATION('','',#7);
#7 = PRODUCT('Open CASCADE STEP translator 7.8 1',
  'Open CASCADE STEP translator 7.8 1','',(#8));
#8 = PRODUCT_CONTEXT('',#2,'mechanical');
#9 = PRODUCT_DEFINITION_CONTEXT('part definition',#2,'design');
#10 = ADVANCED_BREP_SHAPE_REPRESENTATION('',(#11,#15),#2591);
#11 = AXIS2_PLACEMENT_3D('',#12,#13,#14);
#12 = CARTESIAN_POINT('',(0.,0.,0.));
#13 = DIRECTION('',(0.,0.,1.));
#14 = DIRECTION('',(1.,0.,-0.));
#15 = MANIFOLD_SOLID_BREP('',#16);
#16 = CLOSED_SHELL('',(#17,#168,#734,#784,#838,#963,#1013,#1040,#1067,
    #1094,#1121,#1159,#1214,#1269,#1324,#1422,#1470,#1518,#1565,#1612,
    #1664,#1716,#1746,#1801,#1828,#1832,#1836,#1840,#1975,#1979,#2034,
    #2089,#2144,#2199,#2238,#2277,#2316,#2355,#2410,#2465,#2520,#2575,
    #2579,#2583,#2587));
#17 = ADVANCED_FACE('',(#18,#137),#32,.F.);
#18 = FACE_BOUND('',#19,.F.);
#19 = EDGE_LOOP('',(#20,#55,#83,#111));
#20 = ORIENTED_EDGE('',*,*,#21,.F.);
#21 = EDGE_CURVE('',#22,#24,#26,.T.);
#22 = VERTEX_POINT('',#23);
#23 = CARTESIAN_POINT('',(-8.881784197001E-16,5.,65.));
#24 = VERTEX_POINT('',#25);
#25 = CARTESIAN_POINT('',(-8.881784197001E-16,110.,65.));
#26 = SURFACE_CURVE('',#27,(#31,#43),.PCURVE_S1.);
#27 = LINE('',#28,#29);
#28 = CARTESIAN_POINT('',(0.,0.,65.));
#29 = VECTOR('',#30,1.);
#30 = DIRECTION('',(0.,1.,0.));
#31 = PCURVE('',#32,#37);
#32 = PLANE('',#33);
#33 = AXIS2_PLACEMENT_3D('',#34,#35,#36);
#34 = CARTESIAN_POINT('',(0.,0.,0.));
#35 = DIRECTION('',(1.,0.,0.));
#36 = DIRECTION('',(0.,0.,1.));
#37 = DEFINITIONAL_REPRESENTATION('',(#38),#42);
#38 = LINE('',#39,#40);
#39 = CARTESIAN_POINT('',(65.,0.));
#40 = VECTOR('',#41,1.);
#41 = DIRECTION('',(0.,-1.));
#42 = ( GEOMETRIC_REPRESENTATION_CONTEXT(2) 
PARAMETRIC_REPRESENTATION_CONTEXT() REPRESENTATION_CONTEXT('2D SPACE',''
  ) );
#43 = PCURVE('',#44,#49);
#44 = PLANE('',#45);
#45 = AXIS2_PLACEMENT_3D('',#46,#47,#48);
#46 = CARTESIAN_POINT('',(0.,0.,65.));
#47 = DIRECTION('',(0.,0.,1.));
#48 = DIRECTION('',(1.,0.,0.));
#49 = DEFINITIONAL_REPRESENTATION('',(#50),#54);
#50 = LINE('',#51,#52);
#51 = CARTESIAN_POINT('',(0.,0.));
#52 = VECTOR('',#53,1.);
#53 = DIRECTION('',(0.,1.));
#54 = ( GEOMETRIC_REPRESENTATION_CONTEXT(2) 
PARAMETRIC_REPRESENTATION_CONTEXT() REPRESENTATION_CONTEXT('2D SPACE',''
  ) );
#55 = ORIENTED_EDGE('',*,*,#56,.F.);
#56 = EDGE_CURVE('',#57,#22,#59,.T.);
#57 = VERTEX_POINT('',#58);
#58 = CARTESIAN_POINT('',(-8.881784197001E-16,5.,0.));
#59 = SURFACE_CURVE('',#60,(#64,#71),.PCURVE_S1.);
#60 = LINE('',#61,#62);
#61 = CARTESIAN_POINT('',(-8.881784197001E-16,5.,0.));
#62 = VECTOR('',#63,1.);
#63 = DIRECTION('',(0.,0.,1.));
#64 = PCURVE('',#32,#65);
#65 = DEFINITIONAL_REPRESENTATION('',(#66),#70);
#66 = LINE('',#67,#68);
#67 = CARTESIAN_POINT('',(0.,-5.));
#68 = VECTOR('',#69,1.);
#69 = DIRECTION('',(1.,0.));
#70 = ( GEOMETRIC_REPRESENTATION_CONTEXT(2) 
PARAMETRIC_REPRESENTATION_CONTEXT() REPRESENTATION_CONTEXT('2D SPACE',''
  ) );
#71 = PCURVE('',#72,#77);
#72 = CYLINDRICAL_SURFACE('',#73,5.);
#73 = AXIS2_PLACEMENT_3D('',#74,#75,#76);
#74 = CARTESIAN_POINT('',(5.,5.,0.));
#75 = DIRECTION('',(0.,0.,1.));
#76 = DIRECTION('',(-1.,-0.,0.));
#77 = DEFINITIONAL_REPRESENTATION('',(#78),#82);
#78 = LINE('',#79,#80);
#79 = CARTESIAN_POINT('',(0.,0.));
#80 = VECTOR('',#81,1.);
#81 = DIRECTION('',(0.,1.));
#82 = ( GEOMETRIC_REPRESENTATION_CONTEXT(2) 
PARAMETRIC_REPRESENTATION_CONTEXT() REPRESENTATION_CONTEXT('2D SPACE',''
  ) );
#83 = ORIENTED_EDGE('',*,*,#84,.T.);
#84 = EDGE_CURVE('',#57,#85,#87,.T.);
#85 = VERTEX_POINT('',#86);
#86 = CARTESIAN_POINT('',(-8.881784197001E-16,110.,0.));
#87 = SURFACE_CURVE('',#88,(#92,#99),.PCURVE_S1.);
#88 = LINE('',#89,#90);
#89 = CARTESIAN_POINT('',(0.,0.,0.));
#90 = VECTOR('',#91,1.);
#91 = DIRECTION('',(0.,1.,0.));
#92 = PCURVE('',#32,#93);
#93 = DEFINITIONAL_REPRESENTATION('',(#94),#98);
#94 = LINE('',#95,#96);
#95 = CARTESIAN_POINT('',(0.,0.));
#96 = VECTOR('',#97,1.);
#97 = DIRECTION('',(0.,-1.));
#98 = ( GEOMETRIC_REPRESENTATION_CONTEXT(2) 
PARAMETRIC_REPRESENTATION_CONTEXT() REPRESENTATION_CONTEXT('2D SPACE',''
  ) );
#99 = PCURVE('',#100,#105);
#100 = PLANE('',#101);
#101 = AXIS2_PLACEMENT_3D('',#102,#103,#104);
#102 = CARTESIAN_POINT('',(0.,0.,0.));
#103 = DIRECTION('',(0.,0.,1.));
#104 = DIRECTION('',(1.,0.,0.));
#105 = DEFINITIONAL_REPRESENTATION('',(#106),#110);
#106 = LINE('',#107,#108);
#107 = CARTESIAN_POINT('',(0.,0.));
#108 = VECTOR('',#109,1.);
#109 = DIRECTION('',(0.,1.));
#110 = ( GEOMETRIC_REPRESENTATION_CONTEXT(2) 
PARAMETRIC_REPRESENTATION_CONTEXT() REPRESENTATION_CONTEXT('2D SPACE',''
  ) );
#111 = ORIENTED_EDGE('',*,*,#112,.T.);
#112 = EDGE_CURVE('',#85,#24,#113,.T.);
#113 = SURFACE_CURVE('',#114,(#118,#125),.PCURVE_S1.);
#114 = LINE('',#115,#116);
#115 = CARTESIAN_POINT('',(-8.881784197001E-16,110.,0.));
#116 = VECTOR('',#117,1.);
#117 = DIRECTION('',(0.,0.,1.));
#118 = PCURVE('',#32,#119);
#119 = DEFINITIONAL_REPRESENTATION('',(#120),#124);
#120 = LINE('',#121,#122);
#121 = CARTESIAN_POINT('',(0.,-110.));
#122 = VECTOR('',#123,1.);
#123 = DIRECTION('',(1.,0.));
#124 = ( GEOMETRIC_REPRESENTATION_CONTEXT(2) 
PARAMETRIC_REPRESENTATION_CONTEXT() REPRESENTATION_CONTEXT('2D SPACE',''
  ) );
#125 = PCURVE('',#126,#131);
#126 = CYLINDRICAL_SURFACE('',#127,5.);
#127 = AXIS2_PLACEMENT_3D('',#128,#129,#130);
#128 = CARTESIAN_POINT('',(5.,110.,0.));
#129 = DIRECTION('',(0.,0.,1.));
#130 = DIRECTION('',(-1.,-0.,0.));
#131 = DEFINITIONAL_REPRESENTATION('',(#132),#136);
#132 = LINE('',#133,#134);
#133 = CARTESIAN_POINT('',(-0.,0.));
#134 = VECTOR('',#135,1.);
#135 = DIRECTION('',(-0.,1.));
#136 = ( GEOMETRIC_REPRESENTATION_CONTEXT(2) 
PARAMETRIC_REPRESENTATION_CONTEXT() REPRESENTATION_CONTEXT('2D SPACE',''
  ) );
#137 = FACE_BOUND('',#138,.F.);
#138 = EDGE_LOOP('',(#139));
#139 = ORIENTED_EDGE('',*,*,#140,.F.);
#140 = EDGE_CURVE('',#141,#141,#143,.T.);
#141 = VERTEX_POINT('',#142);
#142 = CARTESIAN_POINT('',(0.,52.,58.6));
#143 = SURFACE_CURVE('',#144,(#149,#156),.PCURVE_S1.);
#144 = CIRCLE('',#145,6.);
#145 = AXIS2_PLACEMENT_3D('',#146,#147,#148);
#146 = CARTESIAN_POINT('',(0.,52.,52.6));
#147 = DIRECTION('',(1.,0.,0.));
#148 = DIRECTION('',(-0.,0.,1.));
#149 = PCURVE('',#32,#150);
#150 = DEFINITIONAL_REPRESENTATION('',(#151),#155);
#151 = CIRCLE('',#152,6.);
#152 = AXIS2_PLACEMENT_2D('',#153,#154);
#153 = CARTESIAN_POINT('',(52.6,-52.));
#154 = DIRECTION('',(1.,0.));
#155 = ( GEOMETRIC_REPRESENTATION_CONTEXT(2) 
PARAMETRIC_REPRESENTATION_CONTEXT() REPRESENTATION_CONTEXT('2D SPACE',''
  ) );
#156 = PCURVE('',#157,#162);
#157 = CYLINDRICAL_SURFACE('',#158,6.);
#158 = AXIS2_PLACEMENT_3D('',#159,#160,#161);
#159 = CARTESIAN_POINT('',(-1.,52.,52.6));
#160 = DIRECTION('',(1.,0.,0.));
#161 = DIRECTION('',(-0.,0.,1.));
#162 = DEFINITIONAL_REPRESENTATION('',(#163),#167);
#163 = LINE('',#164,#165);
#164 = CARTESIAN_POINT('',(0.,1.));
#165 = VECTOR('',#166,1.);
#166 = DIRECTION('',(1.,0.));
#167 = ( GEOMETRIC_REPRESENTATION_CONTEXT(2) 
PARAMETRIC_REPRESENTATION_CONTEXT() REPRESENTATION_CONTEXT('2D SPACE',''
  ) );
#168 = ADVANCED_FACE('',(#169,#368,#403,#438,#473,#699),#44,.T.);
#169 = FACE_BOUND('',#170,.T.);
#170 = EDGE_LOOP('',(#171,#172,#196,#224,#257,#285,#314,#342));
#171 = ORIENTED_EDGE('',*,*,#21,.F.);
#172 = ORIENTED_EDGE('',*,*,#173,.T.);
#173 = EDGE_CURVE('',#22,#174,#176,.T.);
#174 = VERTEX_POINT('',#175);
#175 = CARTESIAN_POINT('',(5.,-8.881784197001E-16,65.));
#176 = SURFACE_CURVE('',#177,(#182,#189),.PCURVE_S1.);
#177 = CIRCLE('',#178,5.);
#178 = AXIS2_PLACEMENT_3D('',#179,#180,#181);
#179 = CARTESIAN_POINT('',(5.,5.,65.));
#180 = DIRECTION('',(0.,0.,1.));
#181 = DIRECTION('',(0.,-1.,0.));
#182 = PCURVE('',#44,#183);
#183 = DEFINITIONAL_REPRESENTATION('',(#184),#188);
#184 = CIRCLE('',#185,5.);
#185 = AXIS2_PLACEMENT_2D('',#186,#187);
#186 = CARTESIAN_POINT('',(5.,5.));
#187 = DIRECTION('',(0.,-1.));
#188 = ( GEOMETRIC_REPRESENTATION_CONTEXT(2) 
PARAMETRIC_REPRESENTATION_CONTEXT() REPRESENTATION_CONTEXT('2D SPACE',''
  ) );
#189 = PCURVE('',#72,#190);
#190 = DEFINITIONAL_REPRESENTATION('',(#191),#195);
#191 = LINE('',#192,#193);
#192 = CARTESIAN_POINT('',(-4.712388980385,65.));
#193 = VECTOR('',#194,1.);
#194 = DIRECTION('',(1.,0.));
#195 = ( GEOMETRIC_REPRESENTATION_CONTEXT(2) 
PARAMETRIC_REPRESENTATION_CONTEXT() REPRESENTATION_CONTEXT('2D SPACE',''
  ) );
#196 = ORIENTED_EDGE('',*,*,#197,.T.);
#197 = EDGE_CURVE('',#174,#198,#200,.T.);
#198 = VERTEX_POINT('',#199);
#199 = CARTESIAN_POINT('',(185.,-8.881784197001E-16,65.));
#200 = SURFACE_CURVE('',#201,(#205,#212),.PCURVE_S1.);
#201 = LINE('',#202,#203);
#202 = CARTESIAN_POINT('',(0.,0.,65.));
#203 = VECTOR('',#204,1.);
#204 = DIRECTION('',(1.,0.,0.));
#205 = PCURVE('',#44,#206);
#206 = DEFINITIONAL_REPRESENTATION('',(#207),#211);
#207 = LINE('',#208,#209);
#208 = CARTESIAN_POINT('',(0.,0.));
#209 = VECTOR('',#210,1.);
#210 = DIRECTION('',(1.,0.));
#211 = ( GEOMETRIC_REPRESENTATION_CONTEXT(2) 
PARAMETRIC_REPRESENTATION_CONTEXT() REPRESENTATION_CONTEXT('2D SPACE',''
  ) );
#212 = PCURVE('',#213,#218);
#213 = PLANE('',#214);
#214 = AXIS2_PLACEMENT_3D('',#215,#216,#217);
#215 = CARTESIAN_POINT('',(0.,0.,0.));
#216 = DIRECTION('',(0.,1.,0.));
#217 = DIRECTION('',(0.,0.,1.));
#218 = DEFINITIONAL_REPRESENTATION('',(#219),#223);
#219 = LINE('',#220,#221);
#220 = CARTESIAN_POINT('',(65.,0.));
#221 = VECTOR('',#222,1.);
#222 = DIRECTION('',(0.,1.));
#223 = ( GEOMETRIC_REPRESENTATION_CONTEXT(2) 
PARAMETRIC_REPRESENTATION_CONTEXT() REPRESENTATION_CONTEXT('2D SPACE',''
  ) );
#224 = ORIENTED_EDGE('',*,*,#225,.F.);
#225 = EDGE_CURVE('',#226,#198,#228,.T.);
#226 = VERTEX_POINT('',#227);
#227 = CARTESIAN_POINT('',(190.,5.,65.));
#228 = SURFACE_CURVE('',#229,(#234,#245),.PCURVE_S1.);
#229 = CIRCLE('',#230,5.);
#230 = AXIS2_PLACEMENT_3D('',#231,#232,#233);
#231 = CARTESIAN_POINT('',(185.,5.,65.));
#232 = DIRECTION('',(-0.,-0.,-1.));
#233 = DIRECTION('',(0.,-1.,0.));
#234 = PCURVE('',#44,#235);
#235 = DEFINITIONAL_REPRESENTATION('',(#236),#244);
#236 = ( BOUNDED_CURVE() B_SPLINE_CURVE(2,(#237,#238,#239,#240,#241,#242
,#243),.UNSPECIFIED.,.T.,.F.) B_SPLINE_CURVE_WITH_KNOTS((1,2,2,2,2,1),(
    -2.094395102393,0.,2.094395102393,4.188790204786,6.28318530718,
8.377580409573),.UNSPECIFIED.) CURVE() GEOMETRIC_REPRESENTATION_ITEM() 
RATIONAL_B_SPLINE_CURVE((1.,0.5,1.,0.5,1.,0.5,1.)) REPRESENTATION_ITEM(
  '') );
#237 = CARTESIAN_POINT('',(185.,-8.881784197001E-16));
#238 = CARTESIAN_POINT('',(176.33974596215,-8.881784197001E-16));
#239 = CARTESIAN_POINT('',(180.66987298107,7.5));
#240 = CARTESIAN_POINT('',(185.,15.));
#241 = CARTESIAN_POINT('',(189.33012701892,7.5));
#242 = CARTESIAN_POINT('',(193.66025403784,7.105427357601E-15));
#243 = CARTESIAN_POINT('',(185.,-8.881784197001E-16));
#244 = ( GEOMETRIC_REPRESENTATION_CONTEXT(2) 
PARAMETRIC_REPRESENTATION_CONTEXT() REPRESENTATION_CONTEXT('2D SPACE',''
  ) );
#245 = PCURVE('',#246,#251);
#246 = CYLINDRICAL_SURFACE('',#247,5.);
#247 = AXIS2_PLACEMENT_3D('',#248,#249,#250);
#248 = CARTESIAN_POINT('',(185.,5.,0.));
#249 = DIRECTION('',(0.,0.,1.));
#250 = DIRECTION('',(1.,0.,-0.));
#251 = DEFINITIONAL_REPRESENTATION('',(#252),#256);
#252 = LINE('',#253,#254);
#253 = CARTESIAN_POINT('',(4.712388980385,65.));
#254 = VECTOR('',#255,1.);
#255 = DIRECTION('',(-1.,0.));
#256 = ( GEOMETRIC_REPRESENTATION_CONTEXT(2) 
PARAMETRIC_REPRESENTATION_CONTEXT() REPRESENTATION_CONTEXT('2D SPACE',''
  ) );
#257 = ORIENTED_EDGE('',*,*,#258,.T.);
#258 = EDGE_CURVE('',#226,#259,#261,.T.);
#259 = VERTEX_POINT('',#260);
#260 = CARTESIAN_POINT('',(190.,110.,65.));
#261 = SURFACE_CURVE('',#262,(#266,#273),.PCURVE_S1.);
#262 = LINE('',#263,#264);
#263 = CARTESIAN_POINT('',(190.,0.,65.));
#264 = VECTOR('',#265,1.);
#265 = DIRECTION('',(0.,1.,0.));
#266 = PCURVE('',#44,#267);
#267 = DEFINITIONAL_REPRESENTATION('',(#268),#272);
#268 = LINE('',#269,#270);
#269 = CARTESIAN_POINT('',(190.,0.));
#270 = VECTOR('',#271,1.);
#271 = DIRECTION('',(0.,1.));
#272 = ( GEOMETRIC_REPRESENTATION_CONTEXT(2) 
PARAMETRIC_REPRESENTATION_CONTEXT() REPRESENTATION_CONTEXT('2D SPACE',''
  ) );
#273 = PCURVE('',#274,#279);
#274 = PLANE('',#275);
#275 = AXIS2_PLACEMENT_3D('',#276,#277,#278);
#276 = CARTESIAN_POINT('',(190.,0.,0.));
#277 = DIRECTION('',(1.,0.,0.));
#278 = DIRECTION('',(0.,0.,1.));
#279 = DEFINITIONAL_REPRESENTATION('',(#280),#284);
#280 = LINE('',#281,#282);
#281 = CARTESIAN_POINT('',(65.,0.));
#282 = VECTOR('',#283,1.);
#283 = DIRECTION('',(0.,-1.));
#284 = ( GEOMETRIC_REPRESENTATION_CONTEXT(2) 
PARAMETRIC_REPRESENTATION_CONTEXT() REPRESENTATION_CONTEXT('2D SPACE',''
  ) );
#285 = ORIENTED_EDGE('',*,*,#286,.T.);
#286 = EDGE_CURVE('',#259,#287,#289,.T.);
#287 = VERTEX_POINT('',#288);
#288 = CARTESIAN_POINT('',(185.,115.,65.));
#289 = SURFACE_CURVE('',#290,(#295,#302),.PCURVE_S1.);
#290 = CIRCLE('',#291,5.);
#291 = AXIS2_PLACEMENT_3D('',#292,#293,#294);
#292 = CARTESIAN_POINT('',(185.,110.,65.));
#293 = DIRECTION('',(0.,0.,1.));
#294 = DIRECTION('',(0.,-1.,0.));
#295 = PCURVE('',#44,#296);
#296 = DEFINITIONAL_REPRESENTATION('',(#297),#301);
#297 = CIRCLE('',#298,5.);
#298 = AXIS2_PLACEMENT_2D('',#299,#300);
#299 = CARTESIAN_POINT('',(185.,110.));
#300 = DIRECTION('',(0.,-1.));
#301 = ( GEOMETRIC_REPRESENTATION_CONTEXT(2) 
PARAMETRIC_REPRESENTATION_CONTEXT() REPRESENTATION_CONTEXT('2D SPACE',''
  ) );
#302 = PCURVE('',#303,#308);
#303 = CYLINDRICAL_SURFACE('',#304,5.);
#304 = AXIS2_PLACEMENT_3D('',#305,#306,#307);
#305 = CARTESIAN_POINT('',(185.,110.,0.));
#306 = DIRECTION('',(0.,0.,1.));
#307 = DIRECTION('',(1.,0.,-0.));
#308 = DEFINITIONAL_REPRESENTATION('',(#309),#313);
#309 = LINE('',#310,#311);
#310 = CARTESIAN_POINT('',(-1.570796326795,65.));
#311 = VECTOR('',#312,1.);
#312 = DIRECTION('',(1.,0.));
#313 = ( GEOMETRIC_REPRESENTATION_CONTEXT(2) 
PARAMETRIC_REPRESENTATION_CONTEXT() REPRESENTATION_CONTEXT('2D SPACE',''
  ) );
#314 = ORIENTED_EDGE('',*,*,#315,.F.);
#315 = EDGE_CURVE('',#316,#287,#318,.T.);
#316 = VERTEX_POINT('',#317);
#317 = CARTESIAN_POINT('',(5.,115.,65.));
#318 = SURFACE_CURVE('',#319,(#323,#330),.PCURVE_S1.);
#319 = LINE('',#320,#321);
#320 = CARTESIAN_POINT('',(0.,115.,65.));
#321 = VECTOR('',#322,1.);
#322 = DIRECTION('',(1.,0.,0.));
#323 = PCURVE('',#44,#324);
#324 = DEFINITIONAL_REPRESENTATION('',(#325),#329);
#325 = LINE('',#326,#327);
#326 = CARTESIAN_POINT('',(0.,115.));
#327 = VECTOR('',#328,1.);
#328 = DIRECTION('',(1.,0.));
#329 = ( GEOMETRIC_REPRESENTATION_CONTEXT(2) 
PARAMETRIC_REPRESENTATION_CONTEXT() REPRESENTATION_CONTEXT('2D SPACE',''
  ) );
#330 = PCURVE('',#331,#336);
#331 = PLANE('',#332);
#332 = AXIS2_PLACEMENT_3D('',#333,#334,#335);
#333 = CARTESIAN_POINT('',(0.,115.,0.));
#334 = DIRECTION('',(0.,1.,0.));
#335 = DIRECTION('',(0.,0.,1.));
#336 = DEFINITIONAL_REPRESENTATION('',(#337),#341);
#337 = LINE('',#338,#339);
#338 = CARTESIAN_POINT('',(65.,0.));
#339 = VECTOR('',#340,1.);
#340 = DIRECTION('',(0.,1.));
#341 = ( GEOMETRIC_REPRESENTATION_CONTEXT(2) 
PARAMETRIC_REPRESENTATION_CONTEXT() REPRESENTATION_CONTEXT('2D SPACE',''
  ) );
#342 = ORIENTED_EDGE('',*,*,#343,.F.);
#343 = EDGE_CURVE('',#24,#316,#344,.T.);
#344 = SURFACE_CURVE('',#345,(#350,#361),.PCURVE_S1.);
#345 = CIRCLE('',#346,5.);
#346 = AXIS2_PLACEMENT_3D('',#347,#348,#349);
#347 = CARTESIAN_POINT('',(5.,110.,65.));
#348 = DIRECTION('',(-0.,-0.,-1.));
#349 = DIRECTION('',(0.,-1.,0.));
#350 = PCURVE('',#44,#351);
#351 = DEFINITIONAL_REPRESENTATION('',(#352),#360);
#352 = ( BOUNDED_CURVE() B_SPLINE_CURVE(2,(#353,#354,#355,#356,#357,#358
,#359),.UNSPECIFIED.,.T.,.F.) B_SPLINE_CURVE_WITH_KNOTS((1,2,2,2,2,1),(
    -2.094395102393,0.,2.094395102393,4.188790204786,6.28318530718,
8.377580409573),.UNSPECIFIED.) CURVE() GEOMETRIC_REPRESENTATION_ITEM() 
RATIONAL_B_SPLINE_CURVE((1.,0.5,1.,0.5,1.,0.5,1.)) REPRESENTATION_ITEM(
  '') );
#353 = CARTESIAN_POINT('',(5.,105.));
#354 = CARTESIAN_POINT('',(-3.660254037844,105.));
#355 = CARTESIAN_POINT('',(0.669872981078,112.5));
#356 = CARTESIAN_POINT('',(5.,120.));
#357 = CARTESIAN_POINT('',(9.330127018922,112.5));
#358 = CARTESIAN_POINT('',(13.660254037844,105.));
#359 = CARTESIAN_POINT('',(5.,105.));
#360 = ( GEOMETRIC_REPRESENTATION_CONTEXT(2) 
PARAMETRIC_REPRESENTATION_CONTEXT() REPRESENTATION_CONTEXT('2D SPACE',''
  ) );
#361 = PCURVE('',#126,#362);
#362 = DEFINITIONAL_REPRESENTATION('',(#363),#367);
#363 = LINE('',#364,#365);
#364 = CARTESIAN_POINT('',(1.570796326795,65.));
#365 = VECTOR('',#366,1.);
#366 = DIRECTION('',(-1.,0.));
#367 = ( GEOMETRIC_REPRESENTATION_CONTEXT(2) 
PARAMETRIC_REPRESENTATION_CONTEXT() REPRESENTATION_CONTEXT('2D SPACE',''
  ) );
#368 = FACE_BOUND('',#369,.T.);
#369 = EDGE_LOOP('',(#370));
#370 = ORIENTED_EDGE('',*,*,#371,.T.);
#371 = EDGE_CURVE('',#372,#372,#374,.T.);
#372 = VERTEX_POINT('',#373);
#373 = CARTESIAN_POINT('',(6.25,5.,65.));
#374 = SURFACE_CURVE('',#375,(#380,#391),.PCURVE_S1.);
#375 = CIRCLE('',#376,1.25);
#376 = AXIS2_PLACEMENT_3D('',#377,#378,#379);
#377 = CARTESIAN_POINT('',(5.,5.,65.));
#378 = DIRECTION('',(0.,0.,-1.));
#379 = DIRECTION('',(1.,0.,0.));
#380 = PCURVE('',#44,#381);
#381 = DEFINITIONAL_REPRESENTATION('',(#382),#390);
#382 = ( BOUNDED_CURVE() B_SPLINE_CURVE(2,(#383,#384,#385,#386,#387,#388
,#389),.UNSPECIFIED.,.T.,.F.) B_SPLINE_CURVE_WITH_KNOTS((1,2,2,2,2,1),(
    -2.094395102393,0.,2.094395102393,4.188790204786,6.28318530718,
8.377580409573),.UNSPECIFIED.) CURVE() GEOMETRIC_REPRESENTATION_ITEM() 
RATIONAL_B_SPLINE_CURVE((1.,0.5,1.,0.5,1.,0.5,1.)) REPRESENTATION_ITEM(
  '') );
#383 = CARTESIAN_POINT('',(6.25,5.));
#384 = CARTESIAN_POINT('',(6.25,2.834936490539));
#385 = CARTESIAN_POINT('',(4.375,3.917468245269));
#386 = CARTESIAN_POINT('',(2.5,5.));
#387 = CARTESIAN_POINT('',(4.375,6.082531754731));
#388 = CARTESIAN_POINT('',(6.25,7.165063509461));
#389 = CARTESIAN_POINT('',(6.25,5.));
#390 = ( GEOMETRIC_REPRESENTATION_CONTEXT(2) 
PARAMETRIC_REPRESENTATION_CONTEXT() REPRESENTATION_CONTEXT('2D SPACE',''
  ) );
#391 = PCURVE('',#392,#397);
#392 = CYLINDRICAL_SURFACE('',#393,1.25);
#393 = AXIS2_PLACEMENT_3D('',#394,#395,#396);
#394 = CARTESIAN_POINT('',(5.,5.,57.));
#395 = DIRECTION('',(-0.,-0.,-1.));
#396 = DIRECTION('',(1.,0.,0.));
#397 = DEFINITIONAL_REPRESENTATION('',(#398),#402);
#398 = LINE('',#399,#400);
#399 = CARTESIAN_POINT('',(-6.28318530718,-8.));
#400 = VECTOR('',#401,1.);
#401 = DIRECTION('',(1.,-0.));
#402 = ( GEOMETRIC_REPRESENTATION_CONTEXT(2) 
PARAMETRIC_REPRESENTATION_CONTEXT() REPRESENTATION_CONTEXT('2D SPACE',''
  ) );
#403 = FACE_BOUND('',#404,.T.);
#404 = EDGE_LOOP('',(#405));
#405 = ORIENTED_EDGE('',*,*,#406,.T.);
#406 = EDGE_CURVE('',#407,#407,#409,.T.);
#407 = VERTEX_POINT('',#408);
#408 = CARTESIAN_POINT('',(186.25,5.,65.));
#409 = SURFACE_CURVE('',#410,(#415,#426),.PCURVE_S1.);
#410 = CIRCLE('',#411,1.25);
#411 = AXIS2_PLACEMENT_3D('',#412,#413,#414);
#412 = CARTESIAN_POINT('',(185.,5.,65.));
#413 = DIRECTION('',(0.,0.,-1.));
#414 = DIRECTION('',(1.,0.,0.));
#415 = PCURVE('',#44,#416);
#416 = DEFINITIONAL_REPRESENTATION('',(#417),#425);
#417 = ( BOUNDED_CURVE() B_SPLINE_CURVE(2,(#418,#419,#420,#421,#422,#423
,#424),.UNSPECIFIED.,.T.,.F.) B_SPLINE_CURVE_WITH_KNOTS((1,2,2,2,2,1),(
    -2.094395102393,0.,2.094395102393,4.188790204786,6.28318530718,
8.377580409573),.UNSPECIFIED.) CURVE() GEOMETRIC_REPRESENTATION_ITEM() 
RATIONAL_B_SPLINE_CURVE((1.,0.5,1.,0.5,1.,0.5,1.)) REPRESENTATION_ITEM(
  '') );
#418 = CARTESIAN_POINT('',(186.25,5.));
#419 = CARTESIAN_POINT('',(186.25,2.834936490539));
#420 = CARTESIAN_POINT('',(184.375,3.917468245269));
#421 = CARTESIAN_POINT('',(182.5,5.));
#422 = CARTESIAN_POINT('',(184.375,6.082531754731));
#423 = CARTESIAN_POINT('',(186.25,7.165063509461));
#424 = CARTESIAN_POINT('',(186.25,5.));
#425 = ( GEOMETRIC_REPRESENTATION_CONTEXT(2) 
PARAMETRIC_REPRESENTATION_CONTEXT() REPRESENTATION_CONTEXT('2D SPACE',''
  ) );
#426 = PCURVE('',#427,#432);
#427 = CYLINDRICAL_SURFACE('',#428,1.25);
#428 = AXIS2_PLACEMENT_3D('',#429,#430,#431);
#429 = CARTESIAN_POINT('',(185.,5.,57.));
#430 = DIRECTION('',(-0.,-0.,-1.));
#431 = DIRECTION('',(1.,0.,0.));
#432 = DEFINITIONAL_REPRESENTATION('',(#433),#437);
#433 = LINE('',#434,#435);
#434 = CARTESIAN_POINT('',(-6.28318530718,-8.));
#435 = VECTOR('',#436,1.);
#436 = DIRECTION('',(1.,-0.));
#437 = ( GEOMETRIC_REPRESENTATION_CONTEXT(2) 
PARAMETRIC_REPRESENTATION_CONTEXT() REPRESENTATION_CONTEXT('2D SPACE',''
  ) );
#438 = FACE_BOUND('',#439,.T.);
#439 = EDGE_LOOP('',(#440));
#440 = ORIENTED_EDGE('',*,*,#441,.T.);
#441 = EDGE_CURVE('',#442,#442,#444,.T.);
#442 = VERTEX_POINT('',#443);
#443 = CARTESIAN_POINT('',(6.25,110.,65.));
#444 = SURFACE_CURVE('',#445,(#450,#461),.PCURVE_S1.);
#445 = CIRCLE('',#446,1.25);
#446 = AXIS2_PLACEMENT_3D('',#447,#448,#449);
#447 = CARTESIAN_POINT('',(5.,110.,65.));
#448 = DIRECTION('',(0.,0.,-1.));
#449 = DIRECTION('',(1.,0.,0.));
#450 = PCURVE('',#44,#451);
#451 = DEFINITIONAL_REPRESENTATION('',(#452),#460);
#452 = ( BOUNDED_CURVE() B_SPLINE_CURVE(2,(#453,#454,#455,#456,#457,#458
,#459),.UNSPECIFIED.,.T.,.F.) B_SPLINE_CURVE_WITH_KNOTS((1,2,2,2,2,1),(
    -2.094395102393,0.,2.094395102393,4.188790204786,6.28318530718,
8.377580409573),.UNSPECIFIED.) CURVE() GEOMETRIC_REPRESENTATION_ITEM() 
RATIONAL_B_SPLINE_CURVE((1.,0.5,1.,0.5,1.,0.5,1.)) REPRESENTATION_ITEM(
  '') );
#453 = CARTESIAN_POINT('',(6.25,110.));
#454 = CARTESIAN_POINT('',(6.25,107.83493649053));
#455 = CARTESIAN_POINT('',(4.375,108.91746824526));
#456 = CARTESIAN_POINT('',(2.5,110.));
#457 = CARTESIAN_POINT('',(4.375,111.08253175473));
#458 = CARTESIAN_POINT('',(6.25,112.16506350946));
#459 = CARTESIAN_POINT('',(6.25,110.));
#460 = ( GEOMETRIC_REPRESENTATION_CONTEXT(2) 
PARAMETRIC_REPRESENTATION_CONTEXT() REPRESENTATION_CONTEXT('2D SPACE',''
  ) );
#461 = PCURVE('',#462,#467);
#462 = CYLINDRICAL_SURFACE('',#463,1.25);
#463 = AXIS2_PLACEMENT_3D('',#464,#465,#466);
#464 = CARTESIAN_POINT('',(5.,110.,57.));
#465 = DIRECTION('',(-0.,-0.,-1.));
#466 = DIRECTION('',(1.,0.,0.));
#467 = DEFINITIONAL_REPRESENTATION('',(#468),#472);
#468 = LINE('',#469,#470);
#469 = CARTESIAN_POINT('',(-6.28318530718,-8.));
#470 = VECTOR('',#471,1.);
#471 = DIRECTION('',(1.,-0.));
#472 = ( GEOMETRIC_REPRESENTATION_CONTEXT(2) 
PARAMETRIC_REPRESENTATION_CONTEXT() REPRESENTATION_CONTEXT('2D SPACE',''
  ) );
#473 = FACE_BOUND('',#474,.T.);
#474 = EDGE_LOOP('',(#475,#504,#533,#560,#589,#616,#645,#672));
#475 = ORIENTED_EDGE('',*,*,#476,.F.);
#476 = EDGE_CURVE('',#477,#479,#481,.T.);
#477 = VERTEX_POINT('',#478);
#478 = CARTESIAN_POINT('',(187.,8.464101615138,65.));
#479 = VERTEX_POINT('',#480);
#480 = CARTESIAN_POINT('',(187.,106.53589838486,65.));
#481 = SURFACE_CURVE('',#482,(#486,#493),.PCURVE_S1.);
#482 = LINE('',#483,#484);
#483 = CARTESIAN_POINT('',(187.,1.5,65.));
#484 = VECTOR('',#485,1.);
#485 = DIRECTION('',(0.,1.,0.));
#486 = PCURVE('',#44,#487);
#487 = DEFINITIONAL_REPRESENTATION('',(#488),#492);
#488 = LINE('',#489,#490);
#489 = CARTESIAN_POINT('',(187.,1.5));
#490 = VECTOR('',#491,1.);
#491 = DIRECTION('',(0.,1.));
#492 = ( GEOMETRIC_REPRESENTATION_CONTEXT(2) 
PARAMETRIC_REPRESENTATION_CONTEXT() REPRESENTATION_CONTEXT('2D SPACE',''
  ) );
#493 = PCURVE('',#494,#499);
#494 = PLANE('',#495);
#495 = AXIS2_PLACEMENT_3D('',#496,#497,#498);
#496 = CARTESIAN_POINT('',(187.,3.,4.));
#497 = DIRECTION('',(1.,0.,0.));
#498 = DIRECTION('',(0.,0.,1.));
#499 = DEFINITIONAL_REPRESENTATION('',(#500),#503);
#500 = B_SPLINE_CURVE_WITH_KNOTS('',1,(#501,#502),.UNSPECIFIED.,.F.,.F.,
  (2,2),(3.5,108.5),.PIECEWISE_BEZIER_KNOTS.);
#501 = CARTESIAN_POINT('',(61.,-2.));
#502 = CARTESIAN_POINT('',(61.,-107.));
#503 = ( GEOMETRIC_REPRESENTATION_CONTEXT(2) 
PARAMETRIC_REPRESENTATION_CONTEXT() REPRESENTATION_CONTEXT('2D SPACE',''
  ) );
#504 = ORIENTED_EDGE('',*,*,#505,.T.);
#505 = EDGE_CURVE('',#477,#506,#508,.T.);
#506 = VERTEX_POINT('',#507);
#507 = CARTESIAN_POINT('',(181.53589838486,3.,65.));
#508 = SURFACE_CURVE('',#509,(#514,#521),.PCURVE_S1.);
#509 = CIRCLE('',#510,4.);
#510 = AXIS2_PLACEMENT_3D('',#511,#512,#513);
#511 = CARTESIAN_POINT('',(185.,5.,65.));
#512 = DIRECTION('',(0.,0.,1.));
#513 = DIRECTION('',(1.,0.,0.));
#514 = PCURVE('',#44,#515);
#515 = DEFINITIONAL_REPRESENTATION('',(#516),#520);
#516 = CIRCLE('',#517,4.);
#517 = AXIS2_PLACEMENT_2D('',#518,#519);
#518 = CARTESIAN_POINT('',(185.,5.));
#519 = DIRECTION('',(1.,0.));
#520 = ( GEOMETRIC_REPRESENTATION_CONTEXT(2) 
PARAMETRIC_REPRESENTATION_CONTEXT() REPRESENTATION_CONTEXT('2D SPACE',''
  ) );
#521 = PCURVE('',#522,#527);
#522 = CYLINDRICAL_SURFACE('',#523,4.);
#523 = AXIS2_PLACEMENT_3D('',#524,#525,#526);
#524 = CARTESIAN_POINT('',(185.,5.,4.));
#525 = DIRECTION('',(-0.,-0.,-1.));
#526 = DIRECTION('',(1.,0.,0.));
#527 = DEFINITIONAL_REPRESENTATION('',(#528),#532);
#528 = LINE('',#529,#530);
#529 = CARTESIAN_POINT('',(-0.,-61.));
#530 = VECTOR('',#531,1.);
#531 = DIRECTION('',(-1.,0.));
#532 = ( GEOMETRIC_REPRESENTATION_CONTEXT(2) 
PARAMETRIC_REPRESENTATION_CONTEXT() REPRESENTATION_CONTEXT('2D SPACE',''
  ) );
#533 = ORIENTED_EDGE('',*,*,#534,.T.);
#534 = EDGE_CURVE('',#506,#535,#537,.T.);
#535 = VERTEX_POINT('',#536);
#536 = CARTESIAN_POINT('',(8.464101615138,3.,65.));
#537 = SURFACE_CURVE('',#538,(#542,#549),.PCURVE_S1.);
#538 = LINE('',#539,#540);
#539 = CARTESIAN_POINT('',(1.5,3.,65.));
#540 = VECTOR('',#541,1.);
#541 = DIRECTION('',(-1.,0.,0.));
#542 = PCURVE('',#44,#543);
#543 = DEFINITIONAL_REPRESENTATION('',(#544),#548);
#544 = LINE('',#545,#546);
#545 = CARTESIAN_POINT('',(1.5,3.));
#546 = VECTOR('',#547,1.);
#547 = DIRECTION('',(-1.,0.));
#548 = ( GEOMETRIC_REPRESENTATION_CONTEXT(2) 
PARAMETRIC_REPRESENTATION_CONTEXT() REPRESENTATION_CONTEXT('2D SPACE',''
  ) );
#549 = PCURVE('',#550,#555);
#550 = PLANE('',#551);
#551 = AXIS2_PLACEMENT_3D('',#552,#553,#554);
#552 = CARTESIAN_POINT('',(3.,3.,4.));
#553 = DIRECTION('',(0.,1.,0.));
#554 = DIRECTION('',(0.,0.,1.));
#555 = DEFINITIONAL_REPRESENTATION('',(#556),#559);
#556 = B_SPLINE_CURVE_WITH_KNOTS('',1,(#557,#558),.UNSPECIFIED.,.F.,.F.,
  (2,2),(-183.5,-3.5),.PIECEWISE_BEZIER_KNOTS.);
#557 = CARTESIAN_POINT('',(61.,182.));
#558 = CARTESIAN_POINT('',(61.,2.));
#559 = ( GEOMETRIC_REPRESENTATION_CONTEXT(2) 
PARAMETRIC_REPRESENTATION_CONTEXT() REPRESENTATION_CONTEXT('2D SPACE',''
  ) );
#560 = ORIENTED_EDGE('',*,*,#561,.T.);
#561 = EDGE_CURVE('',#535,#562,#564,.T.);
#562 = VERTEX_POINT('',#563);
#563 = CARTESIAN_POINT('',(3.,8.464101615138,65.));
#564 = SURFACE_CURVE('',#565,(#570,#577),.PCURVE_S1.);
#565 = CIRCLE('',#566,4.);
#566 = AXIS2_PLACEMENT_3D('',#567,#568,#569);
#567 = CARTESIAN_POINT('',(5.,5.,65.));
#568 = DIRECTION('',(0.,0.,1.));
#569 = DIRECTION('',(0.866025403784,-0.5,0.));
#570 = PCURVE('',#44,#571);
#571 = DEFINITIONAL_REPRESENTATION('',(#572),#576);
#572 = CIRCLE('',#573,4.);
#573 = AXIS2_PLACEMENT_2D('',#574,#575);
#574 = CARTESIAN_POINT('',(5.,5.));
#575 = DIRECTION('',(0.866025403784,-0.5));
#576 = ( GEOMETRIC_REPRESENTATION_CONTEXT(2) 
PARAMETRIC_REPRESENTATION_CONTEXT() REPRESENTATION_CONTEXT('2D SPACE',''
  ) );
#577 = PCURVE('',#578,#583);
#578 = CYLINDRICAL_SURFACE('',#579,4.);
#579 = AXIS2_PLACEMENT_3D('',#580,#581,#582);
#580 = CARTESIAN_POINT('',(5.,5.,4.));
#581 = DIRECTION('',(-0.,-0.,-1.));
#582 = DIRECTION('',(1.,0.,0.));
#583 = DEFINITIONAL_REPRESENTATION('',(#584),#588);
#584 = LINE('',#585,#586);
#585 = CARTESIAN_POINT('',(-5.759586531581,-61.));
#586 = VECTOR('',#587,1.);
#587 = DIRECTION('',(-1.,0.));
#588 = ( GEOMETRIC_REPRESENTATION_CONTEXT(2) 
PARAMETRIC_REPRESENTATION_CONTEXT() REPRESENTATION_CONTEXT('2D SPACE',''
  ) );
#589 = ORIENTED_EDGE('',*,*,#590,.T.);
#590 = EDGE_CURVE('',#562,#591,#593,.T.);
#591 = VERTEX_POINT('',#592);
#592 = CARTESIAN_POINT('',(3.,106.53589838486,65.));
#593 = SURFACE_CURVE('',#594,(#598,#605),.PCURVE_S1.);
#594 = LINE('',#595,#596);
#595 = CARTESIAN_POINT('',(3.,1.5,65.));
#596 = VECTOR('',#597,1.);
#597 = DIRECTION('',(0.,1.,0.));
#598 = PCURVE('',#44,#599);
#599 = DEFINITIONAL_REPRESENTATION('',(#600),#604);
#600 = LINE('',#601,#602);
#601 = CARTESIAN_POINT('',(3.,1.5));
#602 = VECTOR('',#603,1.);
#603 = DIRECTION('',(0.,1.));
#604 = ( GEOMETRIC_REPRESENTATION_CONTEXT(2) 
PARAMETRIC_REPRESENTATION_CONTEXT() REPRESENTATION_CONTEXT('2D SPACE',''
  ) );
#605 = PCURVE('',#606,#611);
#606 = PLANE('',#607);
#607 = AXIS2_PLACEMENT_3D('',#608,#609,#610);
#608 = CARTESIAN_POINT('',(3.,3.,4.));
#609 = DIRECTION('',(1.,0.,0.));
#610 = DIRECTION('',(0.,0.,1.));
#611 = DEFINITIONAL_REPRESENTATION('',(#612),#615);
#612 = B_SPLINE_CURVE_WITH_KNOTS('',1,(#613,#614),.UNSPECIFIED.,.F.,.F.,
  (2,2),(3.5,108.5),.PIECEWISE_BEZIER_KNOTS.);
#613 = CARTESIAN_POINT('',(61.,-2.));
#614 = CARTESIAN_POINT('',(61.,-107.));
#615 = ( GEOMETRIC_REPRESENTATION_CONTEXT(2) 
PARAMETRIC_REPRESENTATION_CONTEXT() REPRESENTATION_CONTEXT('2D SPACE',''
  ) );
#616 = ORIENTED_EDGE('',*,*,#617,.T.);
#617 = EDGE_CURVE('',#591,#618,#620,.T.);
#618 = VERTEX_POINT('',#619);
#619 = CARTESIAN_POINT('',(8.464101615138,112.,65.));
#620 = SURFACE_CURVE('',#621,(#626,#633),.PCURVE_S1.);
#621 = CIRCLE('',#622,4.);
#622 = AXIS2_PLACEMENT_3D('',#623,#624,#625);
#623 = CARTESIAN_POINT('',(5.,110.,65.));
#624 = DIRECTION('',(0.,0.,1.));
#625 = DIRECTION('',(-0.5,-0.866025403784,0.));
#626 = PCURVE('',#44,#627);
#627 = DEFINITIONAL_REPRESENTATION('',(#628),#632);
#628 = CIRCLE('',#629,4.);
#629 = AXIS2_PLACEMENT_2D('',#630,#631);
#630 = CARTESIAN_POINT('',(5.,110.));
#631 = DIRECTION('',(-0.5,-0.866025403784));
#632 = ( GEOMETRIC_REPRESENTATION_CONTEXT(2) 
PARAMETRIC_REPRESENTATION_CONTEXT() REPRESENTATION_CONTEXT('2D SPACE',''
  ) );
#633 = PCURVE('',#634,#639);
#634 = CYLINDRICAL_SURFACE('',#635,4.);
#635 = AXIS2_PLACEMENT_3D('',#636,#637,#638);
#636 = CARTESIAN_POINT('',(5.,110.,4.));
#637 = DIRECTION('',(-0.,-0.,-1.));
#638 = DIRECTION('',(1.,0.,0.));
#639 = DEFINITIONAL_REPRESENTATION('',(#640),#644);
#640 = LINE('',#641,#642);
#641 = CARTESIAN_POINT('',(-4.188790204786,-61.));
#642 = VECTOR('',#643,1.);
#643 = DIRECTION('',(-1.,0.));
#644 = ( GEOMETRIC_REPRESENTATION_CONTEXT(2) 
PARAMETRIC_REPRESENTATION_CONTEXT() REPRESENTATION_CONTEXT('2D SPACE',''
  ) );
#645 = ORIENTED_EDGE('',*,*,#646,.F.);
#646 = EDGE_CURVE('',#647,#618,#649,.T.);
#647 = VERTEX_POINT('',#648);
#648 = CARTESIAN_POINT('',(181.53589838486,112.,65.));
#649 = SURFACE_CURVE('',#650,(#654,#661),.PCURVE_S1.);
#650 = LINE('',#651,#652);
#651 = CARTESIAN_POINT('',(1.5,112.,65.));
#652 = VECTOR('',#653,1.);
#653 = DIRECTION('',(-1.,0.,0.));
#654 = PCURVE('',#44,#655);
#655 = DEFINITIONAL_REPRESENTATION('',(#656),#660);
#656 = LINE('',#657,#658);
#657 = CARTESIAN_POINT('',(1.5,112.));
#658 = VECTOR('',#659,1.);
#659 = DIRECTION('',(-1.,0.));
#660 = ( GEOMETRIC_REPRESENTATION_CONTEXT(2) 
PARAMETRIC_REPRESENTATION_CONTEXT() REPRESENTATION_CONTEXT('2D SPACE',''
  ) );
#661 = PCURVE('',#662,#667);
#662 = PLANE('',#663);
#663 = AXIS2_PLACEMENT_3D('',#664,#665,#666);
#664 = CARTESIAN_POINT('',(3.,112.,4.));
#665 = DIRECTION('',(0.,1.,0.));
#666 = DIRECTION('',(0.,0.,1.));
#667 = DEFINITIONAL_REPRESENTATION('',(#668),#671);
#668 = B_SPLINE_CURVE_WITH_KNOTS('',1,(#669,#670),.UNSPECIFIED.,.F.,.F.,
  (2,2),(-183.5,-3.5),.PIECEWISE_BEZIER_KNOTS.);
#669 = CARTESIAN_POINT('',(61.,182.));
#670 = CARTESIAN_POINT('',(61.,2.));
#671 = ( GEOMETRIC_REPRESENTATION_CONTEXT(2) 
PARAMETRIC_REPRESENTATION_CONTEXT() REPRESENTATION_CONTEXT('2D SPACE',''
  ) );
#672 = ORIENTED_EDGE('',*,*,#673,.T.);
#673 = EDGE_CURVE('',#647,#479,#674,.T.);
#674 = SURFACE_CURVE('',#675,(#680,#687),.PCURVE_S1.);
#675 = CIRCLE('',#676,4.);
#676 = AXIS2_PLACEMENT_3D('',#677,#678,#679);
#677 = CARTESIAN_POINT('',(185.,110.,65.));
#678 = DIRECTION('',(0.,0.,1.));
#679 = DIRECTION('',(1.,0.,0.));
#680 = PCURVE('',#44,#681);
#681 = DEFINITIONAL_REPRESENTATION('',(#682),#686);
#682 = CIRCLE('',#683,4.);
#683 = AXIS2_PLACEMENT_2D('',#684,#685);
#684 = CARTESIAN_POINT('',(185.,110.));
#685 = DIRECTION('',(1.,0.));
#686 = ( GEOMETRIC_REPRESENTATION_CONTEXT(2) 
PARAMETRIC_REPRESENTATION_CONTEXT() REPRESENTATION_CONTEXT('2D SPACE',''
  ) );
#687 = PCURVE('',#688,#693);
#688 = CYLINDRICAL_SURFACE('',#689,4.);
#689 = AXIS2_PLACEMENT_3D('',#690,#691,#692);
#690 = CARTESIAN_POINT('',(185.,110.,4.));
#691 = DIRECTION('',(-0.,-0.,-1.));
#692 = DIRECTION('',(1.,0.,0.));
#693 = DEFINITIONAL_REPRESENTATION('',(#694),#698);
#694 = LINE('',#695,#696);
#695 = CARTESIAN_POINT('',(-0.,-61.));
#696 = VECTOR('',#697,1.);
#697 = DIRECTION('',(-1.,0.));
#698 = ( GEOMETRIC_REPRESENTATION_CONTEXT(2) 
PARAMETRIC_REPRESENTATION_CONTEXT() REPRESENTATION_CONTEXT('2D SPACE',''
  ) );
#699 = FACE_BOUND('',#700,.T.);
#700 = EDGE_LOOP('',(#701));
#701 = ORIENTED_EDGE('',*,*,#702,.T.);
#702 = EDGE_CURVE('',#703,#703,#705,.T.);
#703 = VERTEX_POINT('',#704);
#704 = CARTESIAN_POINT('',(186.25,110.,65.));
#705 = SURFACE_CURVE('',#706,(#711,#722),.PCURVE_S1.);
#706 = CIRCLE('',#707,1.25);
#707 = AXIS2_PLACEMENT_3D('',#708,#709,#710);
#708 = CARTESIAN_POINT('',(185.,110.,65.));
#709 = DIRECTION('',(0.,0.,-1.));
#710 = DIRECTION('',(1.,0.,0.));
#711 = PCURVE('',#44,#712);
#712 = DEFINITIONAL_REPRESENTATION('',(#713),#721);
#713 = ( BOUNDED_CURVE() B_SPLINE_CURVE(2,(#714,#715,#716,#717,#718,#719
,#720),.UNSPECIFIED.,.T.,.F.) B_SPLINE_CURVE_WITH_KNOTS((1,2,2,2,2,1),(
    -2.094395102393,0.,2.094395102393,4.188790204786,6.28318530718,
8.377580409573),.UNSPECIFIED.) CURVE() GEOMETRIC_REPRESENTATION_ITEM() 
RATIONAL_B_SPLINE_CURVE((1.,0.5,1.,0.5,1.,0.5,1.)) REPRESENTATION_ITEM(
  '') );
#714 = CARTESIAN_POINT('',(186.25,110.));
#715 = CARTESIAN_POINT('',(186.25,107.83493649053));
#716 = CARTESIAN_POINT('',(184.375,108.91746824526));
#717 = CARTESIAN_POINT('',(182.5,110.));
#718 = CARTESIAN_POINT('',(184.375,111.08253175473));
#719 = CARTESIAN_POINT('',(186.25,112.16506350946));
#720 = CARTESIAN_POINT('',(186.25,110.));
#721 = ( GEOMETRIC_REPRESENTATION_CONTEXT(2) 
PARAMETRIC_REPRESENTATION_CONTEXT() REPRESENTATION_CONTEXT('2D SPACE',''
  ) );
#722 = PCURVE('',#723,#728);
#723 = CYLINDRICAL_SURFACE('',#724,1.25);
#724 = AXIS2_PLACEMENT_3D('',#725,#726,#727);
#725 = CARTESIAN_POINT('',(185.,110.,57.));
#726 = DIRECTION('',(-0.,-0.,-1.));
#727 = DIRECTION('',(1.,0.,0.));
#728 = DEFINITIONAL_REPRESENTATION('',(#729),#733);
#729 = LINE('',#730,#731);
#730 = CARTESIAN_POINT('',(-6.28318530718,-8.));
#731 = VECTOR('',#732,1.);
#732 = DIRECTION('',(1.,-0.));
#733 = ( GEOMETRIC_REPRESENTATION_CONTEXT(2) 
PARAMETRIC_REPRESENTATION_CONTEXT() REPRESENTATION_CONTEXT('2D SPACE',''
  ) );
#734 = ADVANCED_FACE('',(#735),#72,.T.);
#735 = FACE_BOUND('',#736,.T.);
#736 = EDGE_LOOP('',(#737,#761,#782,#783));
#737 = ORIENTED_EDGE('',*,*,#738,.T.);
#738 = EDGE_CURVE('',#57,#739,#741,.T.);
#739 = VERTEX_POINT('',#740);
#740 = CARTESIAN_POINT('',(5.,-8.881784197001E-16,0.));
#741 = SURFACE_CURVE('',#742,(#747,#754),.PCURVE_S1.);
#742 = CIRCLE('',#743,5.);
#743 = AXIS2_PLACEMENT_3D('',#744,#745,#746);
#744 = CARTESIAN_POINT('',(5.,5.,0.));
#745 = DIRECTION('',(0.,0.,1.));
#746 = DIRECTION('',(0.,-1.,0.));
#747 = PCURVE('',#72,#748);
#748 = DEFINITIONAL_REPRESENTATION('',(#749),#753);
#749 = LINE('',#750,#751);
#750 = CARTESIAN_POINT('',(-4.712388980385,0.));
#751 = VECTOR('',#752,1.);
#752 = DIRECTION('',(1.,0.));
#753 = ( GEOMETRIC_REPRESENTATION_CONTEXT(2) 
PARAMETRIC_REPRESENTATION_CONTEXT() REPRESENTATION_CONTEXT('2D SPACE',''
  ) );
#754 = PCURVE('',#100,#755);
#755 = DEFINITIONAL_REPRESENTATION('',(#756),#760);
#756 = CIRCLE('',#757,5.);
#757 = AXIS2_PLACEMENT_2D('',#758,#759);
#758 = CARTESIAN_POINT('',(5.,5.));
#759 = DIRECTION('',(0.,-1.));
#760 = ( GEOMETRIC_REPRESENTATION_CONTEXT(2) 
PARAMETRIC_REPRESENTATION_CONTEXT() REPRESENTATION_CONTEXT('2D SPACE',''
  ) );
#761 = ORIENTED_EDGE('',*,*,#762,.T.);
#762 = EDGE_CURVE('',#739,#174,#763,.T.);
#763 = SURFACE_CURVE('',#764,(#768,#775),.PCURVE_S1.);
#764 = LINE('',#765,#766);
#765 = CARTESIAN_POINT('',(5.,-8.881784197001E-16,0.));
#766 = VECTOR('',#767,1.);
#767 = DIRECTION('',(0.,0.,1.));
#768 = PCURVE('',#72,#769);
#769 = DEFINITIONAL_REPRESENTATION('',(#770),#774);
#770 = LINE('',#771,#772);
#771 = CARTESIAN_POINT('',(1.570796326795,0.));
#772 = VECTOR('',#773,1.);
#773 = DIRECTION('',(0.,1.));
#774 = ( GEOMETRIC_REPRESENTATION_CONTEXT(2) 
PARAMETRIC_REPRESENTATION_CONTEXT() REPRESENTATION_CONTEXT('2D SPACE',''
  ) );
#775 = PCURVE('',#213,#776);
#776 = DEFINITIONAL_REPRESENTATION('',(#777),#781);
#777 = LINE('',#778,#779);
#778 = CARTESIAN_POINT('',(0.,5.));
#779 = VECTOR('',#780,1.);
#780 = DIRECTION('',(1.,0.));
#781 = ( GEOMETRIC_REPRESENTATION_CONTEXT(2) 
PARAMETRIC_REPRESENTATION_CONTEXT() REPRESENTATION_CONTEXT('2D SPACE',''
  ) );
#782 = ORIENTED_EDGE('',*,*,#173,.F.);
#783 = ORIENTED_EDGE('',*,*,#56,.F.);
#784 = ADVANCED_FACE('',(#785),#126,.T.);
#785 = FACE_BOUND('',#786,.F.);
#786 = EDGE_LOOP('',(#787,#815,#836,#837));
#787 = ORIENTED_EDGE('',*,*,#788,.T.);
#788 = EDGE_CURVE('',#85,#789,#791,.T.);
#789 = VERTEX_POINT('',#790);
#790 = CARTESIAN_POINT('',(5.,115.,0.));
#791 = SURFACE_CURVE('',#792,(#797,#804),.PCURVE_S1.);
#792 = CIRCLE('',#793,5.);
#793 = AXIS2_PLACEMENT_3D('',#794,#795,#796);
#794 = CARTESIAN_POINT('',(5.,110.,0.));
#795 = DIRECTION('',(-0.,-0.,-1.));
#796 = DIRECTION('',(0.,-1.,0.));
#797 = PCURVE('',#126,#798);
#798 = DEFINITIONAL_REPRESENTATION('',(#799),#803);
#799 = LINE('',#800,#801);
#800 = CARTESIAN_POINT('',(1.570796326795,-0.));
#801 = VECTOR('',#802,1.);
#802 = DIRECTION('',(-1.,0.));
#803 = ( GEOMETRIC_REPRESENTATION_CONTEXT(2) 
PARAMETRIC_REPRESENTATION_CONTEXT() REPRESENTATION_CONTEXT('2D SPACE',''
  ) );
#804 = PCURVE('',#100,#805);
#805 = DEFINITIONAL_REPRESENTATION('',(#806),#814);
#806 = ( BOUNDED_CURVE() B_SPLINE_CURVE(2,(#807,#808,#809,#810,#811,#812
,#813),.UNSPECIFIED.,.T.,.F.) B_SPLINE_CURVE_WITH_KNOTS((1,2,2,2,2,1),(
    -2.094395102393,0.,2.094395102393,4.188790204786,6.28318530718,
8.377580409573),.UNSPECIFIED.) CURVE() GEOMETRIC_REPRESENTATION_ITEM() 
RATIONAL_B_SPLINE_CURVE((1.,0.5,1.,0.5,1.,0.5,1.)) REPRESENTATION_ITEM(
  '') );
#807 = CARTESIAN_POINT('',(5.,105.));
#808 = CARTESIAN_POINT('',(-3.660254037844,105.));
#809 = CARTESIAN_POINT('',(0.669872981078,112.5));
#810 = CARTESIAN_POINT('',(5.,120.));
#811 = CARTESIAN_POINT('',(9.330127018922,112.5));
#812 = CARTESIAN_POINT('',(13.660254037844,105.));
#813 = CARTESIAN_POINT('',(5.,105.));
#814 = ( GEOMETRIC_REPRESENTATION_CONTEXT(2) 
PARAMETRIC_REPRESENTATION_CONTEXT() REPRESENTATION_CONTEXT('2D SPACE',''
  ) );
#815 = ORIENTED_EDGE('',*,*,#816,.T.);
#816 = EDGE_CURVE('',#789,#316,#817,.T.);
#817 = SURFACE_CURVE('',#818,(#822,#829),.PCURVE_S1.);
#818 = LINE('',#819,#820);
#819 = CARTESIAN_POINT('',(5.,115.,0.));
#820 = VECTOR('',#821,1.);
#821 = DIRECTION('',(0.,0.,1.));
#822 = PCURVE('',#126,#823);
#823 = DEFINITIONAL_REPRESENTATION('',(#824),#828);
#824 = LINE('',#825,#826);
#825 = CARTESIAN_POINT('',(-1.570796326795,0.));
#826 = VECTOR('',#827,1.);
#827 = DIRECTION('',(-0.,1.));
#828 = ( GEOMETRIC_REPRESENTATION_CONTEXT(2) 
PARAMETRIC_REPRESENTATION_CONTEXT() REPRESENTATION_CONTEXT('2D SPACE',''
  ) );
#829 = PCURVE('',#331,#830);
#830 = DEFINITIONAL_REPRESENTATION('',(#831),#835);
#831 = LINE('',#832,#833);
#832 = CARTESIAN_POINT('',(0.,5.));
#833 = VECTOR('',#834,1.);
#834 = DIRECTION('',(1.,0.));
#835 = ( GEOMETRIC_REPRESENTATION_CONTEXT(2) 
PARAMETRIC_REPRESENTATION_CONTEXT() REPRESENTATION_CONTEXT('2D SPACE',''
  ) );
#836 = ORIENTED_EDGE('',*,*,#343,.F.);
#837 = ORIENTED_EDGE('',*,*,#112,.F.);
#838 = ADVANCED_FACE('',(#839),#100,.F.);
#839 = FACE_BOUND('',#840,.F.);
#840 = EDGE_LOOP('',(#841,#842,#843,#866,#894,#917,#941,#962));
#841 = ORIENTED_EDGE('',*,*,#84,.F.);
#842 = ORIENTED_EDGE('',*,*,#738,.T.);
#843 = ORIENTED_EDGE('',*,*,#844,.T.);
#844 = EDGE_CURVE('',#739,#845,#847,.T.);
#845 = VERTEX_POINT('',#846);
#846 = CARTESIAN_POINT('',(185.,-8.881784197001E-16,0.));
#847 = SURFACE_CURVE('',#848,(#852,#859),.PCURVE_S1.);
#848 = LINE('',#849,#850);
#849 = CARTESIAN_POINT('',(0.,0.,0.));
#850 = VECTOR('',#851,1.);
#851 = DIRECTION('',(1.,0.,0.));
#852 = PCURVE('',#100,#853);
#853 = DEFINITIONAL_REPRESENTATION('',(#854),#858);
#854 = LINE('',#855,#856);
#855 = CARTESIAN_POINT('',(0.,0.));
#856 = VECTOR('',#857,1.);
#857 = DIRECTION('',(1.,0.));
#858 = ( GEOMETRIC_REPRESENTATION_CONTEXT(2) 
PARAMETRIC_REPRESENTATION_CONTEXT() REPRESENTATION_CONTEXT('2D SPACE',''
  ) );
#859 = PCURVE('',#213,#860);
#860 = DEFINITIONAL_REPRESENTATION('',(#861),#865);
#861 = LINE('',#862,#863);
#862 = CARTESIAN_POINT('',(0.,0.));
#863 = VECTOR('',#864,1.);
#864 = DIRECTION('',(0.,1.));
#865 = ( GEOMETRIC_REPRESENTATION_CONTEXT(2) 
PARAMETRIC_REPRESENTATION_CONTEXT() REPRESENTATION_CONTEXT('2D SPACE',''
  ) );
#866 = ORIENTED_EDGE('',*,*,#867,.F.);
#867 = EDGE_CURVE('',#868,#845,#870,.T.);
#868 = VERTEX_POINT('',#869);
#869 = CARTESIAN_POINT('',(190.,5.,0.));
#870 = SURFACE_CURVE('',#871,(#876,#887),.PCURVE_S1.);
#871 = CIRCLE('',#872,5.);
#872 = AXIS2_PLACEMENT_3D('',#873,#874,#875);
#873 = CARTESIAN_POINT('',(185.,5.,0.));
#874 = DIRECTION('',(-0.,-0.,-1.));
#875 = DIRECTION('',(0.,-1.,0.));
#876 = PCURVE('',#100,#877);
#877 = DEFINITIONAL_REPRESENTATION('',(#878),#886);
#878 = ( BOUNDED_CURVE() B_SPLINE_CURVE(2,(#879,#880,#881,#882,#883,#884
,#885),.UNSPECIFIED.,.T.,.F.) B_SPLINE_CURVE_WITH_KNOTS((1,2,2,2,2,1),(
    -2.094395102393,0.,2.094395102393,4.188790204786,6.28318530718,
8.377580409573),.UNSPECIFIED.) CURVE() GEOMETRIC_REPRESENTATION_ITEM() 
RATIONAL_B_SPLINE_CURVE((1.,0.5,1.,0.5,1.,0.5,1.)) REPRESENTATION_ITEM(
  '') );
#879 = CARTESIAN_POINT('',(185.,-8.881784197001E-16));
#880 = CARTESIAN_POINT('',(176.33974596215,-8.881784197001E-16));
#881 = CARTESIAN_POINT('',(180.66987298107,7.5));
#882 = CARTESIAN_POINT('',(185.,15.));
#883 = CARTESIAN_POINT('',(189.33012701892,7.5));
#884 = CARTESIAN_POINT('',(193.66025403784,7.105427357601E-15));
#885 = CARTESIAN_POINT('',(185.,-8.881784197001E-16));
#886 = ( GEOMETRIC_REPRESENTATION_CONTEXT(2) 
PARAMETRIC_REPRESENTATION_CONTEXT() REPRESENTATION_CONTEXT('2D SPACE',''
  ) );
#887 = PCURVE('',#246,#888);
#888 = DEFINITIONAL_REPRESENTATION('',(#889),#893);
#889 = LINE('',#890,#891);
#890 = CARTESIAN_POINT('',(4.712388980385,-0.));
#891 = VECTOR('',#892,1.);
#892 = DIRECTION('',(-1.,0.));
#893 = ( GEOMETRIC_REPRESENTATION_CONTEXT(2) 
PARAMETRIC_REPRESENTATION_CONTEXT() REPRESENTATION_CONTEXT('2D SPACE',''
  ) );
#894 = ORIENTED_EDGE('',*,*,#895,.T.);
#895 = EDGE_CURVE('',#868,#896,#898,.T.);
#896 = VERTEX_POINT('',#897);
#897 = CARTESIAN_POINT('',(190.,110.,0.));
#898 = SURFACE_CURVE('',#899,(#903,#910),.PCURVE_S1.);
#899 = LINE('',#900,#901);
#900 = CARTESIAN_POINT('',(190.,0.,0.));
#901 = VECTOR('',#902,1.);
#902 = DIRECTION('',(0.,1.,0.));
#903 = PCURVE('',#100,#904);
#904 = DEFINITIONAL_REPRESENTATION('',(#905),#909);
#905 = LINE('',#906,#907);
#906 = CARTESIAN_POINT('',(190.,0.));
#907 = VECTOR('',#908,1.);
#908 = DIRECTION('',(0.,1.));
#909 = ( GEOMETRIC_REPRESENTATION_CONTEXT(2) 
PARAMETRIC_REPRESENTATION_CONTEXT() REPRESENTATION_CONTEXT('2D SPACE',''
  ) );
#910 = PCURVE('',#274,#911);
#911 = DEFINITIONAL_REPRESENTATION('',(#912),#916);
#912 = LINE('',#913,#914);
#913 = CARTESIAN_POINT('',(0.,0.));
#914 = VECTOR('',#915,1.);
#915 = DIRECTION('',(0.,-1.));
#916 = ( GEOMETRIC_REPRESENTATION_CONTEXT(2) 
PARAMETRIC_REPRESENTATION_CONTEXT() REPRESENTATION_CONTEXT('2D SPACE',''
  ) );
#917 = ORIENTED_EDGE('',*,*,#918,.T.);
#918 = EDGE_CURVE('',#896,#919,#921,.T.);
#919 = VERTEX_POINT('',#920);
#920 = CARTESIAN_POINT('',(185.,115.,0.));
#921 = SURFACE_CURVE('',#922,(#927,#934),.PCURVE_S1.);
#922 = CIRCLE('',#923,5.);
#923 = AXIS2_PLACEMENT_3D('',#924,#925,#926);
#924 = CARTESIAN_POINT('',(185.,110.,0.));
#925 = DIRECTION('',(0.,0.,1.));
#926 = DIRECTION('',(0.,-1.,0.));
#927 = PCURVE('',#100,#928);
#928 = DEFINITIONAL_REPRESENTATION('',(#929),#933);
#929 = CIRCLE('',#930,5.);
#930 = AXIS2_PLACEMENT_2D('',#931,#932);
#931 = CARTESIAN_POINT('',(185.,110.));
#932 = DIRECTION('',(0.,-1.));
#933 = ( GEOMETRIC_REPRESENTATION_CONTEXT(2) 
PARAMETRIC_REPRESENTATION_CONTEXT() REPRESENTATION_CONTEXT('2D SPACE',''
  ) );
#934 = PCURVE('',#303,#935);
#935 = DEFINITIONAL_REPRESENTATION('',(#936),#940);
#936 = LINE('',#937,#938);
#937 = CARTESIAN_POINT('',(-1.570796326795,0.));
#938 = VECTOR('',#939,1.);
#939 = DIRECTION('',(1.,0.));
#940 = ( GEOMETRIC_REPRESENTATION_CONTEXT(2) 
PARAMETRIC_REPRESENTATION_CONTEXT() REPRESENTATION_CONTEXT('2D SPACE',''
  ) );
#941 = ORIENTED_EDGE('',*,*,#942,.F.);
#942 = EDGE_CURVE('',#789,#919,#943,.T.);
#943 = SURFACE_CURVE('',#944,(#948,#955),.PCURVE_S1.);
#944 = LINE('',#945,#946);
#945 = CARTESIAN_POINT('',(0.,115.,0.));
#946 = VECTOR('',#947,1.);
#947 = DIRECTION('',(1.,0.,0.));
#948 = PCURVE('',#100,#949);
#949 = DEFINITIONAL_REPRESENTATION('',(#950),#954);
#950 = LINE('',#951,#952);
#951 = CARTESIAN_POINT('',(0.,115.));
#952 = VECTOR('',#953,1.);
#953 = DIRECTION('',(1.,0.));
#954 = ( GEOMETRIC_REPRESENTATION_CONTEXT(2) 
PARAMETRIC_REPRESENTATION_CONTEXT() REPRESENTATION_CONTEXT('2D SPACE',''
  ) );
#955 = PCURVE('',#331,#956);
#956 = DEFINITIONAL_REPRESENTATION('',(#957),#961);
#957 = LINE('',#958,#959);
#958 = CARTESIAN_POINT('',(0.,0.));
#959 = VECTOR('',#960,1.);
#960 = DIRECTION('',(0.,1.));
#961 = ( GEOMETRIC_REPRESENTATION_CONTEXT(2) 
PARAMETRIC_REPRESENTATION_CONTEXT() REPRESENTATION_CONTEXT('2D SPACE',''
  ) );
#962 = ORIENTED_EDGE('',*,*,#788,.F.);
#963 = ADVANCED_FACE('',(#964),#157,.F.);
#964 = FACE_BOUND('',#965,.F.);
#965 = EDGE_LOOP('',(#966,#990,#1011,#1012));
#966 = ORIENTED_EDGE('',*,*,#967,.F.);
#967 = EDGE_CURVE('',#968,#968,#970,.T.);
#968 = VERTEX_POINT('',#969);
#969 = CARTESIAN_POINT('',(3.,52.,58.6));
#970 = SURFACE_CURVE('',#971,(#976,#983),.PCURVE_S1.);
#971 = CIRCLE('',#972,6.);
#972 = AXIS2_PLACEMENT_3D('',#973,#974,#975);
#973 = CARTESIAN_POINT('',(3.,52.,52.6));
#974 = DIRECTION('',(1.,0.,0.));
#975 = DIRECTION('',(-0.,0.,1.));
#976 = PCURVE('',#157,#977);
#977 = DEFINITIONAL_REPRESENTATION('',(#978),#982);
#978 = LINE('',#979,#980);
#979 = CARTESIAN_POINT('',(0.,4.));
#980 = VECTOR('',#981,1.);
#981 = DIRECTION('',(1.,0.));
#982 = ( GEOMETRIC_REPRESENTATION_CONTEXT(2) 
PARAMETRIC_REPRESENTATION_CONTEXT() REPRESENTATION_CONTEXT('2D SPACE',''
  ) );
#983 = PCURVE('',#606,#984);
#984 = DEFINITIONAL_REPRESENTATION('',(#985),#989);
#985 = CIRCLE('',#986,6.);
#986 = AXIS2_PLACEMENT_2D('',#987,#988);
#987 = CARTESIAN_POINT('',(48.6,-49.));
#988 = DIRECTION('',(1.,0.));
#989 = ( GEOMETRIC_REPRESENTATION_CONTEXT(2) 
PARAMETRIC_REPRESENTATION_CONTEXT() REPRESENTATION_CONTEXT('2D SPACE',''
  ) );
#990 = ORIENTED_EDGE('',*,*,#991,.F.);
#991 = EDGE_CURVE('',#141,#968,#992,.T.);
#992 = SEAM_CURVE('',#993,(#997,#1004),.PCURVE_S1.);
#993 = LINE('',#994,#995);
#994 = CARTESIAN_POINT('',(-1.,52.,58.6));
#995 = VECTOR('',#996,1.);
#996 = DIRECTION('',(1.,0.,0.));
#997 = PCURVE('',#157,#998);
#998 = DEFINITIONAL_REPRESENTATION('',(#999),#1003);
#999 = LINE('',#1000,#1001);
#1000 = CARTESIAN_POINT('',(6.28318530718,-0.));
#1001 = VECTOR('',#1002,1.);
#1002 = DIRECTION('',(0.,1.));
#1003 = ( GEOMETRIC_REPRESENTATION_CONTEXT(2) 
PARAMETRIC_REPRESENTATION_CONTEXT() REPRESENTATION_CONTEXT('2D SPACE',''
  ) );
#1004 = PCURVE('',#157,#1005);
#1005 = DEFINITIONAL_REPRESENTATION('',(#1006),#1010);
#1006 = LINE('',#1007,#1008);
#1007 = CARTESIAN_POINT('',(0.,-0.));
#1008 = VECTOR('',#1009,1.);
#1009 = DIRECTION('',(0.,1.));
#1010 = ( GEOMETRIC_REPRESENTATION_CONTEXT(2) 
PARAMETRIC_REPRESENTATION_CONTEXT() REPRESENTATION_CONTEXT('2D SPACE',''
  ) );
#1011 = ORIENTED_EDGE('',*,*,#140,.T.);
#1012 = ORIENTED_EDGE('',*,*,#991,.T.);
#1013 = ADVANCED_FACE('',(#1014),#213,.F.);
#1014 = FACE_BOUND('',#1015,.F.);
#1015 = EDGE_LOOP('',(#1016,#1017,#1018,#1019));
#1016 = ORIENTED_EDGE('',*,*,#844,.F.);
#1017 = ORIENTED_EDGE('',*,*,#762,.T.);
#1018 = ORIENTED_EDGE('',*,*,#197,.T.);
#1019 = ORIENTED_EDGE('',*,*,#1020,.F.);
#1020 = EDGE_CURVE('',#845,#198,#1021,.T.);
#1021 = SURFACE_CURVE('',#1022,(#1026,#1033),.PCURVE_S1.);
#1022 = LINE('',#1023,#1024);
#1023 = CARTESIAN_POINT('',(185.,-8.881784197001E-16,0.));
#1024 = VECTOR('',#1025,1.);
#1025 = DIRECTION('',(0.,0.,1.));
#1026 = PCURVE('',#213,#1027);
#1027 = DEFINITIONAL_REPRESENTATION('',(#1028),#1032);
#1028 = LINE('',#1029,#1030);
#1029 = CARTESIAN_POINT('',(0.,185.));
#1030 = VECTOR('',#1031,1.);
#1031 = DIRECTION('',(1.,0.));
#1032 = ( GEOMETRIC_REPRESENTATION_CONTEXT(2) 
PARAMETRIC_REPRESENTATION_CONTEXT() REPRESENTATION_CONTEXT('2D SPACE',''
  ) );
#1033 = PCURVE('',#246,#1034);
#1034 = DEFINITIONAL_REPRESENTATION('',(#1035),#1039);
#1035 = LINE('',#1036,#1037);
#1036 = CARTESIAN_POINT('',(-1.570796326795,0.));
#1037 = VECTOR('',#1038,1.);
#1038 = DIRECTION('',(-0.,1.));
#1039 = ( GEOMETRIC_REPRESENTATION_CONTEXT(2) 
PARAMETRIC_REPRESENTATION_CONTEXT() REPRESENTATION_CONTEXT('2D SPACE',''
  ) );
#1040 = ADVANCED_FACE('',(#1041),#331,.T.);
#1041 = FACE_BOUND('',#1042,.T.);
#1042 = EDGE_LOOP('',(#1043,#1044,#1045,#1046));
#1043 = ORIENTED_EDGE('',*,*,#942,.F.);
#1044 = ORIENTED_EDGE('',*,*,#816,.T.);
#1045 = ORIENTED_EDGE('',*,*,#315,.T.);
#1046 = ORIENTED_EDGE('',*,*,#1047,.F.);
#1047 = EDGE_CURVE('',#919,#287,#1048,.T.);
#1048 = SURFACE_CURVE('',#1049,(#1053,#1060),.PCURVE_S1.);
#1049 = LINE('',#1050,#1051);
#1050 = CARTESIAN_POINT('',(185.,115.,0.));
#1051 = VECTOR('',#1052,1.);
#1052 = DIRECTION('',(0.,0.,1.));
#1053 = PCURVE('',#331,#1054);
#1054 = DEFINITIONAL_REPRESENTATION('',(#1055),#1059);
#1055 = LINE('',#1056,#1057);
#1056 = CARTESIAN_POINT('',(0.,185.));
#1057 = VECTOR('',#1058,1.);
#1058 = DIRECTION('',(1.,0.));
#1059 = ( GEOMETRIC_REPRESENTATION_CONTEXT(2) 
PARAMETRIC_REPRESENTATION_CONTEXT() REPRESENTATION_CONTEXT('2D SPACE',''
  ) );
#1060 = PCURVE('',#303,#1061);
#1061 = DEFINITIONAL_REPRESENTATION('',(#1062),#1066);
#1062 = LINE('',#1063,#1064);
#1063 = CARTESIAN_POINT('',(1.570796326795,0.));
#1064 = VECTOR('',#1065,1.);
#1065 = DIRECTION('',(0.,1.));
#1066 = ( GEOMETRIC_REPRESENTATION_CONTEXT(2) 
PARAMETRIC_REPRESENTATION_CONTEXT() REPRESENTATION_CONTEXT('2D SPACE',''
  ) );
#1067 = ADVANCED_FACE('',(#1068),#246,.T.);
#1068 = FACE_BOUND('',#1069,.F.);
#1069 = EDGE_LOOP('',(#1070,#1071,#1072,#1073));
#1070 = ORIENTED_EDGE('',*,*,#867,.T.);
#1071 = ORIENTED_EDGE('',*,*,#1020,.T.);
#1072 = ORIENTED_EDGE('',*,*,#225,.F.);
#1073 = ORIENTED_EDGE('',*,*,#1074,.F.);
#1074 = EDGE_CURVE('',#868,#226,#1075,.T.);
#1075 = SURFACE_CURVE('',#1076,(#1080,#1087),.PCURVE_S1.);
#1076 = LINE('',#1077,#1078);
#1077 = CARTESIAN_POINT('',(190.,5.,0.));
#1078 = VECTOR('',#1079,1.);
#1079 = DIRECTION('',(0.,0.,1.));
#1080 = PCURVE('',#246,#1081);
#1081 = DEFINITIONAL_REPRESENTATION('',(#1082),#1086);
#1082 = LINE('',#1083,#1084);
#1083 = CARTESIAN_POINT('',(-0.,0.));
#1084 = VECTOR('',#1085,1.);
#1085 = DIRECTION('',(-0.,1.));
#1086 = ( GEOMETRIC_REPRESENTATION_CONTEXT(2) 
PARAMETRIC_REPRESENTATION_CONTEXT() REPRESENTATION_CONTEXT('2D SPACE',''
  ) );
#1087 = PCURVE('',#274,#1088);
#1088 = DEFINITIONAL_REPRESENTATION('',(#1089),#1093);
#1089 = LINE('',#1090,#1091);
#1090 = CARTESIAN_POINT('',(0.,-5.));
#1091 = VECTOR('',#1092,1.);
#1092 = DIRECTION('',(1.,0.));
#1093 = ( GEOMETRIC_REPRESENTATION_CONTEXT(2) 
PARAMETRIC_REPRESENTATION_CONTEXT() REPRESENTATION_CONTEXT('2D SPACE',''
  ) );
#1094 = ADVANCED_FACE('',(#1095),#303,.T.);
#1095 = FACE_BOUND('',#1096,.T.);
#1096 = EDGE_LOOP('',(#1097,#1098,#1099,#1100));
#1097 = ORIENTED_EDGE('',*,*,#918,.T.);
#1098 = ORIENTED_EDGE('',*,*,#1047,.T.);
#1099 = ORIENTED_EDGE('',*,*,#286,.F.);
#1100 = ORIENTED_EDGE('',*,*,#1101,.F.);
#1101 = EDGE_CURVE('',#896,#259,#1102,.T.);
#1102 = SURFACE_CURVE('',#1103,(#1107,#1114),.PCURVE_S1.);
#1103 = LINE('',#1104,#1105);
#1104 = CARTESIAN_POINT('',(190.,110.,0.));
#1105 = VECTOR('',#1106,1.);
#1106 = DIRECTION('',(0.,0.,1.));
#1107 = PCURVE('',#303,#1108);
#1108 = DEFINITIONAL_REPRESENTATION('',(#1109),#1113);
#1109 = LINE('',#1110,#1111);
#1110 = CARTESIAN_POINT('',(0.,0.));
#1111 = VECTOR('',#1112,1.);
#1112 = DIRECTION('',(0.,1.));
#1113 = ( GEOMETRIC_REPRESENTATION_CONTEXT(2) 
PARAMETRIC_REPRESENTATION_CONTEXT() REPRESENTATION_CONTEXT('2D SPACE',''
  ) );
#1114 = PCURVE('',#274,#1115);
#1115 = DEFINITIONAL_REPRESENTATION('',(#1116),#1120);
#1116 = LINE('',#1117,#1118);
#1117 = CARTESIAN_POINT('',(0.,-110.));
#1118 = VECTOR('',#1119,1.);
#1119 = DIRECTION('',(1.,0.));
#1120 = ( GEOMETRIC_REPRESENTATION_CONTEXT(2) 
PARAMETRIC_REPRESENTATION_CONTEXT() REPRESENTATION_CONTEXT('2D SPACE',''
  ) );
#1121 = ADVANCED_FACE('',(#1122,#1128),#274,.T.);
#1122 = FACE_BOUND('',#1123,.T.);
#1123 = EDGE_LOOP('',(#1124,#1125,#1126,#1127));
#1124 = ORIENTED_EDGE('',*,*,#258,.F.);
#1125 = ORIENTED_EDGE('',*,*,#1074,.F.);
#1126 = ORIENTED_EDGE('',*,*,#895,.T.);
#1127 = ORIENTED_EDGE('',*,*,#1101,.T.);
#1128 = FACE_BOUND('',#1129,.T.);
#1129 = EDGE_LOOP('',(#1130));
#1130 = ORIENTED_EDGE('',*,*,#1131,.F.);
#1131 = EDGE_CURVE('',#1132,#1132,#1134,.T.);
#1132 = VERTEX_POINT('',#1133);
#1133 = CARTESIAN_POINT('',(190.,34.5,30.));
#1134 = SURFACE_CURVE('',#1135,(#1140,#1147),.PCURVE_S1.);
#1135 = CIRCLE('',#1136,8.);
#1136 = AXIS2_PLACEMENT_3D('',#1137,#1138,#1139);
#1137 = CARTESIAN_POINT('',(190.,34.5,22.));
#1138 = DIRECTION('',(1.,0.,0.));
#1139 = DIRECTION('',(-0.,0.,1.));
#1140 = PCURVE('',#274,#1141);
#1141 = DEFINITIONAL_REPRESENTATION('',(#1142),#1146);
#1142 = CIRCLE('',#1143,8.);
#1143 = AXIS2_PLACEMENT_2D('',#1144,#1145);
#1144 = CARTESIAN_POINT('',(22.,-34.5));
#1145 = DIRECTION('',(1.,0.));
#1146 = ( GEOMETRIC_REPRESENTATION_CONTEXT(2) 
PARAMETRIC_REPRESENTATION_CONTEXT() REPRESENTATION_CONTEXT('2D SPACE',''
  ) );
#1147 = PCURVE('',#1148,#1153);
#1148 = CYLINDRICAL_SURFACE('',#1149,8.);
#1149 = AXIS2_PLACEMENT_3D('',#1150,#1151,#1152);
#1150 = CARTESIAN_POINT('',(186.,34.5,22.));
#1151 = DIRECTION('',(1.,0.,0.));
#1152 = DIRECTION('',(-0.,0.,1.));
#1153 = DEFINITIONAL_REPRESENTATION('',(#1154),#1158);
#1154 = LINE('',#1155,#1156);
#1155 = CARTESIAN_POINT('',(0.,4.));
#1156 = VECTOR('',#1157,1.);
#1157 = DIRECTION('',(1.,0.));
#1158 = ( GEOMETRIC_REPRESENTATION_CONTEXT(2) 
PARAMETRIC_REPRESENTATION_CONTEXT() REPRESENTATION_CONTEXT('2D SPACE',''
  ) );
#1159 = ADVANCED_FACE('',(#1160),#392,.F.);
#1160 = FACE_BOUND('',#1161,.T.);
#1161 = EDGE_LOOP('',(#1162,#1191,#1212,#1213));
#1162 = ORIENTED_EDGE('',*,*,#1163,.F.);
#1163 = EDGE_CURVE('',#1164,#1164,#1166,.T.);
#1164 = VERTEX_POINT('',#1165);
#1165 = CARTESIAN_POINT('',(6.25,5.,57.));
#1166 = SURFACE_CURVE('',#1167,(#1172,#1179),.PCURVE_S1.);
#1167 = CIRCLE('',#1168,1.25);
#1168 = AXIS2_PLACEMENT_3D('',#1169,#1170,#1171);
#1169 = CARTESIAN_POINT('',(5.,5.,57.));
#1170 = DIRECTION('',(0.,0.,1.));
#1171 = DIRECTION('',(1.,0.,0.));
#1172 = PCURVE('',#392,#1173);
#1173 = DEFINITIONAL_REPRESENTATION('',(#1174),#1178);
#1174 = LINE('',#1175,#1176);
#1175 = CARTESIAN_POINT('',(-0.,0.));
#1176 = VECTOR('',#1177,1.);
#1177 = DIRECTION('',(-1.,0.));
#1178 = ( GEOMETRIC_REPRESENTATION_CONTEXT(2) 
PARAMETRIC_REPRESENTATION_CONTEXT() REPRESENTATION_CONTEXT('2D SPACE',''
  ) );
#1179 = PCURVE('',#1180,#1185);
#1180 = PLANE('',#1181);
#1181 = AXIS2_PLACEMENT_3D('',#1182,#1183,#1184);
#1182 = CARTESIAN_POINT('',(5.,5.,57.));
#1183 = DIRECTION('',(0.,0.,1.));
#1184 = DIRECTION('',(1.,0.,-0.));
#1185 = DEFINITIONAL_REPRESENTATION('',(#1186),#1190);
#1186 = CIRCLE('',#1187,1.25);
#1187 = AXIS2_PLACEMENT_2D('',#1188,#1189);
#1188 = CARTESIAN_POINT('',(8.881784197001E-16,0.));
#1189 = DIRECTION('',(1.,0.));
#1190 = ( GEOMETRIC_REPRESENTATION_CONTEXT(2) 
PARAMETRIC_REPRESENTATION_CONTEXT() REPRESENTATION_CONTEXT('2D SPACE',''
  ) );
#1191 = ORIENTED_EDGE('',*,*,#1192,.T.);
#1192 = EDGE_CURVE('',#1164,#372,#1193,.T.);
#1193 = SEAM_CURVE('',#1194,(#1198,#1205),.PCURVE_S1.);
#1194 = LINE('',#1195,#1196);
#1195 = CARTESIAN_POINT('',(6.25,5.,57.));
#1196 = VECTOR('',#1197,1.);
#1197 = DIRECTION('',(0.,0.,1.));
#1198 = PCURVE('',#392,#1199);
#1199 = DEFINITIONAL_REPRESENTATION('',(#1200),#1204);
#1200 = LINE('',#1201,#1202);
#1201 = CARTESIAN_POINT('',(-6.28318530718,0.));
#1202 = VECTOR('',#1203,1.);
#1203 = DIRECTION('',(-0.,-1.));
#1204 = ( GEOMETRIC_REPRESENTATION_CONTEXT(2) 
PARAMETRIC_REPRESENTATION_CONTEXT() REPRESENTATION_CONTEXT('2D SPACE',''
  ) );
#1205 = PCURVE('',#392,#1206);
#1206 = DEFINITIONAL_REPRESENTATION('',(#1207),#1211);
#1207 = LINE('',#1208,#1209);
#1208 = CARTESIAN_POINT('',(-0.,0.));
#1209 = VECTOR('',#1210,1.);
#1210 = DIRECTION('',(-0.,-1.));
#1211 = ( GEOMETRIC_REPRESENTATION_CONTEXT(2) 
PARAMETRIC_REPRESENTATION_CONTEXT() REPRESENTATION_CONTEXT('2D SPACE',''
  ) );
#1212 = ORIENTED_EDGE('',*,*,#371,.F.);
#1213 = ORIENTED_EDGE('',*,*,#1192,.F.);
#1214 = ADVANCED_FACE('',(#1215),#427,.F.);
#1215 = FACE_BOUND('',#1216,.T.);
#1216 = EDGE_LOOP('',(#1217,#1246,#1267,#1268));
#1217 = ORIENTED_EDGE('',*,*,#1218,.F.);
#1218 = EDGE_CURVE('',#1219,#1219,#1221,.T.);
#1219 = VERTEX_POINT('',#1220);
#1220 = CARTESIAN_POINT('',(186.25,5.,57.));
#1221 = SURFACE_CURVE('',#1222,(#1227,#1234),.PCURVE_S1.);
#1222 = CIRCLE('',#1223,1.25);
#1223 = AXIS2_PLACEMENT_3D('',#1224,#1225,#1226);
#1224 = CARTESIAN_POINT('',(185.,5.,57.));
#1225 = DIRECTION('',(0.,0.,1.));
#1226 = DIRECTION('',(1.,0.,0.));
#1227 = PCURVE('',#427,#1228);
#1228 = DEFINITIONAL_REPRESENTATION('',(#1229),#1233);
#1229 = LINE('',#1230,#1231);
#1230 = CARTESIAN_POINT('',(-0.,0.));
#1231 = VECTOR('',#1232,1.);
#1232 = DIRECTION('',(-1.,0.));
#1233 = ( GEOMETRIC_REPRESENTATION_CONTEXT(2) 
PARAMETRIC_REPRESENTATION_CONTEXT() REPRESENTATION_CONTEXT('2D SPACE',''
  ) );
#1234 = PCURVE('',#1235,#1240);
#1235 = PLANE('',#1236);
#1236 = AXIS2_PLACEMENT_3D('',#1237,#1238,#1239);
#1237 = CARTESIAN_POINT('',(185.,5.,57.));
#1238 = DIRECTION('',(0.,0.,1.));
#1239 = DIRECTION('',(1.,0.,-0.));
#1240 = DEFINITIONAL_REPRESENTATION('',(#1241),#1245);
#1241 = CIRCLE('',#1242,1.25);
#1242 = AXIS2_PLACEMENT_2D('',#1243,#1244);
#1243 = CARTESIAN_POINT('',(2.84217094304E-14,8.881784197001E-16));
#1244 = DIRECTION('',(1.,0.));
#1245 = ( GEOMETRIC_REPRESENTATION_CONTEXT(2) 
PARAMETRIC_REPRESENTATION_CONTEXT() REPRESENTATION_CONTEXT('2D SPACE',''
  ) );
#1246 = ORIENTED_EDGE('',*,*,#1247,.T.);
#1247 = EDGE_CURVE('',#1219,#407,#1248,.T.);
#1248 = SEAM_CURVE('',#1249,(#1253,#1260),.PCURVE_S1.);
#1249 = LINE('',#1250,#1251);
#1250 = CARTESIAN_POINT('',(186.25,5.,57.));
#1251 = VECTOR('',#1252,1.);
#1252 = DIRECTION('',(0.,0.,1.));
#1253 = PCURVE('',#427,#1254);
#1254 = DEFINITIONAL_REPRESENTATION('',(#1255),#1259);
#1255 = LINE('',#1256,#1257);
#1256 = CARTESIAN_POINT('',(-6.28318530718,0.));
#1257 = VECTOR('',#1258,1.);
#1258 = DIRECTION('',(-0.,-1.));
#1259 = ( GEOMETRIC_REPRESENTATION_CONTEXT(2) 
PARAMETRIC_REPRESENTATION_CONTEXT() REPRESENTATION_CONTEXT('2D SPACE',''
  ) );
#1260 = PCURVE('',#427,#1261);
#1261 = DEFINITIONAL_REPRESENTATION('',(#1262),#1266);
#1262 = LINE('',#1263,#1264);
#1263 = CARTESIAN_POINT('',(-0.,0.));
#1264 = VECTOR('',#1265,1.);
#1265 = DIRECTION('',(-0.,-1.));
#1266 = ( GEOMETRIC_REPRESENTATION_CONTEXT(2) 
PARAMETRIC_REPRESENTATION_CONTEXT() REPRESENTATION_CONTEXT('2D SPACE',''
  ) );
#1267 = ORIENTED_EDGE('',*,*,#406,.F.);
#1268 = ORIENTED_EDGE('',*,*,#1247,.F.);
#1269 = ADVANCED_FACE('',(#1270),#462,.F.);
#1270 = FACE_BOUND('',#1271,.T.);
#1271 = EDGE_LOOP('',(#1272,#1301,#1322,#1323));
#1272 = ORIENTED_EDGE('',*,*,#1273,.F.);
#1273 = EDGE_CURVE('',#1274,#1274,#1276,.T.);
#1274 = VERTEX_POINT('',#1275);
#1275 = CARTESIAN_POINT('',(6.25,110.,57.));
#1276 = SURFACE_CURVE('',#1277,(#1282,#1289),.PCURVE_S1.);
#1277 = CIRCLE('',#1278,1.25);
#1278 = AXIS2_PLACEMENT_3D('',#1279,#1280,#1281);
#1279 = CARTESIAN_POINT('',(5.,110.,57.));
#1280 = DIRECTION('',(0.,0.,1.));
#1281 = DIRECTION('',(1.,0.,0.));
#1282 = PCURVE('',#462,#1283);
#1283 = DEFINITIONAL_REPRESENTATION('',(#1284),#1288);
#1284 = LINE('',#1285,#1286);
#1285 = CARTESIAN_POINT('',(-0.,0.));
#1286 = VECTOR('',#1287,1.);
#1287 = DIRECTION('',(-1.,0.));
#1288 = ( GEOMETRIC_REPRESENTATION_CONTEXT(2) 
PARAMETRIC_REPRESENTATION_CONTEXT() REPRESENTATION_CONTEXT('2D SPACE',''
  ) );
#1289 = PCURVE('',#1290,#1295);
#1290 = PLANE('',#1291);
#1291 = AXIS2_PLACEMENT_3D('',#1292,#1293,#1294);
#1292 = CARTESIAN_POINT('',(5.,110.,57.));
#1293 = DIRECTION('',(0.,0.,1.));
#1294 = DIRECTION('',(1.,0.,-0.));
#1295 = DEFINITIONAL_REPRESENTATION('',(#1296),#1300);
#1296 = CIRCLE('',#1297,1.25);
#1297 = AXIS2_PLACEMENT_2D('',#1298,#1299);
#1298 = CARTESIAN_POINT('',(8.881784197001E-16,-1.42108547152E-14));
#1299 = DIRECTION('',(1.,0.));
#1300 = ( GEOMETRIC_REPRESENTATION_CONTEXT(2) 
PARAMETRIC_REPRESENTATION_CONTEXT() REPRESENTATION_CONTEXT('2D SPACE',''
  ) );
#1301 = ORIENTED_EDGE('',*,*,#1302,.T.);
#1302 = EDGE_CURVE('',#1274,#442,#1303,.T.);
#1303 = SEAM_CURVE('',#1304,(#1308,#1315),.PCURVE_S1.);
#1304 = LINE('',#1305,#1306);
#1305 = CARTESIAN_POINT('',(6.25,110.,57.));
#1306 = VECTOR('',#1307,1.);
#1307 = DIRECTION('',(0.,0.,1.));
#1308 = PCURVE('',#462,#1309);
#1309 = DEFINITIONAL_REPRESENTATION('',(#1310),#1314);
#1310 = LINE('',#1311,#1312);
#1311 = CARTESIAN_POINT('',(-6.28318530718,0.));
#1312 = VECTOR('',#1313,1.);
#1313 = DIRECTION('',(-0.,-1.));
#1314 = ( GEOMETRIC_REPRESENTATION_CONTEXT(2) 
PARAMETRIC_REPRESENTATION_CONTEXT() REPRESENTATION_CONTEXT('2D SPACE',''
  ) );
#1315 = PCURVE('',#462,#1316);
#1316 = DEFINITIONAL_REPRESENTATION('',(#1317),#1321);
#1317 = LINE('',#1318,#1319);
#1318 = CARTESIAN_POINT('',(-0.,0.));
#1319 = VECTOR('',#1320,1.);
#1320 = DIRECTION('',(-0.,-1.));
#1321 = ( GEOMETRIC_REPRESENTATION_CONTEXT(2) 
PARAMETRIC_REPRESENTATION_CONTEXT() REPRESENTATION_CONTEXT('2D SPACE',''
  ) );
#1322 = ORIENTED_EDGE('',*,*,#441,.F.);
#1323 = ORIENTED_EDGE('',*,*,#1302,.F.);
#1324 = ADVANCED_FACE('',(#1325,#1396),#494,.F.);
#1325 = FACE_BOUND('',#1326,.F.);
#1326 = EDGE_LOOP('',(#1327,#1328,#1349,#1377));
#1327 = ORIENTED_EDGE('',*,*,#476,.F.);
#1328 = ORIENTED_EDGE('',*,*,#1329,.T.);
#1329 = EDGE_CURVE('',#477,#1330,#1332,.T.);
#1330 = VERTEX_POINT('',#1331);
#1331 = CARTESIAN_POINT('',(187.,8.464101615138,4.));
#1332 = SURFACE_CURVE('',#1333,(#1337,#1343),.PCURVE_S1.);
#1333 = LINE('',#1334,#1335);
#1334 = CARTESIAN_POINT('',(187.,8.464101615138,4.));
#1335 = VECTOR('',#1336,1.);
#1336 = DIRECTION('',(-0.,-0.,-1.));
#1337 = PCURVE('',#494,#1338);
#1338 = DEFINITIONAL_REPRESENTATION('',(#1339),#1342);
#1339 = B_SPLINE_CURVE_WITH_KNOTS('',1,(#1340,#1341),.UNSPECIFIED.,.F.,
  .F.,(2,2),(-61.0000006,5.999999999062E-07),.PIECEWISE_BEZIER_KNOTS.);
#1340 = CARTESIAN_POINT('',(61.0000006,-5.464101615138));
#1341 = CARTESIAN_POINT('',(-5.999999999062E-07,-5.464101615138));
#1342 = ( GEOMETRIC_REPRESENTATION_CONTEXT(2) 
PARAMETRIC_REPRESENTATION_CONTEXT() REPRESENTATION_CONTEXT('2D SPACE',''
  ) );
#1343 = PCURVE('',#522,#1344);
#1344 = DEFINITIONAL_REPRESENTATION('',(#1345),#1348);
#1345 = B_SPLINE_CURVE_WITH_KNOTS('',1,(#1346,#1347),.UNSPECIFIED.,.F.,
  .F.,(2,2),(-61.0000006,5.999999999062E-07),.PIECEWISE_BEZIER_KNOTS.);
#1346 = CARTESIAN_POINT('',(-1.047197551197,-61.0000006));
#1347 = CARTESIAN_POINT('',(-1.047197551197,5.999999999062E-07));
#1348 = ( GEOMETRIC_REPRESENTATION_CONTEXT(2) 
PARAMETRIC_REPRESENTATION_CONTEXT() REPRESENTATION_CONTEXT('2D SPACE',''
  ) );
#1349 = ORIENTED_EDGE('',*,*,#1350,.T.);
#1350 = EDGE_CURVE('',#1330,#1351,#1353,.T.);
#1351 = VERTEX_POINT('',#1352);
#1352 = CARTESIAN_POINT('',(187.,106.53589838486,4.));
#1353 = SURFACE_CURVE('',#1354,(#1358,#1365),.PCURVE_S1.);
#1354 = LINE('',#1355,#1356);
#1355 = CARTESIAN_POINT('',(187.,3.,4.));
#1356 = VECTOR('',#1357,1.);
#1357 = DIRECTION('',(0.,1.,0.));
#1358 = PCURVE('',#494,#1359);
#1359 = DEFINITIONAL_REPRESENTATION('',(#1360),#1364);
#1360 = LINE('',#1361,#1362);
#1361 = CARTESIAN_POINT('',(0.,0.));
#1362 = VECTOR('',#1363,1.);
#1363 = DIRECTION('',(0.,-1.));
#1364 = ( GEOMETRIC_REPRESENTATION_CONTEXT(2) 
PARAMETRIC_REPRESENTATION_CONTEXT() REPRESENTATION_CONTEXT('2D SPACE',''
  ) );
#1365 = PCURVE('',#1366,#1371);
#1366 = PLANE('',#1367);
#1367 = AXIS2_PLACEMENT_3D('',#1368,#1369,#1370);
#1368 = CARTESIAN_POINT('',(3.,3.,4.));
#1369 = DIRECTION('',(0.,0.,1.));
#1370 = DIRECTION('',(1.,0.,0.));
#1371 = DEFINITIONAL_REPRESENTATION('',(#1372),#1376);
#1372 = LINE('',#1373,#1374);
#1373 = CARTESIAN_POINT('',(184.,0.));
#1374 = VECTOR('',#1375,1.);
#1375 = DIRECTION('',(0.,1.));
#1376 = ( GEOMETRIC_REPRESENTATION_CONTEXT(2) 
PARAMETRIC_REPRESENTATION_CONTEXT() REPRESENTATION_CONTEXT('2D SPACE',''
  ) );
#1377 = ORIENTED_EDGE('',*,*,#1378,.F.);
#1378 = EDGE_CURVE('',#479,#1351,#1379,.T.);
#1379 = SURFACE_CURVE('',#1380,(#1384,#1390),.PCURVE_S1.);
#1380 = LINE('',#1381,#1382);
#1381 = CARTESIAN_POINT('',(187.,106.53589838486,4.));
#1382 = VECTOR('',#1383,1.);
#1383 = DIRECTION('',(-0.,-0.,-1.));
#1384 = PCURVE('',#494,#1385);
#1385 = DEFINITIONAL_REPRESENTATION('',(#1386),#1389);
#1386 = B_SPLINE_CURVE_WITH_KNOTS('',1,(#1387,#1388),.UNSPECIFIED.,.F.,
  .F.,(2,2),(-61.0000006,5.999999999062E-07),.PIECEWISE_BEZIER_KNOTS.);
#1387 = CARTESIAN_POINT('',(61.0000006,-103.5358983848));
#1388 = CARTESIAN_POINT('',(-5.999999999062E-07,-103.5358983848));
#1389 = ( GEOMETRIC_REPRESENTATION_CONTEXT(2) 
PARAMETRIC_REPRESENTATION_CONTEXT() REPRESENTATION_CONTEXT('2D SPACE',''
  ) );
#1390 = PCURVE('',#688,#1391);
#1391 = DEFINITIONAL_REPRESENTATION('',(#1392),#1395);
#1392 = B_SPLINE_CURVE_WITH_KNOTS('',1,(#1393,#1394),.UNSPECIFIED.,.F.,
  .F.,(2,2),(-61.0000006,5.999999999062E-07),.PIECEWISE_BEZIER_KNOTS.);
#1393 = CARTESIAN_POINT('',(-5.235987755983,-61.0000006));
#1394 = CARTESIAN_POINT('',(-5.235987755983,5.999999999062E-07));
#1395 = ( GEOMETRIC_REPRESENTATION_CONTEXT(2) 
PARAMETRIC_REPRESENTATION_CONTEXT() REPRESENTATION_CONTEXT('2D SPACE',''
  ) );
#1396 = FACE_BOUND('',#1397,.F.);
#1397 = EDGE_LOOP('',(#1398));
#1398 = ORIENTED_EDGE('',*,*,#1399,.F.);
#1399 = EDGE_CURVE('',#1400,#1400,#1402,.T.);
#1400 = VERTEX_POINT('',#1401);
#1401 = CARTESIAN_POINT('',(187.,34.5,30.));
#1402 = SURFACE_CURVE('',#1403,(#1408,#1415),.PCURVE_S1.);
#1403 = CIRCLE('',#1404,8.);
#1404 = AXIS2_PLACEMENT_3D('',#1405,#1406,#1407);
#1405 = CARTESIAN_POINT('',(187.,34.5,22.));
#1406 = DIRECTION('',(1.,0.,0.));
#1407 = DIRECTION('',(-0.,0.,1.));
#1408 = PCURVE('',#494,#1409);
#1409 = DEFINITIONAL_REPRESENTATION('',(#1410),#1414);
#1410 = CIRCLE('',#1411,8.);
#1411 = AXIS2_PLACEMENT_2D('',#1412,#1413);
#1412 = CARTESIAN_POINT('',(18.,-31.5));
#1413 = DIRECTION('',(1.,0.));
#1414 = ( GEOMETRIC_REPRESENTATION_CONTEXT(2) 
PARAMETRIC_REPRESENTATION_CONTEXT() REPRESENTATION_CONTEXT('2D SPACE',''
  ) );
#1415 = PCURVE('',#1148,#1416);
#1416 = DEFINITIONAL_REPRESENTATION('',(#1417),#1421);
#1417 = LINE('',#1418,#1419);
#1418 = CARTESIAN_POINT('',(0.,1.));
#1419 = VECTOR('',#1420,1.);
#1420 = DIRECTION('',(1.,0.));
#1421 = ( GEOMETRIC_REPRESENTATION_CONTEXT(2) 
PARAMETRIC_REPRESENTATION_CONTEXT() REPRESENTATION_CONTEXT('2D SPACE',''
  ) );
#1422 = ADVANCED_FACE('',(#1423),#522,.T.);
#1423 = FACE_BOUND('',#1424,.F.);
#1424 = EDGE_LOOP('',(#1425,#1449,#1450,#1451));
#1425 = ORIENTED_EDGE('',*,*,#1426,.F.);
#1426 = EDGE_CURVE('',#1330,#1427,#1429,.T.);
#1427 = VERTEX_POINT('',#1428);
#1428 = CARTESIAN_POINT('',(181.53589838486,3.,4.));
#1429 = SURFACE_CURVE('',#1430,(#1435,#1442),.PCURVE_S1.);
#1430 = CIRCLE('',#1431,4.);
#1431 = AXIS2_PLACEMENT_3D('',#1432,#1433,#1434);
#1432 = CARTESIAN_POINT('',(185.,5.,4.));
#1433 = DIRECTION('',(0.,0.,1.));
#1434 = DIRECTION('',(1.,0.,0.));
#1435 = PCURVE('',#522,#1436);
#1436 = DEFINITIONAL_REPRESENTATION('',(#1437),#1441);
#1437 = LINE('',#1438,#1439);
#1438 = CARTESIAN_POINT('',(-0.,0.));
#1439 = VECTOR('',#1440,1.);
#1440 = DIRECTION('',(-1.,0.));
#1441 = ( GEOMETRIC_REPRESENTATION_CONTEXT(2) 
PARAMETRIC_REPRESENTATION_CONTEXT() REPRESENTATION_CONTEXT('2D SPACE',''
  ) );
#1442 = PCURVE('',#1366,#1443);
#1443 = DEFINITIONAL_REPRESENTATION('',(#1444),#1448);
#1444 = CIRCLE('',#1445,4.);
#1445 = AXIS2_PLACEMENT_2D('',#1446,#1447);
#1446 = CARTESIAN_POINT('',(182.,2.));
#1447 = DIRECTION('',(1.,0.));
#1448 = ( GEOMETRIC_REPRESENTATION_CONTEXT(2) 
PARAMETRIC_REPRESENTATION_CONTEXT() REPRESENTATION_CONTEXT('2D SPACE',''
  ) );
#1449 = ORIENTED_EDGE('',*,*,#1329,.F.);
#1450 = ORIENTED_EDGE('',*,*,#505,.T.);
#1451 = ORIENTED_EDGE('',*,*,#1452,.T.);
#1452 = EDGE_CURVE('',#506,#1427,#1453,.T.);
#1453 = SURFACE_CURVE('',#1454,(#1458,#1464),.PCURVE_S1.);
#1454 = LINE('',#1455,#1456);
#1455 = CARTESIAN_POINT('',(181.53589838486,3.,4.));
#1456 = VECTOR('',#1457,1.);
#1457 = DIRECTION('',(-0.,-0.,-1.));
#1458 = PCURVE('',#522,#1459);
#1459 = DEFINITIONAL_REPRESENTATION('',(#1460),#1463);
#1460 = B_SPLINE_CURVE_WITH_KNOTS('',1,(#1461,#1462),.UNSPECIFIED.,.F.,
  .F.,(2,2),(-61.0000006,5.999999999062E-07),.PIECEWISE_BEZIER_KNOTS.);
#1461 = CARTESIAN_POINT('',(-3.665191429188,-61.0000006));
#1462 = CARTESIAN_POINT('',(-3.665191429188,5.999999999062E-07));
#1463 = ( GEOMETRIC_REPRESENTATION_CONTEXT(2) 
PARAMETRIC_REPRESENTATION_CONTEXT() REPRESENTATION_CONTEXT('2D SPACE',''
  ) );
#1464 = PCURVE('',#550,#1465);
#1465 = DEFINITIONAL_REPRESENTATION('',(#1466),#1469);
#1466 = B_SPLINE_CURVE_WITH_KNOTS('',1,(#1467,#1468),.UNSPECIFIED.,.F.,
  .F.,(2,2),(-61.0000006,5.999999999062E-07),.PIECEWISE_BEZIER_KNOTS.);
#1467 = CARTESIAN_POINT('',(61.0000006,178.53589838486));
#1468 = CARTESIAN_POINT('',(-5.999999999062E-07,178.53589838486));
#1469 = ( GEOMETRIC_REPRESENTATION_CONTEXT(2) 
PARAMETRIC_REPRESENTATION_CONTEXT() REPRESENTATION_CONTEXT('2D SPACE',''
  ) );
#1470 = ADVANCED_FACE('',(#1471),#688,.T.);
#1471 = FACE_BOUND('',#1472,.F.);
#1472 = EDGE_LOOP('',(#1473,#1497,#1516,#1517));
#1473 = ORIENTED_EDGE('',*,*,#1474,.F.);
#1474 = EDGE_CURVE('',#1475,#1351,#1477,.T.);
#1475 = VERTEX_POINT('',#1476);
#1476 = CARTESIAN_POINT('',(181.53589838486,112.,4.));
#1477 = SURFACE_CURVE('',#1478,(#1483,#1490),.PCURVE_S1.);
#1478 = CIRCLE('',#1479,4.);
#1479 = AXIS2_PLACEMENT_3D('',#1480,#1481,#1482);
#1480 = CARTESIAN_POINT('',(185.,110.,4.));
#1481 = DIRECTION('',(0.,0.,1.));
#1482 = DIRECTION('',(1.,0.,0.));
#1483 = PCURVE('',#688,#1484);
#1484 = DEFINITIONAL_REPRESENTATION('',(#1485),#1489);
#1485 = LINE('',#1486,#1487);
#1486 = CARTESIAN_POINT('',(-0.,0.));
#1487 = VECTOR('',#1488,1.);
#1488 = DIRECTION('',(-1.,0.));
#1489 = ( GEOMETRIC_REPRESENTATION_CONTEXT(2) 
PARAMETRIC_REPRESENTATION_CONTEXT() REPRESENTATION_CONTEXT('2D SPACE',''
  ) );
#1490 = PCURVE('',#1366,#1491);
#1491 = DEFINITIONAL_REPRESENTATION('',(#1492),#1496);
#1492 = CIRCLE('',#1493,4.);
#1493 = AXIS2_PLACEMENT_2D('',#1494,#1495);
#1494 = CARTESIAN_POINT('',(182.,107.));
#1495 = DIRECTION('',(1.,0.));
#1496 = ( GEOMETRIC_REPRESENTATION_CONTEXT(2) 
PARAMETRIC_REPRESENTATION_CONTEXT() REPRESENTATION_CONTEXT('2D SPACE',''
  ) );
#1497 = ORIENTED_EDGE('',*,*,#1498,.F.);
#1498 = EDGE_CURVE('',#647,#1475,#1499,.T.);
#1499 = SURFACE_CURVE('',#1500,(#1504,#1510),.PCURVE_S1.);
#1500 = LINE('',#1501,#1502);
#1501 = CARTESIAN_POINT('',(181.53589838486,112.,4.));
#1502 = VECTOR('',#1503,1.);
#1503 = DIRECTION('',(-0.,-0.,-1.));
#1504 = PCURVE('',#688,#1505);
#1505 = DEFINITIONAL_REPRESENTATION('',(#1506),#1509);
#1506 = B_SPLINE_CURVE_WITH_KNOTS('',1,(#1507,#1508),.UNSPECIFIED.,.F.,
  .F.,(2,2),(-61.0000006,5.999999999062E-07),.PIECEWISE_BEZIER_KNOTS.);
#1507 = CARTESIAN_POINT('',(-2.617993877991,-61.0000006));
#1508 = CARTESIAN_POINT('',(-2.617993877991,5.999999999062E-07));
#1509 = ( GEOMETRIC_REPRESENTATION_CONTEXT(2) 
PARAMETRIC_REPRESENTATION_CONTEXT() REPRESENTATION_CONTEXT('2D SPACE',''
  ) );
#1510 = PCURVE('',#662,#1511);
#1511 = DEFINITIONAL_REPRESENTATION('',(#1512),#1515);
#1512 = B_SPLINE_CURVE_WITH_KNOTS('',1,(#1513,#1514),.UNSPECIFIED.,.F.,
  .F.,(2,2),(-61.0000006,5.999999999062E-07),.PIECEWISE_BEZIER_KNOTS.);
#1513 = CARTESIAN_POINT('',(61.0000006,178.53589838486));
#1514 = CARTESIAN_POINT('',(-5.999999999062E-07,178.53589838486));
#1515 = ( GEOMETRIC_REPRESENTATION_CONTEXT(2) 
PARAMETRIC_REPRESENTATION_CONTEXT() REPRESENTATION_CONTEXT('2D SPACE',''
  ) );
#1516 = ORIENTED_EDGE('',*,*,#673,.T.);
#1517 = ORIENTED_EDGE('',*,*,#1378,.T.);
#1518 = ADVANCED_FACE('',(#1519),#550,.T.);
#1519 = FACE_BOUND('',#1520,.T.);
#1520 = EDGE_LOOP('',(#1521,#1544,#1563,#1564));
#1521 = ORIENTED_EDGE('',*,*,#1522,.F.);
#1522 = EDGE_CURVE('',#1523,#1427,#1525,.T.);
#1523 = VERTEX_POINT('',#1524);
#1524 = CARTESIAN_POINT('',(8.464101615138,3.,4.));
#1525 = SURFACE_CURVE('',#1526,(#1530,#1537),.PCURVE_S1.);
#1526 = LINE('',#1527,#1528);
#1527 = CARTESIAN_POINT('',(3.,3.,4.));
#1528 = VECTOR('',#1529,1.);
#1529 = DIRECTION('',(1.,0.,0.));
#1530 = PCURVE('',#550,#1531);
#1531 = DEFINITIONAL_REPRESENTATION('',(#1532),#1536);
#1532 = LINE('',#1533,#1534);
#1533 = CARTESIAN_POINT('',(0.,0.));
#1534 = VECTOR('',#1535,1.);
#1535 = DIRECTION('',(0.,1.));
#1536 = ( GEOMETRIC_REPRESENTATION_CONTEXT(2) 
PARAMETRIC_REPRESENTATION_CONTEXT() REPRESENTATION_CONTEXT('2D SPACE',''
  ) );
#1537 = PCURVE('',#1366,#1538);
#1538 = DEFINITIONAL_REPRESENTATION('',(#1539),#1543);
#1539 = LINE('',#1540,#1541);
#1540 = CARTESIAN_POINT('',(0.,0.));
#1541 = VECTOR('',#1542,1.);
#1542 = DIRECTION('',(1.,0.));
#1543 = ( GEOMETRIC_REPRESENTATION_CONTEXT(2) 
PARAMETRIC_REPRESENTATION_CONTEXT() REPRESENTATION_CONTEXT('2D SPACE',''
  ) );
#1544 = ORIENTED_EDGE('',*,*,#1545,.F.);
#1545 = EDGE_CURVE('',#535,#1523,#1546,.T.);
#1546 = SURFACE_CURVE('',#1547,(#1551,#1557),.PCURVE_S1.);
#1547 = LINE('',#1548,#1549);
#1548 = CARTESIAN_POINT('',(8.464101615138,3.,4.));
#1549 = VECTOR('',#1550,1.);
#1550 = DIRECTION('',(-0.,-0.,-1.));
#1551 = PCURVE('',#550,#1552);
#1552 = DEFINITIONAL_REPRESENTATION('',(#1553),#1556);
#1553 = B_SPLINE_CURVE_WITH_KNOTS('',1,(#1554,#1555),.UNSPECIFIED.,.F.,
  .F.,(2,2),(-61.0000006,5.999999999062E-07),.PIECEWISE_BEZIER_KNOTS.);
#1554 = CARTESIAN_POINT('',(61.0000006,5.464101615138));
#1555 = CARTESIAN_POINT('',(-5.999999999062E-07,5.464101615138));
#1556 = ( GEOMETRIC_REPRESENTATION_CONTEXT(2) 
PARAMETRIC_REPRESENTATION_CONTEXT() REPRESENTATION_CONTEXT('2D SPACE',''
  ) );
#1557 = PCURVE('',#578,#1558);
#1558 = DEFINITIONAL_REPRESENTATION('',(#1559),#1562);
#1559 = B_SPLINE_CURVE_WITH_KNOTS('',1,(#1560,#1561),.UNSPECIFIED.,.F.,
  .F.,(2,2),(-61.,0.),.PIECEWISE_BEZIER_KNOTS.);
#1560 = CARTESIAN_POINT('',(-5.759586531581,-61.));
#1561 = CARTESIAN_POINT('',(-5.759586531581,0.));
#1562 = ( GEOMETRIC_REPRESENTATION_CONTEXT(2) 
PARAMETRIC_REPRESENTATION_CONTEXT() REPRESENTATION_CONTEXT('2D SPACE',''
  ) );
#1563 = ORIENTED_EDGE('',*,*,#534,.F.);
#1564 = ORIENTED_EDGE('',*,*,#1452,.T.);
#1565 = ADVANCED_FACE('',(#1566),#662,.F.);
#1566 = FACE_BOUND('',#1567,.F.);
#1567 = EDGE_LOOP('',(#1568,#1591,#1610,#1611));
#1568 = ORIENTED_EDGE('',*,*,#1569,.F.);
#1569 = EDGE_CURVE('',#1570,#1475,#1572,.T.);
#1570 = VERTEX_POINT('',#1571);
#1571 = CARTESIAN_POINT('',(8.464101615138,112.,4.));
#1572 = SURFACE_CURVE('',#1573,(#1577,#1584),.PCURVE_S1.);
#1573 = LINE('',#1574,#1575);
#1574 = CARTESIAN_POINT('',(3.,112.,4.));
#1575 = VECTOR('',#1576,1.);
#1576 = DIRECTION('',(1.,0.,0.));
#1577 = PCURVE('',#662,#1578);
#1578 = DEFINITIONAL_REPRESENTATION('',(#1579),#1583);
#1579 = LINE('',#1580,#1581);
#1580 = CARTESIAN_POINT('',(0.,0.));
#1581 = VECTOR('',#1582,1.);
#1582 = DIRECTION('',(0.,1.));
#1583 = ( GEOMETRIC_REPRESENTATION_CONTEXT(2) 
PARAMETRIC_REPRESENTATION_CONTEXT() REPRESENTATION_CONTEXT('2D SPACE',''
  ) );
#1584 = PCURVE('',#1366,#1585);
#1585 = DEFINITIONAL_REPRESENTATION('',(#1586),#1590);
#1586 = LINE('',#1587,#1588);
#1587 = CARTESIAN_POINT('',(0.,109.));
#1588 = VECTOR('',#1589,1.);
#1589 = DIRECTION('',(1.,0.));
#1590 = ( GEOMETRIC_REPRESENTATION_CONTEXT(2) 
PARAMETRIC_REPRESENTATION_CONTEXT() REPRESENTATION_CONTEXT('2D SPACE',''
  ) );
#1591 = ORIENTED_EDGE('',*,*,#1592,.F.);
#1592 = EDGE_CURVE('',#618,#1570,#1593,.T.);
#1593 = SURFACE_CURVE('',#1594,(#1598,#1604),.PCURVE_S1.);
#1594 = LINE('',#1595,#1596);
#1595 = CARTESIAN_POINT('',(8.464101615138,112.,4.));
#1596 = VECTOR('',#1597,1.);
#1597 = DIRECTION('',(-0.,-0.,-1.));
#1598 = PCURVE('',#662,#1599);
#1599 = DEFINITIONAL_REPRESENTATION('',(#1600),#1603);
#1600 = B_SPLINE_CURVE_WITH_KNOTS('',1,(#1601,#1602),.UNSPECIFIED.,.F.,
  .F.,(2,2),(-61.0000006,5.999999999062E-07),.PIECEWISE_BEZIER_KNOTS.);
#1601 = CARTESIAN_POINT('',(61.0000006,5.464101615138));
#1602 = CARTESIAN_POINT('',(-5.999999999062E-07,5.464101615138));
#1603 = ( GEOMETRIC_REPRESENTATION_CONTEXT(2) 
PARAMETRIC_REPRESENTATION_CONTEXT() REPRESENTATION_CONTEXT('2D SPACE',''
  ) );
#1604 = PCURVE('',#634,#1605);
#1605 = DEFINITIONAL_REPRESENTATION('',(#1606),#1609);
#1606 = B_SPLINE_CURVE_WITH_KNOTS('',1,(#1607,#1608),.UNSPECIFIED.,.F.,
  .F.,(2,2),(-61.,0.),.PIECEWISE_BEZIER_KNOTS.);
#1607 = CARTESIAN_POINT('',(-6.806784082778,-61.));
#1608 = CARTESIAN_POINT('',(-6.806784082778,0.));
#1609 = ( GEOMETRIC_REPRESENTATION_CONTEXT(2) 
PARAMETRIC_REPRESENTATION_CONTEXT() REPRESENTATION_CONTEXT('2D SPACE',''
  ) );
#1610 = ORIENTED_EDGE('',*,*,#646,.F.);
#1611 = ORIENTED_EDGE('',*,*,#1498,.T.);
#1612 = ADVANCED_FACE('',(#1613),#578,.T.);
#1613 = FACE_BOUND('',#1614,.F.);
#1614 = EDGE_LOOP('',(#1615,#1616,#1637,#1663));
#1615 = ORIENTED_EDGE('',*,*,#561,.T.);
#1616 = ORIENTED_EDGE('',*,*,#1617,.T.);
#1617 = EDGE_CURVE('',#562,#1618,#1620,.T.);
#1618 = VERTEX_POINT('',#1619);
#1619 = CARTESIAN_POINT('',(3.,8.464101615138,4.));
#1620 = SURFACE_CURVE('',#1621,(#1625,#1631),.PCURVE_S1.);
#1621 = LINE('',#1622,#1623);
#1622 = CARTESIAN_POINT('',(3.,8.464101615138,4.));
#1623 = VECTOR('',#1624,1.);
#1624 = DIRECTION('',(-0.,-0.,-1.));
#1625 = PCURVE('',#578,#1626);
#1626 = DEFINITIONAL_REPRESENTATION('',(#1627),#1630);
#1627 = B_SPLINE_CURVE_WITH_KNOTS('',1,(#1628,#1629),.UNSPECIFIED.,.F.,
  .F.,(2,2),(-61.,-0.),.PIECEWISE_BEZIER_KNOTS.);
#1628 = CARTESIAN_POINT('',(-8.377580409573,-61.));
#1629 = CARTESIAN_POINT('',(-8.377580409573,0.));
#1630 = ( GEOMETRIC_REPRESENTATION_CONTEXT(2) 
PARAMETRIC_REPRESENTATION_CONTEXT() REPRESENTATION_CONTEXT('2D SPACE',''
  ) );
#1631 = PCURVE('',#606,#1632);
#1632 = DEFINITIONAL_REPRESENTATION('',(#1633),#1636);
#1633 = B_SPLINE_CURVE_WITH_KNOTS('',1,(#1634,#1635),.UNSPECIFIED.,.F.,
  .F.,(2,2),(-61.0000006,5.999999999062E-07),.PIECEWISE_BEZIER_KNOTS.);
#1634 = CARTESIAN_POINT('',(61.0000006,-5.464101615138));
#1635 = CARTESIAN_POINT('',(-5.999999999062E-07,-5.464101615138));
#1636 = ( GEOMETRIC_REPRESENTATION_CONTEXT(2) 
PARAMETRIC_REPRESENTATION_CONTEXT() REPRESENTATION_CONTEXT('2D SPACE',''
  ) );
#1637 = ORIENTED_EDGE('',*,*,#1638,.T.);
#1638 = EDGE_CURVE('',#1618,#1523,#1639,.T.);
#1639 = SURFACE_CURVE('',#1640,(#1645,#1652),.PCURVE_S1.);
#1640 = CIRCLE('',#1641,4.);
#1641 = AXIS2_PLACEMENT_3D('',#1642,#1643,#1644);
#1642 = CARTESIAN_POINT('',(5.,5.,4.));
#1643 = DIRECTION('',(0.,0.,-1.));
#1644 = DIRECTION('',(-0.5,0.866025403784,0.));
#1645 = PCURVE('',#578,#1646);
#1646 = DEFINITIONAL_REPRESENTATION('',(#1647),#1651);
#1647 = LINE('',#1648,#1649);
#1648 = CARTESIAN_POINT('',(-8.377580409573,0.));
#1649 = VECTOR('',#1650,1.);
#1650 = DIRECTION('',(1.,-0.));
#1651 = ( GEOMETRIC_REPRESENTATION_CONTEXT(2) 
PARAMETRIC_REPRESENTATION_CONTEXT() REPRESENTATION_CONTEXT('2D SPACE',''
  ) );
#1652 = PCURVE('',#1366,#1653);
#1653 = DEFINITIONAL_REPRESENTATION('',(#1654),#1662);
#1654 = ( BOUNDED_CURVE() B_SPLINE_CURVE(2,(#1655,#1656,#1657,#1658,
#1659,#1660,#1661),.UNSPECIFIED.,.T.,.F.) B_SPLINE_CURVE_WITH_KNOTS((1,2
    ,2,2,2,1),(-2.094395102393,0.,2.094395102393,4.188790204786,
6.28318530718,8.377580409573),.UNSPECIFIED.) CURVE() 
GEOMETRIC_REPRESENTATION_ITEM() RATIONAL_B_SPLINE_CURVE((1.,0.5,1.,0.5,
1.,0.5,1.)) REPRESENTATION_ITEM('') );
#1655 = CARTESIAN_POINT('',(6.017408793468E-14,5.464101615138));
#1656 = CARTESIAN_POINT('',(6.,8.928203230275));
#1657 = CARTESIAN_POINT('',(6.,2.));
#1658 = CARTESIAN_POINT('',(6.,-4.928203230276));
#1659 = CARTESIAN_POINT('',(-5.861977570021E-14,-1.464101615138));
#1660 = CARTESIAN_POINT('',(-6.,2.));
#1661 = CARTESIAN_POINT('',(6.017408793468E-14,5.464101615138));
#1662 = ( GEOMETRIC_REPRESENTATION_CONTEXT(2) 
PARAMETRIC_REPRESENTATION_CONTEXT() REPRESENTATION_CONTEXT('2D SPACE',''
  ) );
#1663 = ORIENTED_EDGE('',*,*,#1545,.F.);
#1664 = ADVANCED_FACE('',(#1665),#634,.T.);
#1665 = FACE_BOUND('',#1666,.F.);
#1666 = EDGE_LOOP('',(#1667,#1695,#1714,#1715));
#1667 = ORIENTED_EDGE('',*,*,#1668,.T.);
#1668 = EDGE_CURVE('',#1570,#1669,#1671,.T.);
#1669 = VERTEX_POINT('',#1670);
#1670 = CARTESIAN_POINT('',(3.,106.53589838486,4.));
#1671 = SURFACE_CURVE('',#1672,(#1677,#1684),.PCURVE_S1.);
#1672 = CIRCLE('',#1673,4.);
#1673 = AXIS2_PLACEMENT_3D('',#1674,#1675,#1676);
#1674 = CARTESIAN_POINT('',(5.,110.,4.));
#1675 = DIRECTION('',(0.,0.,-1.));
#1676 = DIRECTION('',(0.866025403784,0.5,0.));
#1677 = PCURVE('',#634,#1678);
#1678 = DEFINITIONAL_REPRESENTATION('',(#1679),#1683);
#1679 = LINE('',#1680,#1681);
#1680 = CARTESIAN_POINT('',(-6.806784082778,0.));
#1681 = VECTOR('',#1682,1.);
#1682 = DIRECTION('',(1.,-0.));
#1683 = ( GEOMETRIC_REPRESENTATION_CONTEXT(2) 
PARAMETRIC_REPRESENTATION_CONTEXT() REPRESENTATION_CONTEXT('2D SPACE',''
  ) );
#1684 = PCURVE('',#1366,#1685);
#1685 = DEFINITIONAL_REPRESENTATION('',(#1686),#1694);
#1686 = ( BOUNDED_CURVE() B_SPLINE_CURVE(2,(#1687,#1688,#1689,#1690,
#1691,#1692,#1693),.UNSPECIFIED.,.T.,.F.) B_SPLINE_CURVE_WITH_KNOTS((1,2
    ,2,2,2,1),(-2.094395102393,0.,2.094395102393,4.188790204786,
6.28318530718,8.377580409573),.UNSPECIFIED.) CURVE() 
GEOMETRIC_REPRESENTATION_ITEM() RATIONAL_B_SPLINE_CURVE((1.,0.5,1.,0.5,
1.,0.5,1.)) REPRESENTATION_ITEM('') );
#1687 = CARTESIAN_POINT('',(5.464101615138,109.));
#1688 = CARTESIAN_POINT('',(8.928203230276,103.));
#1689 = CARTESIAN_POINT('',(2.,103.));
#1690 = CARTESIAN_POINT('',(-4.928203230275,103.));
#1691 = CARTESIAN_POINT('',(-1.464101615138,109.));
#1692 = CARTESIAN_POINT('',(2.,115.));
#1693 = CARTESIAN_POINT('',(5.464101615138,109.));
#1694 = ( GEOMETRIC_REPRESENTATION_CONTEXT(2) 
PARAMETRIC_REPRESENTATION_CONTEXT() REPRESENTATION_CONTEXT('2D SPACE',''
  ) );
#1695 = ORIENTED_EDGE('',*,*,#1696,.F.);
#1696 = EDGE_CURVE('',#591,#1669,#1697,.T.);
#1697 = SURFACE_CURVE('',#1698,(#1702,#1708),.PCURVE_S1.);
#1698 = LINE('',#1699,#1700);
#1699 = CARTESIAN_POINT('',(3.,106.53589838486,4.));
#1700 = VECTOR('',#1701,1.);
#1701 = DIRECTION('',(-0.,-0.,-1.));
#1702 = PCURVE('',#634,#1703);
#1703 = DEFINITIONAL_REPRESENTATION('',(#1704),#1707);
#1704 = B_SPLINE_CURVE_WITH_KNOTS('',1,(#1705,#1706),.UNSPECIFIED.,.F.,
  .F.,(2,2),(-61.,0.),.PIECEWISE_BEZIER_KNOTS.);
#1705 = CARTESIAN_POINT('',(-4.188790204786,-61.));
#1706 = CARTESIAN_POINT('',(-4.188790204786,0.));
#1707 = ( GEOMETRIC_REPRESENTATION_CONTEXT(2) 
PARAMETRIC_REPRESENTATION_CONTEXT() REPRESENTATION_CONTEXT('2D SPACE',''
  ) );
#1708 = PCURVE('',#606,#1709);
#1709 = DEFINITIONAL_REPRESENTATION('',(#1710),#1713);
#1710 = B_SPLINE_CURVE_WITH_KNOTS('',1,(#1711,#1712),.UNSPECIFIED.,.F.,
  .F.,(2,2),(-61.0000006,5.999999999062E-07),.PIECEWISE_BEZIER_KNOTS.);
#1711 = CARTESIAN_POINT('',(61.0000006,-103.5358983848));
#1712 = CARTESIAN_POINT('',(-5.999999999062E-07,-103.5358983848));
#1713 = ( GEOMETRIC_REPRESENTATION_CONTEXT(2) 
PARAMETRIC_REPRESENTATION_CONTEXT() REPRESENTATION_CONTEXT('2D SPACE',''
  ) );
#1714 = ORIENTED_EDGE('',*,*,#617,.T.);
#1715 = ORIENTED_EDGE('',*,*,#1592,.T.);
#1716 = ADVANCED_FACE('',(#1717,#1743),#606,.T.);
#1717 = FACE_BOUND('',#1718,.T.);
#1718 = EDGE_LOOP('',(#1719,#1720,#1721,#1742));
#1719 = ORIENTED_EDGE('',*,*,#590,.F.);
#1720 = ORIENTED_EDGE('',*,*,#1617,.T.);
#1721 = ORIENTED_EDGE('',*,*,#1722,.T.);
#1722 = EDGE_CURVE('',#1618,#1669,#1723,.T.);
#1723 = SURFACE_CURVE('',#1724,(#1728,#1735),.PCURVE_S1.);
#1724 = LINE('',#1725,#1726);
#1725 = CARTESIAN_POINT('',(3.,3.,4.));
#1726 = VECTOR('',#1727,1.);
#1727 = DIRECTION('',(0.,1.,0.));
#1728 = PCURVE('',#606,#1729);
#1729 = DEFINITIONAL_REPRESENTATION('',(#1730),#1734);
#1730 = LINE('',#1731,#1732);
#1731 = CARTESIAN_POINT('',(0.,0.));
#1732 = VECTOR('',#1733,1.);
#1733 = DIRECTION('',(0.,-1.));
#1734 = ( GEOMETRIC_REPRESENTATION_CONTEXT(2) 
PARAMETRIC_REPRESENTATION_CONTEXT() REPRESENTATION_CONTEXT('2D SPACE',''
  ) );
#1735 = PCURVE('',#1366,#1736);
#1736 = DEFINITIONAL_REPRESENTATION('',(#1737),#1741);
#1737 = LINE('',#1738,#1739);
#1738 = CARTESIAN_POINT('',(0.,0.));
#1739 = VECTOR('',#1740,1.);
#1740 = DIRECTION('',(0.,1.));
#1741 = ( GEOMETRIC_REPRESENTATION_CONTEXT(2) 
PARAMETRIC_REPRESENTATION_CONTEXT() REPRESENTATION_CONTEXT('2D SPACE',''
  ) );
#1742 = ORIENTED_EDGE('',*,*,#1696,.F.);
#1743 = FACE_BOUND('',#1744,.T.);
#1744 = EDGE_LOOP('',(#1745));
#1745 = ORIENTED_EDGE('',*,*,#967,.F.);
#1746 = ADVANCED_FACE('',(#1747),#723,.F.);
#1747 = FACE_BOUND('',#1748,.T.);
#1748 = EDGE_LOOP('',(#1749,#1778,#1799,#1800));
#1749 = ORIENTED_EDGE('',*,*,#1750,.F.);
#1750 = EDGE_CURVE('',#1751,#1751,#1753,.T.);
#1751 = VERTEX_POINT('',#1752);
#1752 = CARTESIAN_POINT('',(186.25,110.,57.));
#1753 = SURFACE_CURVE('',#1754,(#1759,#1766),.PCURVE_S1.);
#1754 = CIRCLE('',#1755,1.25);
#1755 = AXIS2_PLACEMENT_3D('',#1756,#1757,#1758);
#1756 = CARTESIAN_POINT('',(185.,110.,57.));
#1757 = DIRECTION('',(0.,0.,1.));
#1758 = DIRECTION('',(1.,0.,0.));
#1759 = PCURVE('',#723,#1760);
#1760 = DEFINITIONAL_REPRESENTATION('',(#1761),#1765);
#1761 = LINE('',#1762,#1763);
#1762 = CARTESIAN_POINT('',(-0.,0.));
#1763 = VECTOR('',#1764,1.);
#1764 = DIRECTION('',(-1.,0.));
#1765 = ( GEOMETRIC_REPRESENTATION_CONTEXT(2) 
PARAMETRIC_REPRESENTATION_CONTEXT() REPRESENTATION_CONTEXT('2D SPACE',''
  ) );
#1766 = PCURVE('',#1767,#1772);
#1767 = PLANE('',#1768);
#1768 = AXIS2_PLACEMENT_3D('',#1769,#1770,#1771);
#1769 = CARTESIAN_POINT('',(185.,110.,57.));
#1770 = DIRECTION('',(0.,0.,1.));
#1771 = DIRECTION('',(1.,0.,-0.));
#1772 = DEFINITIONAL_REPRESENTATION('',(#1773),#1777);
#1773 = CIRCLE('',#1774,1.25);
#1774 = AXIS2_PLACEMENT_2D('',#1775,#1776);
#1775 = CARTESIAN_POINT('',(2.84217094304E-14,0.));
#1776 = DIRECTION('',(1.,0.));
#1777 = ( GEOMETRIC_REPRESENTATION_CONTEXT(2) 
PARAMETRIC_REPRESENTATION_CONTEXT() REPRESENTATION_CONTEXT('2D SPACE',''
  ) );
#1778 = ORIENTED_EDGE('',*,*,#1779,.T.);
#1779 = EDGE_CURVE('',#1751,#703,#1780,.T.);
#1780 = SEAM_CURVE('',#1781,(#1785,#1792),.PCURVE_S1.);
#1781 = LINE('',#1782,#1783);
#1782 = CARTESIAN_POINT('',(186.25,110.,57.));
#1783 = VECTOR('',#1784,1.);
#1784 = DIRECTION('',(0.,0.,1.));
#1785 = PCURVE('',#723,#1786);
#1786 = DEFINITIONAL_REPRESENTATION('',(#1787),#1791);
#1787 = LINE('',#1788,#1789);
#1788 = CARTESIAN_POINT('',(-6.28318530718,0.));
#1789 = VECTOR('',#1790,1.);
#1790 = DIRECTION('',(-0.,-1.));
#1791 = ( GEOMETRIC_REPRESENTATION_CONTEXT(2) 
PARAMETRIC_REPRESENTATION_CONTEXT() REPRESENTATION_CONTEXT('2D SPACE',''
  ) );
#1792 = PCURVE('',#723,#1793);
#1793 = DEFINITIONAL_REPRESENTATION('',(#1794),#1798);
#1794 = LINE('',#1795,#1796);
#1795 = CARTESIAN_POINT('',(-0.,0.));
#1796 = VECTOR('',#1797,1.);
#1797 = DIRECTION('',(-0.,-1.));
#1798 = ( GEOMETRIC_REPRESENTATION_CONTEXT(2) 
PARAMETRIC_REPRESENTATION_CONTEXT() REPRESENTATION_CONTEXT('2D SPACE',''
  ) );
#1799 = ORIENTED_EDGE('',*,*,#702,.F.);
#1800 = ORIENTED_EDGE('',*,*,#1779,.F.);
#1801 = ADVANCED_FACE('',(#1802),#1148,.F.);
#1802 = FACE_BOUND('',#1803,.F.);
#1803 = EDGE_LOOP('',(#1804,#1805,#1826,#1827));
#1804 = ORIENTED_EDGE('',*,*,#1131,.F.);
#1805 = ORIENTED_EDGE('',*,*,#1806,.F.);
#1806 = EDGE_CURVE('',#1400,#1132,#1807,.T.);
#1807 = SEAM_CURVE('',#1808,(#1812,#1819),.PCURVE_S1.);
#1808 = LINE('',#1809,#1810);
#1809 = CARTESIAN_POINT('',(186.,34.5,30.));
#1810 = VECTOR('',#1811,1.);
#1811 = DIRECTION('',(1.,0.,0.));
#1812 = PCURVE('',#1148,#1813);
#1813 = DEFINITIONAL_REPRESENTATION('',(#1814),#1818);
#1814 = LINE('',#1815,#1816);
#1815 = CARTESIAN_POINT('',(6.28318530718,-0.));
#1816 = VECTOR('',#1817,1.);
#1817 = DIRECTION('',(0.,1.));
#1818 = ( GEOMETRIC_REPRESENTATION_CONTEXT(2) 
PARAMETRIC_REPRESENTATION_CONTEXT() REPRESENTATION_CONTEXT('2D SPACE',''
  ) );
#1819 = PCURVE('',#1148,#1820);
#1820 = DEFINITIONAL_REPRESENTATION('',(#1821),#1825);
#1821 = LINE('',#1822,#1823);
#1822 = CARTESIAN_POINT('',(0.,-0.));
#1823 = VECTOR('',#1824,1.);
#1824 = DIRECTION('',(0.,1.));
#1825 = ( GEOMETRIC_REPRESENTATION_CONTEXT(2) 
PARAMETRIC_REPRESENTATION_CONTEXT() REPRESENTATION_CONTEXT('2D SPACE',''
  ) );
#1826 = ORIENTED_EDGE('',*,*,#1399,.T.);
#1827 = ORIENTED_EDGE('',*,*,#1806,.T.);
#1828 = ADVANCED_FACE('',(#1829),#1180,.T.);
#1829 = FACE_BOUND('',#1830,.T.);
#1830 = EDGE_LOOP('',(#1831));
#1831 = ORIENTED_EDGE('',*,*,#1163,.T.);
#1832 = ADVANCED_FACE('',(#1833),#1235,.T.);
#1833 = FACE_BOUND('',#1834,.T.);
#1834 = EDGE_LOOP('',(#1835));
#1835 = ORIENTED_EDGE('',*,*,#1218,.T.);
#1836 = ADVANCED_FACE('',(#1837),#1290,.T.);
#1837 = FACE_BOUND('',#1838,.T.);
#1838 = EDGE_LOOP('',(#1839));
#1839 = ORIENTED_EDGE('',*,*,#1273,.T.);
#1840 = ADVANCED_FACE('',(#1841,#1851,#1882,#1913,#1944),#1366,.T.);
#1841 = FACE_BOUND('',#1842,.T.);
#1842 = EDGE_LOOP('',(#1843,#1844,#1845,#1846,#1847,#1848,#1849,#1850));
#1843 = ORIENTED_EDGE('',*,*,#1722,.F.);
#1844 = ORIENTED_EDGE('',*,*,#1638,.T.);
#1845 = ORIENTED_EDGE('',*,*,#1522,.T.);
#1846 = ORIENTED_EDGE('',*,*,#1426,.F.);
#1847 = ORIENTED_EDGE('',*,*,#1350,.T.);
#1848 = ORIENTED_EDGE('',*,*,#1474,.F.);
#1849 = ORIENTED_EDGE('',*,*,#1569,.F.);
#1850 = ORIENTED_EDGE('',*,*,#1668,.T.);
#1851 = FACE_BOUND('',#1852,.T.);
#1852 = EDGE_LOOP('',(#1853));
#1853 = ORIENTED_EDGE('',*,*,#1854,.F.);
#1854 = EDGE_CURVE('',#1855,#1855,#1857,.T.);
#1855 = VERTEX_POINT('',#1856);
#1856 = CARTESIAN_POINT('',(34.,27.,4.));
#1857 = SURFACE_CURVE('',#1858,(#1863,#1870),.PCURVE_S1.);
#1858 = CIRCLE('',#1859,3.);
#1859 = AXIS2_PLACEMENT_3D('',#1860,#1861,#1862);
#1860 = CARTESIAN_POINT('',(31.,27.,4.));
#1861 = DIRECTION('',(0.,0.,1.));
#1862 = DIRECTION('',(1.,0.,0.));
#1863 = PCURVE('',#1366,#1864);
#1864 = DEFINITIONAL_REPRESENTATION('',(#1865),#1869);
#1865 = CIRCLE('',#1866,3.);
#1866 = AXIS2_PLACEMENT_2D('',#1867,#1868);
#1867 = CARTESIAN_POINT('',(28.,24.));
#1868 = DIRECTION('',(1.,0.));
#1869 = ( GEOMETRIC_REPRESENTATION_CONTEXT(2) 
PARAMETRIC_REPRESENTATION_CONTEXT() REPRESENTATION_CONTEXT('2D SPACE',''
  ) );
#1870 = PCURVE('',#1871,#1876);
#1871 = CYLINDRICAL_SURFACE('',#1872,3.);
#1872 = AXIS2_PLACEMENT_3D('',#1873,#1874,#1875);
#1873 = CARTESIAN_POINT('',(31.,27.,4.));
#1874 = DIRECTION('',(-0.,-0.,-1.));
#1875 = DIRECTION('',(1.,0.,0.));
#1876 = DEFINITIONAL_REPRESENTATION('',(#1877),#1881);
#1877 = LINE('',#1878,#1879);
#1878 = CARTESIAN_POINT('',(-0.,0.));
#1879 = VECTOR('',#1880,1.);
#1880 = DIRECTION('',(-1.,0.));
#1881 = ( GEOMETRIC_REPRESENTATION_CONTEXT(2) 
PARAMETRIC_REPRESENTATION_CONTEXT() REPRESENTATION_CONTEXT('2D SPACE',''
  ) );
#1882 = FACE_BOUND('',#1883,.T.);
#1883 = EDGE_LOOP('',(#1884));
#1884 = ORIENTED_EDGE('',*,*,#1885,.F.);
#1885 = EDGE_CURVE('',#1886,#1886,#1888,.T.);
#1886 = VERTEX_POINT('',#1887);
#1887 = CARTESIAN_POINT('',(97.,27.,4.));
#1888 = SURFACE_CURVE('',#1889,(#1894,#1901),.PCURVE_S1.);
#1889 = CIRCLE('',#1890,3.);
#1890 = AXIS2_PLACEMENT_3D('',#1891,#1892,#1893);
#1891 = CARTESIAN_POINT('',(94.,27.,4.));
#1892 = DIRECTION('',(0.,0.,1.));
#1893 = DIRECTION('',(1.,0.,0.));
#1894 = PCURVE('',#1366,#1895);
#1895 = DEFINITIONAL_REPRESENTATION('',(#1896),#1900);
#1896 = CIRCLE('',#1897,3.);
#1897 = AXIS2_PLACEMENT_2D('',#1898,#1899);
#1898 = CARTESIAN_POINT('',(91.,24.));
#1899 = DIRECTION('',(1.,0.));
#1900 = ( GEOMETRIC_REPRESENTATION_CONTEXT(2) 
PARAMETRIC_REPRESENTATION_CONTEXT() REPRESENTATION_CONTEXT('2D SPACE',''
  ) );
#1901 = PCURVE('',#1902,#1907);
#1902 = CYLINDRICAL_SURFACE('',#1903,3.);
#1903 = AXIS2_PLACEMENT_3D('',#1904,#1905,#1906);
#1904 = CARTESIAN_POINT('',(94.,27.,4.));
#1905 = DIRECTION('',(-0.,-0.,-1.));
#1906 = DIRECTION('',(1.,0.,0.));
#1907 = DEFINITIONAL_REPRESENTATION('',(#1908),#1912);
#1908 = LINE('',#1909,#1910);
#1909 = CARTESIAN_POINT('',(-0.,0.));
#1910 = VECTOR('',#1911,1.);
#1911 = DIRECTION('',(-1.,0.));
#1912 = ( GEOMETRIC_REPRESENTATION_CONTEXT(2) 
PARAMETRIC_REPRESENTATION_CONTEXT() REPRESENTATION_CONTEXT('2D SPACE',''
  ) );
#1913 = FACE_BOUND('',#1914,.T.);
#1914 = EDGE_LOOP('',(#1915));
#1915 = ORIENTED_EDGE('',*,*,#1916,.F.);
#1916 = EDGE_CURVE('',#1917,#1917,#1919,.T.);
#1917 = VERTEX_POINT('',#1918);
#1918 = CARTESIAN_POINT('',(34.,77.,4.));
#1919 = SURFACE_CURVE('',#1920,(#1925,#1932),.PCURVE_S1.);
#1920 = CIRCLE('',#1921,3.);
#1921 = AXIS2_PLACEMENT_3D('',#1922,#1923,#1924);
#1922 = CARTESIAN_POINT('',(31.,77.,4.));
#1923 = DIRECTION('',(0.,0.,1.));
#1924 = DIRECTION('',(1.,0.,0.));
#1925 = PCURVE('',#1366,#1926);
#1926 = DEFINITIONAL_REPRESENTATION('',(#1927),#1931);
#1927 = CIRCLE('',#1928,3.);
#1928 = AXIS2_PLACEMENT_2D('',#1929,#1930);
#1929 = CARTESIAN_POINT('',(28.,74.));
#1930 = DIRECTION('',(1.,0.));
#1931 = ( GEOMETRIC_REPRESENTATION_CONTEXT(2) 
PARAMETRIC_REPRESENTATION_CONTEXT() REPRESENTATION_CONTEXT('2D SPACE',''
  ) );
#1932 = PCURVE('',#1933,#1938);
#1933 = CYLINDRICAL_SURFACE('',#1934,3.);
#1934 = AXIS2_PLACEMENT_3D('',#1935,#1936,#1937);
#1935 = CARTESIAN_POINT('',(31.,77.,4.));
#1936 = DIRECTION('',(-0.,-0.,-1.));
#1937 = DIRECTION('',(1.,0.,0.));
#1938 = DEFINITIONAL_REPRESENTATION('',(#1939),#1943);
#1939 = LINE('',#1940,#1941);
#1940 = CARTESIAN_POINT('',(-0.,0.));
#1941 = VECTOR('',#1942,1.);
#1942 = DIRECTION('',(-1.,0.));
#1943 = ( GEOMETRIC_REPRESENTATION_CONTEXT(2) 
PARAMETRIC_REPRESENTATION_CONTEXT() REPRESENTATION_CONTEXT('2D SPACE',''
  ) );
#1944 = FACE_BOUND('',#1945,.T.);
#1945 = EDGE_LOOP('',(#1946));
#1946 = ORIENTED_EDGE('',*,*,#1947,.F.);
#1947 = EDGE_CURVE('',#1948,#1948,#1950,.T.);
#1948 = VERTEX_POINT('',#1949);
#1949 = CARTESIAN_POINT('',(111.,77.,4.));
#1950 = SURFACE_CURVE('',#1951,(#1956,#1963),.PCURVE_S1.);
#1951 = CIRCLE('',#1952,3.);
#1952 = AXIS2_PLACEMENT_3D('',#1953,#1954,#1955);
#1953 = CARTESIAN_POINT('',(108.,77.,4.));
#1954 = DIRECTION('',(0.,0.,1.));
#1955 = DIRECTION('',(1.,0.,0.));
#1956 = PCURVE('',#1366,#1957);
#1957 = DEFINITIONAL_REPRESENTATION('',(#1958),#1962);
#1958 = CIRCLE('',#1959,3.);
#1959 = AXIS2_PLACEMENT_2D('',#1960,#1961);
#1960 = CARTESIAN_POINT('',(105.,74.));
#1961 = DIRECTION('',(1.,0.));
#1962 = ( GEOMETRIC_REPRESENTATION_CONTEXT(2) 
PARAMETRIC_REPRESENTATION_CONTEXT() REPRESENTATION_CONTEXT('2D SPACE',''
  ) );
#1963 = PCURVE('',#1964,#1969);
#1964 = CYLINDRICAL_SURFACE('',#1965,3.);
#1965 = AXIS2_PLACEMENT_3D('',#1966,#1967,#1968);
#1966 = CARTESIAN_POINT('',(108.,77.,4.));
#1967 = DIRECTION('',(-0.,-0.,-1.));
#1968 = DIRECTION('',(1.,0.,0.));
#1969 = DEFINITIONAL_REPRESENTATION('',(#1970),#1974);
#1970 = LINE('',#1971,#1972);
#1971 = CARTESIAN_POINT('',(-0.,0.));
#1972 = VECTOR('',#1973,1.);
#1973 = DIRECTION('',(-1.,0.));
#1974 = ( GEOMETRIC_REPRESENTATION_CONTEXT(2) 
PARAMETRIC_REPRESENTATION_CONTEXT() REPRESENTATION_CONTEXT('2D SPACE',''
  ) );
#1975 = ADVANCED_FACE('',(#1976),#1767,.T.);
#1976 = FACE_BOUND('',#1977,.T.);
#1977 = EDGE_LOOP('',(#1978));
#1978 = ORIENTED_EDGE('',*,*,#1750,.T.);
#1979 = ADVANCED_FACE('',(#1980),#1871,.T.);
#1980 = FACE_BOUND('',#1981,.F.);
#1981 = EDGE_LOOP('',(#1982,#2005,#2032,#2033));
#1982 = ORIENTED_EDGE('',*,*,#1983,.T.);
#1983 = EDGE_CURVE('',#1855,#1984,#1986,.T.);
#1984 = VERTEX_POINT('',#1985);
#1985 = CARTESIAN_POINT('',(34.,27.,9.));
#1986 = SEAM_CURVE('',#1987,(#1991,#1998),.PCURVE_S1.);
#1987 = LINE('',#1988,#1989);
#1988 = CARTESIAN_POINT('',(34.,27.,4.));
#1989 = VECTOR('',#1990,1.);
#1990 = DIRECTION('',(0.,0.,1.));
#1991 = PCURVE('',#1871,#1992);
#1992 = DEFINITIONAL_REPRESENTATION('',(#1993),#1997);
#1993 = LINE('',#1994,#1995);
#1994 = CARTESIAN_POINT('',(-0.,0.));
#1995 = VECTOR('',#1996,1.);
#1996 = DIRECTION('',(-0.,-1.));
#1997 = ( GEOMETRIC_REPRESENTATION_CONTEXT(2) 
PARAMETRIC_REPRESENTATION_CONTEXT() REPRESENTATION_CONTEXT('2D SPACE',''
  ) );
#1998 = PCURVE('',#1871,#1999);
#1999 = DEFINITIONAL_REPRESENTATION('',(#2000),#2004);
#2000 = LINE('',#2001,#2002);
#2001 = CARTESIAN_POINT('',(-6.28318530718,0.));
#2002 = VECTOR('',#2003,1.);
#2003 = DIRECTION('',(-0.,-1.));
#2004 = ( GEOMETRIC_REPRESENTATION_CONTEXT(2) 
PARAMETRIC_REPRESENTATION_CONTEXT() REPRESENTATION_CONTEXT('2D SPACE',''
  ) );
#2005 = ORIENTED_EDGE('',*,*,#2006,.T.);
#2006 = EDGE_CURVE('',#1984,#1984,#2007,.T.);
#2007 = SURFACE_CURVE('',#2008,(#2013,#2020),.PCURVE_S1.);
#2008 = CIRCLE('',#2009,3.);
#2009 = AXIS2_PLACEMENT_3D('',#2010,#2011,#2012);
#2010 = CARTESIAN_POINT('',(31.,27.,9.));
#2011 = DIRECTION('',(0.,0.,1.));
#2012 = DIRECTION('',(1.,0.,0.));
#2013 = PCURVE('',#1871,#2014);
#2014 = DEFINITIONAL_REPRESENTATION('',(#2015),#2019);
#2015 = LINE('',#2016,#2017);
#2016 = CARTESIAN_POINT('',(-0.,-5.));
#2017 = VECTOR('',#2018,1.);
#2018 = DIRECTION('',(-1.,0.));
#2019 = ( GEOMETRIC_REPRESENTATION_CONTEXT(2) 
PARAMETRIC_REPRESENTATION_CONTEXT() REPRESENTATION_CONTEXT('2D SPACE',''
  ) );
#2020 = PCURVE('',#2021,#2026);
#2021 = PLANE('',#2022);
#2022 = AXIS2_PLACEMENT_3D('',#2023,#2024,#2025);
#2023 = CARTESIAN_POINT('',(31.,27.,9.));
#2024 = DIRECTION('',(0.,0.,1.));
#2025 = DIRECTION('',(1.,0.,-0.));
#2026 = DEFINITIONAL_REPRESENTATION('',(#2027),#2031);
#2027 = CIRCLE('',#2028,3.);
#2028 = AXIS2_PLACEMENT_2D('',#2029,#2030);
#2029 = CARTESIAN_POINT('',(0.,0.));
#2030 = DIRECTION('',(1.,0.));
#2031 = ( GEOMETRIC_REPRESENTATION_CONTEXT(2) 
PARAMETRIC_REPRESENTATION_CONTEXT() REPRESENTATION_CONTEXT('2D SPACE',''
  ) );
#2032 = ORIENTED_EDGE('',*,*,#1983,.F.);
#2033 = ORIENTED_EDGE('',*,*,#1854,.F.);
#2034 = ADVANCED_FACE('',(#2035),#1902,.T.);
#2035 = FACE_BOUND('',#2036,.F.);
#2036 = EDGE_LOOP('',(#2037,#2060,#2087,#2088));
#2037 = ORIENTED_EDGE('',*,*,#2038,.T.);
#2038 = EDGE_CURVE('',#1886,#2039,#2041,.T.);
#2039 = VERTEX_POINT('',#2040);
#2040 = CARTESIAN_POINT('',(97.,27.,9.));
#2041 = SEAM_CURVE('',#2042,(#2046,#2053),.PCURVE_S1.);
#2042 = LINE('',#2043,#2044);
#2043 = CARTESIAN_POINT('',(97.,27.,4.));
#2044 = VECTOR('',#2045,1.);
#2045 = DIRECTION('',(0.,0.,1.));
#2046 = PCURVE('',#1902,#2047);
#2047 = DEFINITIONAL_REPRESENTATION('',(#2048),#2052);
#2048 = LINE('',#2049,#2050);
#2049 = CARTESIAN_POINT('',(-0.,0.));
#2050 = VECTOR('',#2051,1.);
#2051 = DIRECTION('',(-0.,-1.));
#2052 = ( GEOMETRIC_REPRESENTATION_CONTEXT(2) 
PARAMETRIC_REPRESENTATION_CONTEXT() REPRESENTATION_CONTEXT('2D SPACE',''
  ) );
#2053 = PCURVE('',#1902,#2054);
#2054 = DEFINITIONAL_REPRESENTATION('',(#2055),#2059);
#2055 = LINE('',#2056,#2057);
#2056 = CARTESIAN_POINT('',(-6.28318530718,0.));
#2057 = VECTOR('',#2058,1.);
#2058 = DIRECTION('',(-0.,-1.));
#2059 = ( GEOMETRIC_REPRESENTATION_CONTEXT(2) 
PARAMETRIC_REPRESENTATION_CONTEXT() REPRESENTATION_CONTEXT('2D SPACE',''
  ) );
#2060 = ORIENTED_EDGE('',*,*,#2061,.T.);
#2061 = EDGE_CURVE('',#2039,#2039,#2062,.T.);
#2062 = SURFACE_CURVE('',#2063,(#2068,#2075),.PCURVE_S1.);
#2063 = CIRCLE('',#2064,3.);
#2064 = AXIS2_PLACEMENT_3D('',#2065,#2066,#2067);
#2065 = CARTESIAN_POINT('',(94.,27.,9.));
#2066 = DIRECTION('',(0.,0.,1.));
#2067 = DIRECTION('',(1.,0.,0.));
#2068 = PCURVE('',#1902,#2069);
#2069 = DEFINITIONAL_REPRESENTATION('',(#2070),#2074);
#2070 = LINE('',#2071,#2072);
#2071 = CARTESIAN_POINT('',(-0.,-5.));
#2072 = VECTOR('',#2073,1.);
#2073 = DIRECTION('',(-1.,0.));
#2074 = ( GEOMETRIC_REPRESENTATION_CONTEXT(2) 
PARAMETRIC_REPRESENTATION_CONTEXT() REPRESENTATION_CONTEXT('2D SPACE',''
  ) );
#2075 = PCURVE('',#2076,#2081);
#2076 = PLANE('',#2077);
#2077 = AXIS2_PLACEMENT_3D('',#2078,#2079,#2080);
#2078 = CARTESIAN_POINT('',(94.,27.,9.));
#2079 = DIRECTION('',(0.,0.,1.));
#2080 = DIRECTION('',(1.,0.,-0.));
#2081 = DEFINITIONAL_REPRESENTATION('',(#2082),#2086);
#2082 = CIRCLE('',#2083,3.);
#2083 = AXIS2_PLACEMENT_2D('',#2084,#2085);
#2084 = CARTESIAN_POINT('',(0.,0.));
#2085 = DIRECTION('',(1.,0.));
#2086 = ( GEOMETRIC_REPRESENTATION_CONTEXT(2) 
PARAMETRIC_REPRESENTATION_CONTEXT() REPRESENTATION_CONTEXT('2D SPACE',''
  ) );
#2087 = ORIENTED_EDGE('',*,*,#2038,.F.);
#2088 = ORIENTED_EDGE('',*,*,#1885,.F.);
#2089 = ADVANCED_FACE('',(#2090),#1933,.T.);
#2090 = FACE_BOUND('',#2091,.F.);
#2091 = EDGE_LOOP('',(#2092,#2115,#2142,#2143));
#2092 = ORIENTED_EDGE('',*,*,#2093,.T.);
#2093 = EDGE_CURVE('',#1917,#2094,#2096,.T.);
#2094 = VERTEX_POINT('',#2095);
#2095 = CARTESIAN_POINT('',(34.,77.,9.));
#2096 = SEAM_CURVE('',#2097,(#2101,#2108),.PCURVE_S1.);
#2097 = LINE('',#2098,#2099);
#2098 = CARTESIAN_POINT('',(34.,77.,4.));
#2099 = VECTOR('',#2100,1.);
#2100 = DIRECTION('',(0.,0.,1.));
#2101 = PCURVE('',#1933,#2102);
#2102 = DEFINITIONAL_REPRESENTATION('',(#2103),#2107);
#2103 = LINE('',#2104,#2105);
#2104 = CARTESIAN_POINT('',(-0.,0.));
#2105 = VECTOR('',#2106,1.);
#2106 = DIRECTION('',(-0.,-1.));
#2107 = ( GEOMETRIC_REPRESENTATION_CONTEXT(2) 
PARAMETRIC_REPRESENTATION_CONTEXT() REPRESENTATION_CONTEXT('2D SPACE',''
  ) );
#2108 = PCURVE('',#1933,#2109);
#2109 = DEFINITIONAL_REPRESENTATION('',(#2110),#2114);
#2110 = LINE('',#2111,#2112);
#2111 = CARTESIAN_POINT('',(-6.28318530718,0.));
#2112 = VECTOR('',#2113,1.);
#2113 = DIRECTION('',(-0.,-1.));
#2114 = ( GEOMETRIC_REPRESENTATION_CONTEXT(2) 
PARAMETRIC_REPRESENTATION_CONTEXT() REPRESENTATION_CONTEXT('2D SPACE',''
  ) );
#2115 = ORIENTED_EDGE('',*,*,#2116,.T.);
#2116 = EDGE_CURVE('',#2094,#2094,#2117,.T.);
#2117 = SURFACE_CURVE('',#2118,(#2123,#2130),.PCURVE_S1.);
#2118 = CIRCLE('',#2119,3.);
#2119 = AXIS2_PLACEMENT_3D('',#2120,#2121,#2122);
#2120 = CARTESIAN_POINT('',(31.,77.,9.));
#2121 = DIRECTION('',(0.,0.,1.));
#2122 = DIRECTION('',(1.,0.,0.));
#2123 = PCURVE('',#1933,#2124);
#2124 = DEFINITIONAL_REPRESENTATION('',(#2125),#2129);
#2125 = LINE('',#2126,#2127);
#2126 = CARTESIAN_POINT('',(-0.,-5.));
#2127 = VECTOR('',#2128,1.);
#2128 = DIRECTION('',(-1.,0.));
#2129 = ( GEOMETRIC_REPRESENTATION_CONTEXT(2) 
PARAMETRIC_REPRESENTATION_CONTEXT() REPRESENTATION_CONTEXT('2D SPACE',''
  ) );
#2130 = PCURVE('',#2131,#2136);
#2131 = PLANE('',#2132);
#2132 = AXIS2_PLACEMENT_3D('',#2133,#2134,#2135);
#2133 = CARTESIAN_POINT('',(31.,77.,9.));
#2134 = DIRECTION('',(0.,0.,1.));
#2135 = DIRECTION('',(1.,0.,-0.));
#2136 = DEFINITIONAL_REPRESENTATION('',(#2137),#2141);
#2137 = CIRCLE('',#2138,3.);
#2138 = AXIS2_PLACEMENT_2D('',#2139,#2140);
#2139 = CARTESIAN_POINT('',(0.,1.42108547152E-14));
#2140 = DIRECTION('',(1.,0.));
#2141 = ( GEOMETRIC_REPRESENTATION_CONTEXT(2) 
PARAMETRIC_REPRESENTATION_CONTEXT() REPRESENTATION_CONTEXT('2D SPACE',''
  ) );
#2142 = ORIENTED_EDGE('',*,*,#2093,.F.);
#2143 = ORIENTED_EDGE('',*,*,#1916,.F.);
#2144 = ADVANCED_FACE('',(#2145),#1964,.T.);
#2145 = FACE_BOUND('',#2146,.F.);
#2146 = EDGE_LOOP('',(#2147,#2170,#2197,#2198));
#2147 = ORIENTED_EDGE('',*,*,#2148,.T.);
#2148 = EDGE_CURVE('',#1948,#2149,#2151,.T.);
#2149 = VERTEX_POINT('',#2150);
#2150 = CARTESIAN_POINT('',(111.,77.,9.));
#2151 = SEAM_CURVE('',#2152,(#2156,#2163),.PCURVE_S1.);
#2152 = LINE('',#2153,#2154);
#2153 = CARTESIAN_POINT('',(111.,77.,4.));
#2154 = VECTOR('',#2155,1.);
#2155 = DIRECTION('',(0.,0.,1.));
#2156 = PCURVE('',#1964,#2157);
#2157 = DEFINITIONAL_REPRESENTATION('',(#2158),#2162);
#2158 = LINE('',#2159,#2160);
#2159 = CARTESIAN_POINT('',(-0.,0.));
#2160 = VECTOR('',#2161,1.);
#2161 = DIRECTION('',(-0.,-1.));
#2162 = ( GEOMETRIC_REPRESENTATION_CONTEXT(2) 
PARAMETRIC_REPRESENTATION_CONTEXT() REPRESENTATION_CONTEXT('2D SPACE',''
  ) );
#2163 = PCURVE('',#1964,#2164);
#2164 = DEFINITIONAL_REPRESENTATION('',(#2165),#2169);
#2165 = LINE('',#2166,#2167);
#2166 = CARTESIAN_POINT('',(-6.28318530718,0.));
#2167 = VECTOR('',#2168,1.);
#2168 = DIRECTION('',(-0.,-1.));
#2169 = ( GEOMETRIC_REPRESENTATION_CONTEXT(2) 
PARAMETRIC_REPRESENTATION_CONTEXT() REPRESENTATION_CONTEXT('2D SPACE',''
  ) );
#2170 = ORIENTED_EDGE('',*,*,#2171,.T.);
#2171 = EDGE_CURVE('',#2149,#2149,#2172,.T.);
#2172 = SURFACE_CURVE('',#2173,(#2178,#2185),.PCURVE_S1.);
#2173 = CIRCLE('',#2174,3.);
#2174 = AXIS2_PLACEMENT_3D('',#2175,#2176,#2177);
#2175 = CARTESIAN_POINT('',(108.,77.,9.));
#2176 = DIRECTION('',(0.,0.,1.));
#2177 = DIRECTION('',(1.,0.,0.));
#2178 = PCURVE('',#1964,#2179);
#2179 = DEFINITIONAL_REPRESENTATION('',(#2180),#2184);
#2180 = LINE('',#2181,#2182);
#2181 = CARTESIAN_POINT('',(-0.,-5.));
#2182 = VECTOR('',#2183,1.);
#2183 = DIRECTION('',(-1.,0.));
#2184 = ( GEOMETRIC_REPRESENTATION_CONTEXT(2) 
PARAMETRIC_REPRESENTATION_CONTEXT() REPRESENTATION_CONTEXT('2D SPACE',''
  ) );
#2185 = PCURVE('',#2186,#2191);
#2186 = PLANE('',#2187);
#2187 = AXIS2_PLACEMENT_3D('',#2188,#2189,#2190);
#2188 = CARTESIAN_POINT('',(108.,77.,9.));
#2189 = DIRECTION('',(0.,0.,1.));
#2190 = DIRECTION('',(1.,0.,-0.));
#2191 = DEFINITIONAL_REPRESENTATION('',(#2192),#2196);
#2192 = CIRCLE('',#2193,3.);
#2193 = AXIS2_PLACEMENT_2D('',#2194,#2195);
#2194 = CARTESIAN_POINT('',(0.,1.42108547152E-14));
#2195 = DIRECTION('',(1.,0.));
#2196 = ( GEOMETRIC_REPRESENTATION_CONTEXT(2) 
PARAMETRIC_REPRESENTATION_CONTEXT() REPRESENTATION_CONTEXT('2D SPACE',''
  ) );
#2197 = ORIENTED_EDGE('',*,*,#2148,.F.);
#2198 = ORIENTED_EDGE('',*,*,#1947,.F.);
#2199 = ADVANCED_FACE('',(#2200,#2203),#2021,.T.);
#2200 = FACE_BOUND('',#2201,.T.);
#2201 = EDGE_LOOP('',(#2202));
#2202 = ORIENTED_EDGE('',*,*,#2006,.T.);
#2203 = FACE_BOUND('',#2204,.T.);
#2204 = EDGE_LOOP('',(#2205));
#2205 = ORIENTED_EDGE('',*,*,#2206,.T.);
#2206 = EDGE_CURVE('',#2207,#2207,#2209,.T.);
#2207 = VERTEX_POINT('',#2208);
#2208 = CARTESIAN_POINT('',(32.25,27.,9.));
#2209 = SURFACE_CURVE('',#2210,(#2215,#2226),.PCURVE_S1.);
#2210 = CIRCLE('',#2211,1.25);
#2211 = AXIS2_PLACEMENT_3D('',#2212,#2213,#2214);
#2212 = CARTESIAN_POINT('',(31.,27.,9.));
#2213 = DIRECTION('',(0.,0.,-1.));
#2214 = DIRECTION('',(1.,0.,0.));
#2215 = PCURVE('',#2021,#2216);
#2216 = DEFINITIONAL_REPRESENTATION('',(#2217),#2225);
#2217 = ( BOUNDED_CURVE() B_SPLINE_CURVE(2,(#2218,#2219,#2220,#2221,
#2222,#2223,#2224),.UNSPECIFIED.,.T.,.F.) B_SPLINE_CURVE_WITH_KNOTS((1,2
    ,2,2,2,1),(-2.094395102393,0.,2.094395102393,4.188790204786,
6.28318530718,8.377580409573),.UNSPECIFIED.) CURVE() 
GEOMETRIC_REPRESENTATION_ITEM() RATIONAL_B_SPLINE_CURVE((1.,0.5,1.,0.5,
1.,0.5,1.)) REPRESENTATION_ITEM('') );
#2218 = CARTESIAN_POINT('',(1.25,0.));
#2219 = CARTESIAN_POINT('',(1.25,-2.165063509461));
#2220 = CARTESIAN_POINT('',(-0.625,-1.082531754731));
#2221 = CARTESIAN_POINT('',(-2.5,-3.061616997868E-16));
#2222 = CARTESIAN_POINT('',(-0.625,1.082531754731));
#2223 = CARTESIAN_POINT('',(1.25,2.165063509461));
#2224 = CARTESIAN_POINT('',(1.25,0.));
#2225 = ( GEOMETRIC_REPRESENTATION_CONTEXT(2) 
PARAMETRIC_REPRESENTATION_CONTEXT() REPRESENTATION_CONTEXT('2D SPACE',''
  ) );
#2226 = PCURVE('',#2227,#2232);
#2227 = CYLINDRICAL_SURFACE('',#2228,1.25);
#2228 = AXIS2_PLACEMENT_3D('',#2229,#2230,#2231);
#2229 = CARTESIAN_POINT('',(31.,27.,4.3));
#2230 = DIRECTION('',(-0.,-0.,-1.));
#2231 = DIRECTION('',(1.,0.,0.));
#2232 = DEFINITIONAL_REPRESENTATION('',(#2233),#2237);
#2233 = LINE('',#2234,#2235);
#2234 = CARTESIAN_POINT('',(-6.28318530718,-4.7));
#2235 = VECTOR('',#2236,1.);
#2236 = DIRECTION('',(1.,-0.));
#2237 = ( GEOMETRIC_REPRESENTATION_CONTEXT(2) 
PARAMETRIC_REPRESENTATION_CONTEXT() REPRESENTATION_CONTEXT('2D SPACE',''
  ) );
#2238 = ADVANCED_FACE('',(#2239,#2242),#2076,.T.);
#2239 = FACE_BOUND('',#2240,.T.);
#2240 = EDGE_LOOP('',(#2241));
#2241 = ORIENTED_EDGE('',*,*,#2061,.T.);
#2242 = FACE_BOUND('',#2243,.T.);
#2243 = EDGE_LOOP('',(#2244));
#2244 = ORIENTED_EDGE('',*,*,#2245,.T.);
#2245 = EDGE_CURVE('',#2246,#2246,#2248,.T.);
#2246 = VERTEX_POINT('',#2247);
#2247 = CARTESIAN_POINT('',(95.25,27.,9.));
#2248 = SURFACE_CURVE('',#2249,(#2254,#2265),.PCURVE_S1.);
#2249 = CIRCLE('',#2250,1.25);
#2250 = AXIS2_PLACEMENT_3D('',#2251,#2252,#2253);
#2251 = CARTESIAN_POINT('',(94.,27.,9.));
#2252 = DIRECTION('',(0.,0.,-1.));
#2253 = DIRECTION('',(1.,0.,0.));
#2254 = PCURVE('',#2076,#2255);
#2255 = DEFINITIONAL_REPRESENTATION('',(#2256),#2264);
#2256 = ( BOUNDED_CURVE() B_SPLINE_CURVE(2,(#2257,#2258,#2259,#2260,
#2261,#2262,#2263),.UNSPECIFIED.,.T.,.F.) B_SPLINE_CURVE_WITH_KNOTS((1,2
    ,2,2,2,1),(-2.094395102393,0.,2.094395102393,4.188790204786,
6.28318530718,8.377580409573),.UNSPECIFIED.) CURVE() 
GEOMETRIC_REPRESENTATION_ITEM() RATIONAL_B_SPLINE_CURVE((1.,0.5,1.,0.5,
1.,0.5,1.)) REPRESENTATION_ITEM('') );
#2257 = CARTESIAN_POINT('',(1.25,0.));
#2258 = CARTESIAN_POINT('',(1.25,-2.165063509461));
#2259 = CARTESIAN_POINT('',(-0.625,-1.082531754731));
#2260 = CARTESIAN_POINT('',(-2.5,-3.061616997868E-16));
#2261 = CARTESIAN_POINT('',(-0.625,1.082531754731));
#2262 = CARTESIAN_POINT('',(1.25,2.165063509461));
#2263 = CARTESIAN_POINT('',(1.25,0.));
#2264 = ( GEOMETRIC_REPRESENTATION_CONTEXT(2) 
PARAMETRIC_REPRESENTATION_CONTEXT() REPRESENTATION_CONTEXT('2D SPACE',''
  ) );
#2265 = PCURVE('',#2266,#2271);
#2266 = CYLINDRICAL_SURFACE('',#2267,1.25);
#2267 = AXIS2_PLACEMENT_3D('',#2268,#2269,#2270);
#2268 = CARTESIAN_POINT('',(94.,27.,4.3));
#2269 = DIRECTION('',(-0.,-0.,-1.));
#2270 = DIRECTION('',(1.,0.,0.));
#2271 = DEFINITIONAL_REPRESENTATION('',(#2272),#2276);
#2272 = LINE('',#2273,#2274);
#2273 = CARTESIAN_POINT('',(-6.28318530718,-4.7));
#2274 = VECTOR('',#2275,1.);
#2275 = DIRECTION('',(1.,-0.));
#2276 = ( GEOMETRIC_REPRESENTATION_CONTEXT(2) 
PARAMETRIC_REPRESENTATION_CONTEXT() REPRESENTATION_CONTEXT('2D SPACE',''
  ) );
#2277 = ADVANCED_FACE('',(#2278,#2281),#2131,.T.);
#2278 = FACE_BOUND('',#2279,.T.);
#2279 = EDGE_LOOP('',(#2280));
#2280 = ORIENTED_EDGE('',*,*,#2116,.T.);
#2281 = FACE_BOUND('',#2282,.T.);
#2282 = EDGE_LOOP('',(#2283));
#2283 = ORIENTED_EDGE('',*,*,#2284,.T.);
#2284 = EDGE_CURVE('',#2285,#2285,#2287,.T.);
#2285 = VERTEX_POINT('',#2286);
#2286 = CARTESIAN_POINT('',(32.25,77.,9.));
#2287 = SURFACE_CURVE('',#2288,(#2293,#2304),.PCURVE_S1.);
#2288 = CIRCLE('',#2289,1.25);
#2289 = AXIS2_PLACEMENT_3D('',#2290,#2291,#2292);
#2290 = CARTESIAN_POINT('',(31.,77.,9.));
#2291 = DIRECTION('',(0.,0.,-1.));
#2292 = DIRECTION('',(1.,0.,0.));
#2293 = PCURVE('',#2131,#2294);
#2294 = DEFINITIONAL_REPRESENTATION('',(#2295),#2303);
#2295 = ( BOUNDED_CURVE() B_SPLINE_CURVE(2,(#2296,#2297,#2298,#2299,
#2300,#2301,#2302),.UNSPECIFIED.,.T.,.F.) B_SPLINE_CURVE_WITH_KNOTS((1,2
    ,2,2,2,1),(-2.094395102393,0.,2.094395102393,4.188790204786,
6.28318530718,8.377580409573),.UNSPECIFIED.) CURVE() 
GEOMETRIC_REPRESENTATION_ITEM() RATIONAL_B_SPLINE_CURVE((1.,0.5,1.,0.5,
1.,0.5,1.)) REPRESENTATION_ITEM('') );
#2296 = CARTESIAN_POINT('',(1.25,1.42108547152E-14));
#2297 = CARTESIAN_POINT('',(1.25,-2.165063509461));
#2298 = CARTESIAN_POINT('',(-0.625,-1.082531754731));
#2299 = CARTESIAN_POINT('',(-2.5,1.390469301542E-14));
#2300 = CARTESIAN_POINT('',(-0.625,1.082531754731));
#2301 = CARTESIAN_POINT('',(1.25,2.165063509461));
#2302 = CARTESIAN_POINT('',(1.25,1.42108547152E-14));
#2303 = ( GEOMETRIC_REPRESENTATION_CONTEXT(2) 
PARAMETRIC_REPRESENTATION_CONTEXT() REPRESENTATION_CONTEXT('2D SPACE',''
  ) );
#2304 = PCURVE('',#2305,#2310);
#2305 = CYLINDRICAL_SURFACE('',#2306,1.25);
#2306 = AXIS2_PLACEMENT_3D('',#2307,#2308,#2309);
#2307 = CARTESIAN_POINT('',(31.,77.,4.3));
#2308 = DIRECTION('',(-0.,-0.,-1.));
#2309 = DIRECTION('',(1.,0.,0.));
#2310 = DEFINITIONAL_REPRESENTATION('',(#2311),#2315);
#2311 = LINE('',#2312,#2313);
#2312 = CARTESIAN_POINT('',(-6.28318530718,-4.7));
#2313 = VECTOR('',#2314,1.);
#2314 = DIRECTION('',(1.,-0.));
#2315 = ( GEOMETRIC_REPRESENTATION_CONTEXT(2) 
PARAMETRIC_REPRESENTATION_CONTEXT() REPRESENTATION_CONTEXT('2D SPACE',''
  ) );
#2316 = ADVANCED_FACE('',(#2317,#2320),#2186,.T.);
#2317 = FACE_BOUND('',#2318,.T.);
#2318 = EDGE_LOOP('',(#2319));
#2319 = ORIENTED_EDGE('',*,*,#2171,.T.);
#2320 = FACE_BOUND('',#2321,.T.);
#2321 = EDGE_LOOP('',(#2322));
#2322 = ORIENTED_EDGE('',*,*,#2323,.T.);
#2323 = EDGE_CURVE('',#2324,#2324,#2326,.T.);
#2324 = VERTEX_POINT('',#2325);
#2325 = CARTESIAN_POINT('',(109.25,77.,9.));
#2326 = SURFACE_CURVE('',#2327,(#2332,#2343),.PCURVE_S1.);
#2327 = CIRCLE('',#2328,1.25);
#2328 = AXIS2_PLACEMENT_3D('',#2329,#2330,#2331);
#2329 = CARTESIAN_POINT('',(108.,77.,9.));
#2330 = DIRECTION('',(0.,0.,-1.));
#2331 = DIRECTION('',(1.,0.,0.));
#2332 = PCURVE('',#2186,#2333);
#2333 = DEFINITIONAL_REPRESENTATION('',(#2334),#2342);
#2334 = ( BOUNDED_CURVE() B_SPLINE_CURVE(2,(#2335,#2336,#2337,#2338,
#2339,#2340,#2341),.UNSPECIFIED.,.T.,.F.) B_SPLINE_CURVE_WITH_KNOTS((1,2
    ,2,2,2,1),(-2.094395102393,0.,2.094395102393,4.188790204786,
6.28318530718,8.377580409573),.UNSPECIFIED.) CURVE() 
GEOMETRIC_REPRESENTATION_ITEM() RATIONAL_B_SPLINE_CURVE((1.,0.5,1.,0.5,
1.,0.5,1.)) REPRESENTATION_ITEM('') );
#2335 = CARTESIAN_POINT('',(1.25,1.42108547152E-14));
#2336 = CARTESIAN_POINT('',(1.25,-2.165063509461));
#2337 = CARTESIAN_POINT('',(-0.625,-1.082531754731));
#2338 = CARTESIAN_POINT('',(-2.5,1.390469301542E-14));
#2339 = CARTESIAN_POINT('',(-0.625,1.082531754731));
#2340 = CARTESIAN_POINT('',(1.25,2.165063509461));
#2341 = CARTESIAN_POINT('',(1.25,1.42108547152E-14));
#2342 = ( GEOMETRIC_REPRESENTATION_CONTEXT(2) 
PARAMETRIC_REPRESENTATION_CONTEXT() REPRESENTATION_CONTEXT('2D SPACE',''
  ) );
#2343 = PCURVE('',#2344,#2349);
#2344 = CYLINDRICAL_SURFACE('',#2345,1.25);
#2345 = AXIS2_PLACEMENT_3D('',#2346,#2347,#2348);
#2346 = CARTESIAN_POINT('',(108.,77.,4.3));
#2347 = DIRECTION('',(-0.,-0.,-1.));
#2348 = DIRECTION('',(1.,0.,0.));
#2349 = DEFINITIONAL_REPRESENTATION('',(#2350),#2354);
#2350 = LINE('',#2351,#2352);
#2351 = CARTESIAN_POINT('',(-6.28318530718,-4.7));
#2352 = VECTOR('',#2353,1.);
#2353 = DIRECTION('',(1.,-0.));
#2354 = ( GEOMETRIC_REPRESENTATION_CONTEXT(2) 
PARAMETRIC_REPRESENTATION_CONTEXT() REPRESENTATION_CONTEXT('2D SPACE',''
  ) );
#2355 = ADVANCED_FACE('',(#2356),#2227,.F.);
#2356 = FACE_BOUND('',#2357,.T.);
#2357 = EDGE_LOOP('',(#2358,#2387,#2408,#2409));
#2358 = ORIENTED_EDGE('',*,*,#2359,.F.);
#2359 = EDGE_CURVE('',#2360,#2360,#2362,.T.);
#2360 = VERTEX_POINT('',#2361);
#2361 = CARTESIAN_POINT('',(32.25,27.,4.3));
#2362 = SURFACE_CURVE('',#2363,(#2368,#2375),.PCURVE_S1.);
#2363 = CIRCLE('',#2364,1.25);
#2364 = AXIS2_PLACEMENT_3D('',#2365,#2366,#2367);
#2365 = CARTESIAN_POINT('',(31.,27.,4.3));
#2366 = DIRECTION('',(0.,0.,1.));
#2367 = DIRECTION('',(1.,0.,0.));
#2368 = PCURVE('',#2227,#2369);
#2369 = DEFINITIONAL_REPRESENTATION('',(#2370),#2374);
#2370 = LINE('',#2371,#2372);
#2371 = CARTESIAN_POINT('',(-0.,0.));
#2372 = VECTOR('',#2373,1.);
#2373 = DIRECTION('',(-1.,0.));
#2374 = ( GEOMETRIC_REPRESENTATION_CONTEXT(2) 
PARAMETRIC_REPRESENTATION_CONTEXT() REPRESENTATION_CONTEXT('2D SPACE',''
  ) );
#2375 = PCURVE('',#2376,#2381);
#2376 = PLANE('',#2377);
#2377 = AXIS2_PLACEMENT_3D('',#2378,#2379,#2380);
#2378 = CARTESIAN_POINT('',(31.,27.,4.3));
#2379 = DIRECTION('',(0.,0.,1.));
#2380 = DIRECTION('',(1.,0.,-0.));
#2381 = DEFINITIONAL_REPRESENTATION('',(#2382),#2386);
#2382 = CIRCLE('',#2383,1.25);
#2383 = AXIS2_PLACEMENT_2D('',#2384,#2385);
#2384 = CARTESIAN_POINT('',(0.,0.));
#2385 = DIRECTION('',(1.,0.));
#2386 = ( GEOMETRIC_REPRESENTATION_CONTEXT(2) 
PARAMETRIC_REPRESENTATION_CONTEXT() REPRESENTATION_CONTEXT('2D SPACE',''
  ) );
#2387 = ORIENTED_EDGE('',*,*,#2388,.T.);
#2388 = EDGE_CURVE('',#2360,#2207,#2389,.T.);
#2389 = SEAM_CURVE('',#2390,(#2394,#2401),.PCURVE_S1.);
#2390 = LINE('',#2391,#2392);
#2391 = CARTESIAN_POINT('',(32.25,27.,4.3));
#2392 = VECTOR('',#2393,1.);
#2393 = DIRECTION('',(0.,0.,1.));
#2394 = PCURVE('',#2227,#2395);
#2395 = DEFINITIONAL_REPRESENTATION('',(#2396),#2400);
#2396 = LINE('',#2397,#2398);
#2397 = CARTESIAN_POINT('',(-6.28318530718,0.));
#2398 = VECTOR('',#2399,1.);
#2399 = DIRECTION('',(-0.,-1.));
#2400 = ( GEOMETRIC_REPRESENTATION_CONTEXT(2) 
PARAMETRIC_REPRESENTATION_CONTEXT() REPRESENTATION_CONTEXT('2D SPACE',''
  ) );
#2401 = PCURVE('',#2227,#2402);
#2402 = DEFINITIONAL_REPRESENTATION('',(#2403),#2407);
#2403 = LINE('',#2404,#2405);
#2404 = CARTESIAN_POINT('',(-0.,0.));
#2405 = VECTOR('',#2406,1.);
#2406 = DIRECTION('',(-0.,-1.));
#2407 = ( GEOMETRIC_REPRESENTATION_CONTEXT(2) 
PARAMETRIC_REPRESENTATION_CONTEXT() REPRESENTATION_CONTEXT('2D SPACE',''
  ) );
#2408 = ORIENTED_EDGE('',*,*,#2206,.F.);
#2409 = ORIENTED_EDGE('',*,*,#2388,.F.);
#2410 = ADVANCED_FACE('',(#2411),#2266,.F.);
#2411 = FACE_BOUND('',#2412,.T.);
#2412 = EDGE_LOOP('',(#2413,#2442,#2463,#2464));
#2413 = ORIENTED_EDGE('',*,*,#2414,.F.);
#2414 = EDGE_CURVE('',#2415,#2415,#2417,.T.);
#2415 = VERTEX_POINT('',#2416);
#2416 = CARTESIAN_POINT('',(95.25,27.,4.3));
#2417 = SURFACE_CURVE('',#2418,(#2423,#2430),.PCURVE_S1.);
#2418 = CIRCLE('',#2419,1.25);
#2419 = AXIS2_PLACEMENT_3D('',#2420,#2421,#2422);
#2420 = CARTESIAN_POINT('',(94.,27.,4.3));
#2421 = DIRECTION('',(0.,0.,1.));
#2422 = DIRECTION('',(1.,0.,0.));
#2423 = PCURVE('',#2266,#2424);
#2424 = DEFINITIONAL_REPRESENTATION('',(#2425),#2429);
#2425 = LINE('',#2426,#2427);
#2426 = CARTESIAN_POINT('',(-0.,0.));
#2427 = VECTOR('',#2428,1.);
#2428 = DIRECTION('',(-1.,0.));
#2429 = ( GEOMETRIC_REPRESENTATION_CONTEXT(2) 
PARAMETRIC_REPRESENTATION_CONTEXT() REPRESENTATION_CONTEXT('2D SPACE',''
  ) );
#2430 = PCURVE('',#2431,#2436);
#2431 = PLANE('',#2432);
#2432 = AXIS2_PLACEMENT_3D('',#2433,#2434,#2435);
#2433 = CARTESIAN_POINT('',(94.,27.,4.3));
#2434 = DIRECTION('',(0.,0.,1.));
#2435 = DIRECTION('',(1.,0.,-0.));
#2436 = DEFINITIONAL_REPRESENTATION('',(#2437),#2441);
#2437 = CIRCLE('',#2438,1.25);
#2438 = AXIS2_PLACEMENT_2D('',#2439,#2440);
#2439 = CARTESIAN_POINT('',(-1.42108547152E-14,0.));
#2440 = DIRECTION('',(1.,0.));
#2441 = ( GEOMETRIC_REPRESENTATION_CONTEXT(2) 
PARAMETRIC_REPRESENTATION_CONTEXT() REPRESENTATION_CONTEXT('2D SPACE',''
  ) );
#2442 = ORIENTED_EDGE('',*,*,#2443,.T.);
#2443 = EDGE_CURVE('',#2415,#2246,#2444,.T.);
#2444 = SEAM_CURVE('',#2445,(#2449,#2456),.PCURVE_S1.);
#2445 = LINE('',#2446,#2447);
#2446 = CARTESIAN_POINT('',(95.25,27.,4.3));
#2447 = VECTOR('',#2448,1.);
#2448 = DIRECTION('',(0.,0.,1.));
#2449 = PCURVE('',#2266,#2450);
#2450 = DEFINITIONAL_REPRESENTATION('',(#2451),#2455);
#2451 = LINE('',#2452,#2453);
#2452 = CARTESIAN_POINT('',(-6.28318530718,0.));
#2453 = VECTOR('',#2454,1.);
#2454 = DIRECTION('',(-0.,-1.));
#2455 = ( GEOMETRIC_REPRESENTATION_CONTEXT(2) 
PARAMETRIC_REPRESENTATION_CONTEXT() REPRESENTATION_CONTEXT('2D SPACE',''
  ) );
#2456 = PCURVE('',#2266,#2457);
#2457 = DEFINITIONAL_REPRESENTATION('',(#2458),#2462);
#2458 = LINE('',#2459,#2460);
#2459 = CARTESIAN_POINT('',(-0.,0.));
#2460 = VECTOR('',#2461,1.);
#2461 = DIRECTION('',(-0.,-1.));
#2462 = ( GEOMETRIC_REPRESENTATION_CONTEXT(2) 
PARAMETRIC_REPRESENTATION_CONTEXT() REPRESENTATION_CONTEXT('2D SPACE',''
  ) );
#2463 = ORIENTED_EDGE('',*,*,#2245,.F.);
#2464 = ORIENTED_EDGE('',*,*,#2443,.F.);
#2465 = ADVANCED_FACE('',(#2466),#2305,.F.);
#2466 = FACE_BOUND('',#2467,.T.);
#2467 = EDGE_LOOP('',(#2468,#2497,#2518,#2519));
#2468 = ORIENTED_EDGE('',*,*,#2469,.F.);
#2469 = EDGE_CURVE('',#2470,#2470,#2472,.T.);
#2470 = VERTEX_POINT('',#2471);
#2471 = CARTESIAN_POINT('',(32.25,77.,4.3));
#2472 = SURFACE_CURVE('',#2473,(#2478,#2485),.PCURVE_S1.);
#2473 = CIRCLE('',#2474,1.25);
#2474 = AXIS2_PLACEMENT_3D('',#2475,#2476,#2477);
#2475 = CARTESIAN_POINT('',(31.,77.,4.3));
#2476 = DIRECTION('',(0.,0.,1.));
#2477 = DIRECTION('',(1.,0.,0.));
#2478 = PCURVE('',#2305,#2479);
#2479 = DEFINITIONAL_REPRESENTATION('',(#2480),#2484);
#2480 = LINE('',#2481,#2482);
#2481 = CARTESIAN_POINT('',(-0.,0.));
#2482 = VECTOR('',#2483,1.);
#2483 = DIRECTION('',(-1.,0.));
#2484 = ( GEOMETRIC_REPRESENTATION_CONTEXT(2) 
PARAMETRIC_REPRESENTATION_CONTEXT() REPRESENTATION_CONTEXT('2D SPACE',''
  ) );
#2485 = PCURVE('',#2486,#2491);
#2486 = PLANE('',#2487);
#2487 = AXIS2_PLACEMENT_3D('',#2488,#2489,#2490);
#2488 = CARTESIAN_POINT('',(31.,77.,4.3));
#2489 = DIRECTION('',(0.,0.,1.));
#2490 = DIRECTION('',(1.,0.,-0.));
#2491 = DEFINITIONAL_REPRESENTATION('',(#2492),#2496);
#2492 = CIRCLE('',#2493,1.25);
#2493 = AXIS2_PLACEMENT_2D('',#2494,#2495);
#2494 = CARTESIAN_POINT('',(3.552713678801E-15,0.));
#2495 = DIRECTION('',(1.,0.));
#2496 = ( GEOMETRIC_REPRESENTATION_CONTEXT(2) 
PARAMETRIC_REPRESENTATION_CONTEXT() REPRESENTATION_CONTEXT('2D SPACE',''
  ) );
#2497 = ORIENTED_EDGE('',*,*,#2498,.T.);
#2498 = EDGE_CURVE('',#2470,#2285,#2499,.T.);
#2499 = SEAM_CURVE('',#2500,(#2504,#2511),.PCURVE_S1.);
#2500 = LINE('',#2501,#2502);
#2501 = CARTESIAN_POINT('',(32.25,77.,4.3));
#2502 = VECTOR('',#2503,1.);
#2503 = DIRECTION('',(0.,0.,1.));
#2504 = PCURVE('',#2305,#2505);
#2505 = DEFINITIONAL_REPRESENTATION('',(#2506),#2510);
#2506 = LINE('',#2507,#2508);
#2507 = CARTESIAN_POINT('',(-6.28318530718,0.));
#2508 = VECTOR('',#2509,1.);
#2509 = DIRECTION('',(-0.,-1.));
#2510 = ( GEOMETRIC_REPRESENTATION_CONTEXT(2) 
PARAMETRIC_REPRESENTATION_CONTEXT() REPRESENTATION_CONTEXT('2D SPACE',''
  ) );
#2511 = PCURVE('',#2305,#2512);
#2512 = DEFINITIONAL_REPRESENTATION('',(#2513),#2517);
#2513 = LINE('',#2514,#2515);
#2514 = CARTESIAN_POINT('',(-0.,0.));
#2515 = VECTOR('',#2516,1.);
#2516 = DIRECTION('',(-0.,-1.));
#2517 = ( GEOMETRIC_REPRESENTATION_CONTEXT(2) 
PARAMETRIC_REPRESENTATION_CONTEXT() REPRESENTATION_CONTEXT('2D SPACE',''
  ) );
#2518 = ORIENTED_EDGE('',*,*,#2284,.F.);
#2519 = ORIENTED_EDGE('',*,*,#2498,.F.);
#2520 = ADVANCED_FACE('',(#2521),#2344,.F.);
#2521 = FACE_BOUND('',#2522,.T.);
#2522 = EDGE_LOOP('',(#2523,#2552,#2573,#2574));
#2523 = ORIENTED_EDGE('',*,*,#2524,.F.);
#2524 = EDGE_CURVE('',#2525,#2525,#2527,.T.);
#2525 = VERTEX_POINT('',#2526);
#2526 = CARTESIAN_POINT('',(109.25,77.,4.3));
#2527 = SURFACE_CURVE('',#2528,(#2533,#2540),.PCURVE_S1.);
#2528 = CIRCLE('',#2529,1.25);
#2529 = AXIS2_PLACEMENT_3D('',#2530,#2531,#2532);
#2530 = CARTESIAN_POINT('',(108.,77.,4.3));
#2531 = DIRECTION('',(0.,0.,1.));
#2532 = DIRECTION('',(1.,0.,0.));
#2533 = PCURVE('',#2344,#2534);
#2534 = DEFINITIONAL_REPRESENTATION('',(#2535),#2539);
#2535 = LINE('',#2536,#2537);
#2536 = CARTESIAN_POINT('',(-0.,0.));
#2537 = VECTOR('',#2538,1.);
#2538 = DIRECTION('',(-1.,0.));
#2539 = ( GEOMETRIC_REPRESENTATION_CONTEXT(2) 
PARAMETRIC_REPRESENTATION_CONTEXT() REPRESENTATION_CONTEXT('2D SPACE',''
  ) );
#2540 = PCURVE('',#2541,#2546);
#2541 = PLANE('',#2542);
#2542 = AXIS2_PLACEMENT_3D('',#2543,#2544,#2545);
#2543 = CARTESIAN_POINT('',(108.,77.,4.3));
#2544 = DIRECTION('',(0.,0.,1.));
#2545 = DIRECTION('',(1.,0.,-0.));
#2546 = DEFINITIONAL_REPRESENTATION('',(#2547),#2551);
#2547 = CIRCLE('',#2548,1.25);
#2548 = AXIS2_PLACEMENT_2D('',#2549,#2550);
#2549 = CARTESIAN_POINT('',(-1.42108547152E-14,0.));
#2550 = DIRECTION('',(1.,0.));
#2551 = ( GEOMETRIC_REPRESENTATION_CONTEXT(2) 
PARAMETRIC_REPRESENTATION_CONTEXT() REPRESENTATION_CONTEXT('2D SPACE',''
  ) );
#2552 = ORIENTED_EDGE('',*,*,#2553,.T.);
#2553 = EDGE_CURVE('',#2525,#2324,#2554,.T.);
#2554 = SEAM_CURVE('',#2555,(#2559,#2566),.PCURVE_S1.);
#2555 = LINE('',#2556,#2557);
#2556 = CARTESIAN_POINT('',(109.25,77.,4.3));
#2557 = VECTOR('',#2558,1.);
#2558 = DIRECTION('',(0.,0.,1.));
#2559 = PCURVE('',#2344,#2560);
#2560 = DEFINITIONAL_REPRESENTATION('',(#2561),#2565);
#2561 = LINE('',#2562,#2563);
#2562 = CARTESIAN_POINT('',(-6.28318530718,0.));
#2563 = VECTOR('',#2564,1.);
#2564 = DIRECTION('',(-0.,-1.));
#2565 = ( GEOMETRIC_REPRESENTATION_CONTEXT(2) 
PARAMETRIC_REPRESENTATION_CONTEXT() REPRESENTATION_CONTEXT('2D SPACE',''
  ) );
#2566 = PCURVE('',#2344,#2567);
#2567 = DEFINITIONAL_REPRESENTATION('',(#2568),#2572);
#2568 = LINE('',#2569,#2570);
#2569 = CARTESIAN_POINT('',(-0.,0.));
#2570 = VECTOR('',#2571,1.);
#2571 = DIRECTION('',(-0.,-1.));
#2572 = ( GEOMETRIC_REPRESENTATION_CONTEXT(2) 
PARAMETRIC_REPRESENTATION_CONTEXT() REPRESENTATION_CONTEXT('2D SPACE',''
  ) );
#2573 = ORIENTED_EDGE('',*,*,#2323,.F.);
#2574 = ORIENTED_EDGE('',*,*,#2553,.F.);
#2575 = ADVANCED_FACE('',(#2576),#2376,.T.);
#2576 = FACE_BOUND('',#2577,.T.);
#2577 = EDGE_LOOP('',(#2578));
#2578 = ORIENTED_EDGE('',*,*,#2359,.T.);
#2579 = ADVANCED_FACE('',(#2580),#2431,.T.);
#2580 = FACE_BOUND('',#2581,.T.);
#2581 = EDGE_LOOP('',(#2582));
#2582 = ORIENTED_EDGE('',*,*,#2414,.T.);
#2583 = ADVANCED_FACE('',(#2584),#2486,.T.);
#2584 = FACE_BOUND('',#2585,.T.);
#2585 = EDGE_LOOP('',(#2586));
#2586 = ORIENTED_EDGE('',*,*,#2469,.T.);
#2587 = ADVANCED_FACE('',(#2588),#2541,.T.);
#2588 = FACE_BOUND('',#2589,.T.);
#2589 = EDGE_LOOP('',(#2590));
#2590 = ORIENTED_EDGE('',*,*,#2524,.T.);
#2591 = ( GEOMETRIC_REPRESENTATION_CONTEXT(3) 
GLOBAL_UNCERTAINTY_ASSIGNED_CONTEXT((#2595)) 
GLOBAL_UNIT_ASSIGNED_CONTEXT((#2592,#2593,#2594)) REPRESENTATION_CONTEXT
('Context #1','3D Context with UNIT and UNCERTAINTY') );
#2592 = ( LENGTH_UNIT() NAMED_UNIT(*) SI_UNIT(.MILLI.,.METRE.) );
#2593 = ( NAMED_UNIT(*) PLANE_ANGLE_UNIT() SI_UNIT($,.RADIAN.) );
#2594 = ( NAMED_UNIT(*) SI_UNIT($,.STERADIAN.) SOLID_ANGLE_UNIT() );
#2595 = UNCERTAINTY_MEASURE_WITH_UNIT(LENGTH_MEASURE(1.E-07),#2592,
  'distance_accuracy_value','confusion accuracy');
#2596 = PRODUCT_RELATED_PRODUCT_CATEGORY('part',$,(#7));
ENDSEC;
END-ISO-10303-21;
