ISO-10303-21;
HEADER;
FILE_DESCRIPTION(('Open CASCADE Model'),'2;1');
FILE_NAME('Open CASCADE Shape Model','2026-10-02T07:54:02',('Author'),(
    'Open CASCADE'),'Open CASCADE STEP processor 7.8','Open CASCADE 7.8'
  ,'Unknown');
FILE_SCHEMA(('AUTOMOTIVE_DESIGN { 1 0 10303 214 1 1 1 1 }'));
ENDSEC;
DATA;
#1 = APPLICATION_PROTOCOL_DEFINITION('international standard',
  'automotive_design',2000,#2);
#2 = APPLICATION_CONTEXT(
  'core data for automotive mechanical design processes');
#3 = SHAPE_DEFINITION_REPRESENTATION(#4,#10);
#4 = PRODUCT_DEFINITION_SHAPE('','',#5);
#5 = PRODUCT_DEFINITION('design','',#6,#9);
#6 = PRODUCT_DEFINITION_FORMATION('','',#7);
#7 = PRODUCT('Open CASCADE STEP translator 7.8 1',
  'Open CASCADE STEP translator 7.8 1','',(#8));
#8 = PRODUCT_CONTEXT('',#2,'mechanical');
#9 = PRODUCT_DEFINITION_CONTEXT('part definition',#2,'design');
#10 = ADVANCED_BREP_SHAPE_REPRESENTATION('',(#11,#15),#8778);
#11 = AXIS2_PLACEMENT_3D('',#12,#13,#14);
#12 = CARTESIAN_POINT('',(0.,0.,0.));
#13 = DIRECTION('',(0.,0.,1.));
#14 = DIRECTION('',(1.,0.,-0.));
#15 = MANIFOLD_SOLID_BREP('',#16);
#16 = CLOSED_SHELL('',(#17,#717,#1697,#1876,#2202,#2561,#2884,#3207,
    #3283,#3332,#3381,#3408,#3516,#3592,#3641,#3690,#3717,#3793,#3842,
    #3891,#3918,#3994,#4043,#4092,#4119,#4222,#4281,#4357,#4406,#4455,
    #4482,#4558,#4607,#4656,#4683,#4762,#4838,#4887,#4936,#4963,#5039,
    #5088,#5137,#5164,#5219,#5274,#5329,#5388,#5443,#5549,#5576,#5684,
    #5792,#5900,#5907,#6915,#6940,#6947,#6954,#6961,#6987,#7034,#7041,
    #7048,#7073,#7080,#7087,#7091,#7095,#7099,#7129,#7133,#7138,#7143,
    #7148,#7153,#7225,#7277,#7325,#7372,#7421,#7469,#7520,#7569,#7620,
    #7667,#7715,#7762,#7809,#7861,#7909,#7956,#8003,#8051,#8103,#8152,
    #8199,#8250,#8298,#8325,#8379,#8433,#8487,#8541,#8595,#8649,#8703,
    #8730));
#17 = ADVANCED_FACE('',(#18,#105,#258,#411,#564),#31,.T.);
#18 = FACE_BOUND('',#19,.F.);
#19 = EDGE_LOOP('',(#20,#54,#77,#104));
#20 = ORIENTED_EDGE('',*,*,#21,.T.);
#21 = EDGE_CURVE('',#22,#22,#24,.T.);
#22 = VERTEX_POINT('',#23);
#23 = CARTESIAN_POINT('',(108.,0.,14.));
#24 = SURFACE_CURVE('',#25,(#30,#42),.PCURVE_S1.);
#25 = CIRCLE('',#26,108.);
#26 = AXIS2_PLACEMENT_3D('',#27,#28,#29);
#27 = CARTESIAN_POINT('',(0.,0.,14.));
#28 = DIRECTION('',(0.,0.,1.));
#29 = DIRECTION('',(1.,0.,0.));
#30 = PCURVE('',#31,#36);
#31 = CYLINDRICAL_SURFACE('',#32,108.);
#32 = AXIS2_PLACEMENT_3D('',#33,#34,#35);
#33 = CARTESIAN_POINT('',(0.,0.,0.));
#34 = DIRECTION('',(-0.,-0.,-1.));
#35 = DIRECTION('',(1.,0.,0.));
#36 = DEFINITIONAL_REPRESENTATION('',(#37),#41);
#37 = LINE('',#38,#39);
#38 = CARTESIAN_POINT('',(-0.,-14.));
#39 = VECTOR('',#40,1.);
#40 = DIRECTION('',(-1.,0.));
#41 = ( GEOMETRIC_REPRESENTATION_CONTEXT(2) 
PARAMETRIC_REPRESENTATION_CONTEXT() REPRESENTATION_CONTEXT('2D SPACE',''
  ) );
#42 = PCURVE('',#43,#48);
#43 = PLANE('',#44);
#44 = AXIS2_PLACEMENT_3D('',#45,#46,#47);
#45 = CARTESIAN_POINT('',(-9.72401872028E-15,-4.40872847693E-15,14.));
#46 = DIRECTION('',(0.,0.,1.));
#47 = DIRECTION('',(1.,0.,-0.));
#48 = DEFINITIONAL_REPRESENTATION('',(#49),#53);
#49 = CIRCLE('',#50,108.);
#50 = AXIS2_PLACEMENT_2D('',#51,#52);
#51 = CARTESIAN_POINT('',(9.72401872028E-15,4.40872847693E-15));
#52 = DIRECTION('',(1.,0.));
#53 = ( GEOMETRIC_REPRESENTATION_CONTEXT(2) 
PARAMETRIC_REPRESENTATION_CONTEXT() REPRESENTATION_CONTEXT('2D SPACE',''
  ) );
#54 = ORIENTED_EDGE('',*,*,#55,.T.);
#55 = EDGE_CURVE('',#22,#56,#58,.T.);
#56 = VERTEX_POINT('',#57);
#57 = CARTESIAN_POINT('',(108.,0.,0.));
#58 = SEAM_CURVE('',#59,(#63,#70),.PCURVE_S1.);
#59 = LINE('',#60,#61);
#60 = CARTESIAN_POINT('',(108.,0.,14.));
#61 = VECTOR('',#62,1.);
#62 = DIRECTION('',(0.,0.,-1.));
#63 = PCURVE('',#31,#64);
#64 = DEFINITIONAL_REPRESENTATION('',(#65),#69);
#65 = LINE('',#66,#67);
#66 = CARTESIAN_POINT('',(-0.,-14.));
#67 = VECTOR('',#68,1.);
#68 = DIRECTION('',(0.,1.));
#69 = ( GEOMETRIC_REPRESENTATION_CONTEXT(2) 
PARAMETRIC_REPRESENTATION_CONTEXT() REPRESENTATION_CONTEXT('2D SPACE',''
  ) );
#70 = PCURVE('',#31,#71);
#71 = DEFINITIONAL_REPRESENTATION('',(#72),#76);
#72 = LINE('',#73,#74);
#73 = CARTESIAN_POINT('',(-6.28318530718,-14.));
#74 = VECTOR('',#75,1.);
#75 = DIRECTION('',(0.,1.));
#76 = ( GEOMETRIC_REPRESENTATION_CONTEXT(2) 
PARAMETRIC_REPRESENTATION_CONTEXT() REPRESENTATION_CONTEXT('2D SPACE',''
  ) );
#77 = ORIENTED_EDGE('',*,*,#78,.F.);
#78 = EDGE_CURVE('',#56,#56,#79,.T.);
#79 = SURFACE_CURVE('',#80,(#85,#92),.PCURVE_S1.);
#80 = CIRCLE('',#81,108.);
#81 = AXIS2_PLACEMENT_3D('',#82,#83,#84);
#82 = CARTESIAN_POINT('',(0.,0.,0.));
#83 = DIRECTION('',(0.,0.,1.));
#84 = DIRECTION('',(1.,0.,0.));
#85 = PCURVE('',#31,#86);
#86 = DEFINITIONAL_REPRESENTATION('',(#87),#91);
#87 = LINE('',#88,#89);
#88 = CARTESIAN_POINT('',(-0.,0.));
#89 = VECTOR('',#90,1.);
#90 = DIRECTION('',(-1.,0.));
#91 = ( GEOMETRIC_REPRESENTATION_CONTEXT(2) 
PARAMETRIC_REPRESENTATION_CONTEXT() REPRESENTATION_CONTEXT('2D SPACE',''
  ) );
#92 = PCURVE('',#93,#98);
#93 = PLANE('',#94);
#94 = AXIS2_PLACEMENT_3D('',#95,#96,#97);
#95 = CARTESIAN_POINT('',(-9.72401872028E-15,-4.40872847693E-15,0.));
#96 = DIRECTION('',(0.,0.,1.));
#97 = DIRECTION('',(1.,0.,-0.));
#98 = DEFINITIONAL_REPRESENTATION('',(#99),#103);
#99 = CIRCLE('',#100,108.);
#100 = AXIS2_PLACEMENT_2D('',#101,#102);
#101 = CARTESIAN_POINT('',(9.72401872028E-15,4.40872847693E-15));
#102 = DIRECTION('',(1.,0.));
#103 = ( GEOMETRIC_REPRESENTATION_CONTEXT(2) 
PARAMETRIC_REPRESENTATION_CONTEXT() REPRESENTATION_CONTEXT('2D SPACE',''
  ) );
#104 = ORIENTED_EDGE('',*,*,#55,.F.);
#105 = FACE_BOUND('',#106,.F.);
#106 = EDGE_LOOP('',(#107));
#107 = ORIENTED_EDGE('',*,*,#108,.T.);
#108 = EDGE_CURVE('',#109,#109,#111,.T.);
#109 = VERTEX_POINT('',#110);
#110 = CARTESIAN_POINT('',(106.16270743966,19.836318939747,3.6));
#111 = SURFACE_CURVE('',#112,(#157,#205),.PCURVE_S1.);
#112 = B_SPLINE_CURVE_WITH_KNOTS('',7,(#113,#114,#115,#116,#117,#118,
    #119,#120,#121,#122,#123,#124,#125,#126,#127,#128,#129,#130,#131,
    #132,#133,#134,#135,#136,#137,#138,#139,#140,#141,#142,#143,#144,
    #145,#146,#147,#148,#149,#150,#151,#152,#153,#154,#155,#156),
  .UNSPECIFIED.,.T.,.F.,(8,6,6,6,6,6,6,8),(0.,0.150225976661,
    0.287141955992,0.424671573207,0.587488411229,0.714059742871,
    0.840788905485,1.),.UNSPECIFIED.);
#113 = CARTESIAN_POINT('',(106.16270743966,19.836318939747,3.6));
#114 = CARTESIAN_POINT('',(106.16270743966,19.836318939747,
    3.732525132099));
#115 = CARTESIAN_POINT('',(106.16612883218,19.81800782765,3.865180583456
    ));
#116 = CARTESIAN_POINT('',(106.17298415434,19.781318782736,
    3.995935266545));
#117 = CARTESIAN_POINT('',(106.18331451643,19.725920624198,
    4.122574020922));
#118 = CARTESIAN_POINT('',(106.19715433667,19.651408660242,
    4.242449764863));
#119 = CARTESIAN_POINT('',(106.21449946216,19.557437833764,
    4.352266358414));
#120 = CARTESIAN_POINT('',(106.25414203146,19.340846010485,
    4.534419369761));
#121 = CARTESIAN_POINT('',(106.27627364066,19.219265691482,
    4.611095164928));
#122 = CARTESIAN_POINT('',(106.30109871051,19.081888113701,
    4.670173374635));
#123 = CARTESIAN_POINT('',(106.32765436167,18.933530572311,
    4.706550159927));
#124 = CARTESIAN_POINT('',(106.35478844689,18.780286308339,4.71754396327
    ));
#125 = CARTESIAN_POINT('',(106.3813604565,18.6286754589,4.703003267738)
  );
#126 = CARTESIAN_POINT('',(106.4315500286,18.339758796369,4.62771134016)
  );
#127 = CARTESIAN_POINT('',(106.45451477103,18.206199128321,4.56771185266
    ));
#128 = CARTESIAN_POINT('',(106.47487541546,18.086648771912,
    4.489474245679));
#129 = CARTESIAN_POINT('',(106.49241184622,17.982868409792,
    4.396785727568));
#130 = CARTESIAN_POINT('',(106.50702077372,17.895901535668,4.29333003125
    ));
#131 = CARTESIAN_POINT('',(106.5186995645,17.826091503479,4.182698260968
    ));
#132 = CARTESIAN_POINT('',(106.53803719433,17.710186010536,
    3.932992584318));
#133 = CARTESIAN_POINT('',(106.54481335963,17.669304802308,
    3.789184993889));
#134 = CARTESIAN_POINT('',(106.54782507076,17.651055678196,
    3.640844545137));
#135 = CARTESIAN_POINT('',(106.54708734211,17.655525099346,
    3.491559194772));
#136 = CARTESIAN_POINT('',(106.54262433106,17.682531358372,
    3.344560868906));
#137 = CARTESIAN_POINT('',(106.5344238933,17.731944543681,3.202884308827
    ));
#138 = CARTESIAN_POINT('',(106.51302938381,17.859949426012,
    2.966823881487));
#139 = CARTESIAN_POINT('',(106.50122692224,17.930353243406,
    2.867539379994));
#140 = CARTESIAN_POINT('',(106.48691267541,18.015378393005,2.77516433789
    ));
#141 = CARTESIAN_POINT('',(106.47011147807,18.114599838327,
    2.692676790429));
#142 = CARTESIAN_POINT('',(106.45093120013,18.227033324939,
    2.623063139698));
#143 = CARTESIAN_POINT('',(106.42957853451,18.351107717437,
    2.569331121373));
#144 = CARTESIAN_POINT('',(106.38319082674,18.618138918378,
    2.499742563669));
#145 = CARTESIAN_POINT('',(106.35860353179,18.758515127934,
    2.484612516131));
#146 = CARTESIAN_POINT('',(106.33343399335,18.900870919394,
    2.491412906484));
#147 = CARTESIAN_POINT('',(106.30861842376,19.039831205575,
    2.520260623148));
#148 = CARTESIAN_POINT('',(106.28511357181,19.170273731291,
    2.569232524451));
#149 = CARTESIAN_POINT('',(106.26375011164,19.287982080771,
    2.634436572839));
#150 = CARTESIAN_POINT('',(106.22157197676,19.519086980786,
    2.805114529342));
#151 = CARTESIAN_POINT('',(106.20186403849,19.626042329589,
    2.918396725319));
#152 = CARTESIAN_POINT('',(106.18612354877,19.710854843288,
    3.044184811687));
#153 = CARTESIAN_POINT('',(106.17437734554,19.773862651119,
    3.178304741317));
#154 = CARTESIAN_POINT('',(106.16659004055,19.815539436815,
    3.317432133856));
#155 = CARTESIAN_POINT('',(106.16270743966,19.836318939747,
    3.458824472827));
#156 = CARTESIAN_POINT('',(106.16270743966,19.836318939747,3.6));
#157 = PCURVE('',#31,#158);
#158 = DEFINITIONAL_REPRESENTATION('',(#159),#204);
#159 = B_SPLINE_CURVE_WITH_KNOTS('',7,(#160,#161,#162,#163,#164,#165,
    #166,#167,#168,#169,#170,#171,#172,#173,#174,#175,#176,#177,#178,
    #179,#180,#181,#182,#183,#184,#185,#186,#187,#188,#189,#190,#191,
    #192,#193,#194,#195,#196,#197,#198,#199,#200,#201,#202,#203),
  .UNSPECIFIED.,.T.,.F.,(8,6,6,6,6,6,6,8),(0.,0.150225976661,
    0.287141955992,0.424671573207,0.587488411229,0.714059742871,
    0.840788905485,1.),.UNSPECIFIED.);
#160 = CARTESIAN_POINT('',(-0.184718286491,-3.6));
#161 = CARTESIAN_POINT('',(-0.184718286491,-3.732525132099));
#162 = CARTESIAN_POINT('',(-0.184545804917,-3.865180583456));
#163 = CARTESIAN_POINT('',(-0.18420021227,-3.995935266545));
#164 = CARTESIAN_POINT('',(-0.183678424289,-4.122574020922));
#165 = CARTESIAN_POINT('',(-0.182976699091,-4.242449764863));
#166 = CARTESIAN_POINT('',(-0.182091901939,-4.352266358414));
#167 = CARTESIAN_POINT('',(-0.180053107428,-4.534419369761));
#168 = CARTESIAN_POINT('',(-0.178908864987,-4.611095164928));
#169 = CARTESIAN_POINT('',(-0.177616250093,-4.670173374635));
#170 = CARTESIAN_POINT('',(-0.176220740188,-4.706550159927));
#171 = CARTESIAN_POINT('',(-0.174779744152,-4.71754396327));
#172 = CARTESIAN_POINT('',(-0.173354543867,-4.703003267738));
#173 = CARTESIAN_POINT('',(-0.170639324999,-4.62771134016));
#174 = CARTESIAN_POINT('',(-0.169384515669,-4.56771185266));
#175 = CARTESIAN_POINT('',(-0.16826163088,-4.489474245679));
#176 = CARTESIAN_POINT('',(-0.167287080331,-4.396785727568));
#177 = CARTESIAN_POINT('',(-0.166470549521,-4.29333003125));
#178 = CARTESIAN_POINT('',(-0.165815177489,-4.182698260968));
#179 = CARTESIAN_POINT('',(-0.164727144504,-3.932992584318));
#180 = CARTESIAN_POINT('',(-0.1643434504,-3.789184993889));
#181 = CARTESIAN_POINT('',(-0.164172191335,-3.640844545137));
#182 = CARTESIAN_POINT('',(-0.164214134836,-3.491559194772));
#183 = CARTESIAN_POINT('',(-0.164467584454,-3.344560868906));
#184 = CARTESIAN_POINT('',(-0.164931371382,-3.202884308827));
#185 = CARTESIAN_POINT('',(-0.166133042562,-2.966823881487));
#186 = CARTESIAN_POINT('',(-0.166794026191,-2.867539379994));
#187 = CARTESIAN_POINT('',(-0.167592374588,-2.77516433789));
#188 = CARTESIAN_POINT('',(-0.168524168726,-2.692676790429));
#189 = CARTESIAN_POINT('',(-0.169580257499,-2.623063139698));
#190 = CARTESIAN_POINT('',(-0.170745981377,-2.569331121373));
#191 = CARTESIAN_POINT('',(-0.173255522185,-2.499742563669));
#192 = CARTESIAN_POINT('',(-0.17457508768,-2.484612516131));
#193 = CARTESIAN_POINT('',(-0.175913638064,-2.491412906484));
#194 = CARTESIAN_POINT('',(-0.177220659653,-2.520260623148));
#195 = CARTESIAN_POINT('',(-0.178447911013,-2.569232524451));
#196 = CARTESIAN_POINT('',(-0.17955560789,-2.634436572839));
#197 = CARTESIAN_POINT('',(-0.181730814033,-2.805114529342));
#198 = CARTESIAN_POINT('',(-0.182737811807,-2.918396725319));
#199 = CARTESIAN_POINT('',(-0.183536522275,-3.044184811687));
#200 = CARTESIAN_POINT('',(-0.184129979174,-3.178304741317));
#201 = CARTESIAN_POINT('',(-0.18452255391,-3.317432133856));
#202 = CARTESIAN_POINT('',(-0.184718286491,-3.458824472827));
#203 = CARTESIAN_POINT('',(-0.184718286491,-3.6));
#204 = ( GEOMETRIC_REPRESENTATION_CONTEXT(2) 
PARAMETRIC_REPRESENTATION_CONTEXT() REPRESENTATION_CONTEXT('2D SPACE',''
  ) );
#205 = PCURVE('',#206,#211);
#206 = CYLINDRICAL_SURFACE('',#207,1.1);
#207 = AXIS2_PLACEMENT_3D('',#208,#209,#210);
#208 = CARTESIAN_POINT('',(85.678274512062,15.107391457023,3.6));
#209 = DIRECTION('',(0.984807753012,0.173648177667,0.));
#210 = DIRECTION('',(-0.173648177667,0.984807753012,0.));
#211 = DEFINITIONAL_REPRESENTATION('',(#212),#257);
#212 = B_SPLINE_CURVE_WITH_KNOTS('',7,(#213,#214,#215,#216,#217,#218,
    #219,#220,#221,#222,#223,#224,#225,#226,#227,#228,#229,#230,#231,
    #232,#233,#234,#235,#236,#237,#238,#239,#240,#241,#242,#243,#244,
    #245,#246,#247,#248,#249,#250,#251,#252,#253,#254,#255,#256),
  .UNSPECIFIED.,.F.,.F.,(8,6,6,6,6,6,6,8),(0.,0.150225976661,
    0.287141955992,0.424671573207,0.587488411229,0.714059742871,
    0.840788905485,1.),.UNSPECIFIED.);
#213 = CARTESIAN_POINT('',(0.,20.994398002859));
#214 = CARTESIAN_POINT('',(0.120477392817,20.994398002859));
#215 = CARTESIAN_POINT('',(0.241072881407,20.99458772549));
#216 = CARTESIAN_POINT('',(0.362798720285,20.994967914114));
#217 = CARTESIAN_POINT('',(0.486515466801,20.995521545514));
#218 = CARTESIAN_POINT('',(0.613162403458,20.996212241031));
#219 = CARTESIAN_POINT('',(0.74373211403,20.996975992316));
#220 = CARTESIAN_POINT('',(1.003517828629,20.998405526501));
#221 = CARTESIAN_POINT('',(1.134511234192,20.999088705998));
#222 = CARTESIAN_POINT('',(1.269633042523,20.999681261218));
#223 = CARTESIAN_POINT('',(1.407215729433,21.000071455662));
#224 = CARTESIAN_POINT('',(1.545996330565,21.000182725977));
#225 = CARTESIAN_POINT('',(1.684815854718,21.000024099339));
#226 = CARTESIAN_POINT('',(1.960047017792,20.999281327118));
#227 = CARTESIAN_POINT('',(2.092940275696,20.998704790538));
#228 = CARTESIAN_POINT('',(2.221692695309,20.997996409499));
#229 = CARTESIAN_POINT('',(2.346781075966,20.997245151713));
#230 = CARTESIAN_POINT('',(2.468491847852,20.996530497571));
#231 = CARTESIAN_POINT('',(2.586889827488,20.995909476404));
#232 = CARTESIAN_POINT('',(2.837772203267,20.994826546558));
#233 = CARTESIAN_POINT('',(2.972102419529,20.994400819367));
#234 = CARTESIAN_POINT('',(3.10539358689,20.994197848692));
#235 = CARTESIAN_POINT('',(3.238302447398,20.994247434637));
#236 = CARTESIAN_POINT('',(3.371663408132,20.994541814424));
#237 = CARTESIAN_POINT('',(3.506465338477,20.995046469321));
#238 = CARTESIAN_POINT('',(3.751357216375,20.996204805052));
#239 = CARTESIAN_POINT('',(3.86171543479,20.996807143976));
#240 = CARTESIAN_POINT('',(3.97507000746,20.997474825012));
#241 = CARTESIAN_POINT('',(4.091426408162,20.998158498771));
#242 = CARTESIAN_POINT('',(4.210944331802,20.998793482416));
#243 = CARTESIAN_POINT('',(4.333949631031,20.999310503917));
#244 = CARTESIAN_POINT('',(4.588332010254,20.999997011079));
#245 = CARTESIAN_POINT('',(4.717239396401,21.000159325364));
#246 = CARTESIAN_POINT('',(4.846363385104,21.000091992541));
#247 = CARTESIAN_POINT('',(4.97462341843,20.999783627669));
#248 = CARTESIAN_POINT('',(5.100886278374,20.999286974123));
#249 = CARTESIAN_POINT('',(5.223712504611,20.998687913302));
#250 = CARTESIAN_POINT('',(5.487689489459,20.997281503801));
#251 = CARTESIAN_POINT('',(5.628206934315,20.996445574804));
#252 = CARTESIAN_POINT('',(5.764043217215,20.995671756941));
#253 = CARTESIAN_POINT('',(5.89637080517,20.995045195943));
#254 = CARTESIAN_POINT('',(6.02630608269,20.994613295498));
#255 = CARTESIAN_POINT('',(6.15484391884,20.994398002859));
#256 = CARTESIAN_POINT('',(6.28318530718,20.994398002859));
#257 = ( GEOMETRIC_REPRESENTATION_CONTEXT(2) 
PARAMETRIC_REPRESENTATION_CONTEXT() REPRESENTATION_CONTEXT('2D SPACE',''
  ) );
#258 = FACE_BOUND('',#259,.F.);
#259 = EDGE_LOOP('',(#260));
#260 = ORIENTED_EDGE('',*,*,#261,.T.);
#261 = EDGE_CURVE('',#262,#262,#264,.T.);
#262 = VERTEX_POINT('',#263);
#263 = CARTESIAN_POINT('',(-106.1627074396,-19.83631893974,3.6));
#264 = SURFACE_CURVE('',#265,(#310,#358),.PCURVE_S1.);
#265 = B_SPLINE_CURVE_WITH_KNOTS('',7,(#266,#267,#268,#269,#270,#271,
    #272,#273,#274,#275,#276,#277,#278,#279,#280,#281,#282,#283,#284,
    #285,#286,#287,#288,#289,#290,#291,#292,#293,#294,#295,#296,#297,
    #298,#299,#300,#301,#302,#303,#304,#305,#306,#307,#308,#309),
  .UNSPECIFIED.,.T.,.F.,(8,6,6,6,6,6,6,8),(0.,0.150225976661,
    0.287141955993,0.424671573208,0.58748841123,0.714059742873,
    0.840788905485,1.),.UNSPECIFIED.);
#266 = CARTESIAN_POINT('',(-106.1627074396,-19.83631893974,3.6));
#267 = CARTESIAN_POINT('',(-106.1627074396,-19.83631893974,
    3.732525132099));
#268 = CARTESIAN_POINT('',(-106.1661288321,-19.81800782765,
    3.865180583456));
#269 = CARTESIAN_POINT('',(-106.1729841543,-19.78131878273,
    3.995935266545));
#270 = CARTESIAN_POINT('',(-106.1833145164,-19.72592062419,
    4.122574020921));
#271 = CARTESIAN_POINT('',(-106.1971543366,-19.65140866024,
    4.242449764863));
#272 = CARTESIAN_POINT('',(-106.2144994621,-19.55743783376,
    4.352266358413));
#273 = CARTESIAN_POINT('',(-106.2541420314,-19.34084601048,
    4.534419369761));
#274 = CARTESIAN_POINT('',(-106.2762736406,-19.21926569148,
    4.611095164928));
#275 = CARTESIAN_POINT('',(-106.3010987105,-19.0818881137,4.670173374635
    ));
#276 = CARTESIAN_POINT('',(-106.3276543616,-18.93353057231,
    4.706550159927));
#277 = CARTESIAN_POINT('',(-106.3547884468,-18.78028630833,4.71754396327
    ));
#278 = CARTESIAN_POINT('',(-106.3813604565,-18.6286754589,4.703003267738
    ));
#279 = CARTESIAN_POINT('',(-106.4315500286,-18.33975879636,4.62771134016
    ));
#280 = CARTESIAN_POINT('',(-106.454514771,-18.20619912832,4.56771185266)
  );
#281 = CARTESIAN_POINT('',(-106.4748754154,-18.08664877191,
    4.489474245679));
#282 = CARTESIAN_POINT('',(-106.4924118462,-17.98286840979,
    4.396785727568));
#283 = CARTESIAN_POINT('',(-106.5070207737,-17.89590153566,4.29333003125
    ));
#284 = CARTESIAN_POINT('',(-106.5186995645,-17.82609150347,
    4.182698260968));
#285 = CARTESIAN_POINT('',(-106.5380371943,-17.71018601053,
    3.932992584318));
#286 = CARTESIAN_POINT('',(-106.5448133596,-17.6693048023,3.789184993889
    ));
#287 = CARTESIAN_POINT('',(-106.5478250707,-17.65105567819,
    3.640844545137));
#288 = CARTESIAN_POINT('',(-106.5470873421,-17.65552509934,
    3.491559194772));
#289 = CARTESIAN_POINT('',(-106.542624331,-17.68253135837,3.344560868905
    ));
#290 = CARTESIAN_POINT('',(-106.5344238933,-17.73194454368,
    3.202884308827));
#291 = CARTESIAN_POINT('',(-106.5130293838,-17.85994942601,
    2.966823881487));
#292 = CARTESIAN_POINT('',(-106.5012269222,-17.9303532434,2.867539379994
    ));
#293 = CARTESIAN_POINT('',(-106.4869126754,-18.015378393,2.77516433789)
  );
#294 = CARTESIAN_POINT('',(-106.470111478,-18.11459983832,2.692676790429
    ));
#295 = CARTESIAN_POINT('',(-106.4509312001,-18.22703332493,
    2.623063139698));
#296 = CARTESIAN_POINT('',(-106.4295785345,-18.35110771743,
    2.569331121374));
#297 = CARTESIAN_POINT('',(-106.3831908267,-18.61813891837,
    2.499742563669));
#298 = CARTESIAN_POINT('',(-106.3586035317,-18.75851512793,
    2.484612516131));
#299 = CARTESIAN_POINT('',(-106.3334339933,-18.90087091939,
    2.491412906484));
#300 = CARTESIAN_POINT('',(-106.3086184237,-19.03983120557,
    2.520260623148));
#301 = CARTESIAN_POINT('',(-106.2851135718,-19.17027373129,
    2.569232524451));
#302 = CARTESIAN_POINT('',(-106.2637501116,-19.28798208077,
    2.634436572839));
#303 = CARTESIAN_POINT('',(-106.2215719767,-19.51908698078,
    2.805114529342));
#304 = CARTESIAN_POINT('',(-106.2018640384,-19.62604232958,
    2.918396725319));
#305 = CARTESIAN_POINT('',(-106.1861235487,-19.71085484328,
    3.044184811686));
#306 = CARTESIAN_POINT('',(-106.1743773455,-19.77386265112,
    3.178304741318));
#307 = CARTESIAN_POINT('',(-106.1665900405,-19.81553943681,
    3.317432133856));
#308 = CARTESIAN_POINT('',(-106.1627074396,-19.83631893974,
    3.458824472827));
#309 = CARTESIAN_POINT('',(-106.1627074396,-19.83631893974,3.6));
#310 = PCURVE('',#31,#311);
#311 = DEFINITIONAL_REPRESENTATION('',(#312),#357);
#312 = B_SPLINE_CURVE_WITH_KNOTS('',7,(#313,#314,#315,#316,#317,#318,
    #319,#320,#321,#322,#323,#324,#325,#326,#327,#328,#329,#330,#331,
    #332,#333,#334,#335,#336,#337,#338,#339,#340,#341,#342,#343,#344,
    #345,#346,#347,#348,#349,#350,#351,#352,#353,#354,#355,#356),
  .UNSPECIFIED.,.F.,.F.,(8,6,6,6,6,6,6,8),(0.,0.150225976661,
    0.287141955993,0.424671573208,0.58748841123,0.714059742873,
    0.840788905485,1.),.UNSPECIFIED.);
#313 = CARTESIAN_POINT('',(-3.326310940081,-3.6));
#314 = CARTESIAN_POINT('',(-3.326310940081,-3.732525132099));
#315 = CARTESIAN_POINT('',(-3.326138458507,-3.865180583456));
#316 = CARTESIAN_POINT('',(-3.32579286586,-3.995935266545));
#317 = CARTESIAN_POINT('',(-3.325271077879,-4.122574020921));
#318 = CARTESIAN_POINT('',(-3.324569352681,-4.242449764863));
#319 = CARTESIAN_POINT('',(-3.323684555529,-4.352266358413));
#320 = CARTESIAN_POINT('',(-3.321645761018,-4.534419369761));
#321 = CARTESIAN_POINT('',(-3.320501518576,-4.611095164928));
#322 = CARTESIAN_POINT('',(-3.319208903683,-4.670173374635));
#323 = CARTESIAN_POINT('',(-3.317813393778,-4.706550159927));
#324 = CARTESIAN_POINT('',(-3.316372397742,-4.71754396327));
#325 = CARTESIAN_POINT('',(-3.314947197456,-4.703003267738));
#326 = CARTESIAN_POINT('',(-3.312231978589,-4.62771134016));
#327 = CARTESIAN_POINT('',(-3.310977169259,-4.56771185266));
#328 = CARTESIAN_POINT('',(-3.30985428447,-4.489474245679));
#329 = CARTESIAN_POINT('',(-3.308879733921,-4.396785727568));
#330 = CARTESIAN_POINT('',(-3.308063203111,-4.29333003125));
#331 = CARTESIAN_POINT('',(-3.307407831079,-4.182698260968));
#332 = CARTESIAN_POINT('',(-3.306319798094,-3.932992584318));
#333 = CARTESIAN_POINT('',(-3.30593610399,-3.789184993889));
#334 = CARTESIAN_POINT('',(-3.305764844925,-3.640844545137));
#335 = CARTESIAN_POINT('',(-3.305806788426,-3.491559194772));
#336 = CARTESIAN_POINT('',(-3.306060238043,-3.344560868905));
#337 = CARTESIAN_POINT('',(-3.306524024972,-3.202884308827));
#338 = CARTESIAN_POINT('',(-3.307725696152,-2.966823881487));
#339 = CARTESIAN_POINT('',(-3.308386679781,-2.867539379994));
#340 = CARTESIAN_POINT('',(-3.309185028178,-2.77516433789));
#341 = CARTESIAN_POINT('',(-3.310116822316,-2.692676790429));
#342 = CARTESIAN_POINT('',(-3.311172911089,-2.623063139698));
#343 = CARTESIAN_POINT('',(-3.312338634966,-2.569331121374));
#344 = CARTESIAN_POINT('',(-3.314848175775,-2.499742563669));
#345 = CARTESIAN_POINT('',(-3.31616774127,-2.484612516131));
#346 = CARTESIAN_POINT('',(-3.317506291654,-2.491412906484));
#347 = CARTESIAN_POINT('',(-3.318813313242,-2.520260623148));
#348 = CARTESIAN_POINT('',(-3.320040564603,-2.569232524451));
#349 = CARTESIAN_POINT('',(-3.32114826148,-2.634436572839));
#350 = CARTESIAN_POINT('',(-3.323323467623,-2.805114529342));
#351 = CARTESIAN_POINT('',(-3.324330465396,-2.918396725319));
#352 = CARTESIAN_POINT('',(-3.325129175865,-3.044184811687));
#353 = CARTESIAN_POINT('',(-3.325722632763,-3.178304741318));
#354 = CARTESIAN_POINT('',(-3.3261152075,-3.317432133856));
#355 = CARTESIAN_POINT('',(-3.326310940081,-3.458824472827));
#356 = CARTESIAN_POINT('',(-3.326310940081,-3.6));
#357 = ( GEOMETRIC_REPRESENTATION_CONTEXT(2) 
PARAMETRIC_REPRESENTATION_CONTEXT() REPRESENTATION_CONTEXT('2D SPACE',''
  ) );
#358 = PCURVE('',#359,#364);
#359 = CYLINDRICAL_SURFACE('',#360,1.1);
#360 = AXIS2_PLACEMENT_3D('',#361,#362,#363);
#361 = CARTESIAN_POINT('',(-85.67827451206,-15.10739145702,3.6));
#362 = DIRECTION('',(-0.984807753012,-0.173648177667,0.));
#363 = DIRECTION('',(0.173648177667,-0.984807753012,0.));
#364 = DEFINITIONAL_REPRESENTATION('',(#365),#410);
#365 = B_SPLINE_CURVE_WITH_KNOTS('',7,(#366,#367,#368,#369,#370,#371,
    #372,#373,#374,#375,#376,#377,#378,#379,#380,#381,#382,#383,#384,
    #385,#386,#387,#388,#389,#390,#391,#392,#393,#394,#395,#396,#397,
    #398,#399,#400,#401,#402,#403,#404,#405,#406,#407,#408,#409),
  .UNSPECIFIED.,.F.,.F.,(8,6,6,6,6,6,6,8),(0.,0.150225976661,
    0.287141955993,0.424671573208,0.58748841123,0.714059742873,
    0.840788905485,1.),.UNSPECIFIED.);
#366 = CARTESIAN_POINT('',(0.,20.994398002859));
#367 = CARTESIAN_POINT('',(0.120477392817,20.994398002859));
#368 = CARTESIAN_POINT('',(0.241072881407,20.99458772549));
#369 = CARTESIAN_POINT('',(0.362798720285,20.994967914114));
#370 = CARTESIAN_POINT('',(0.4865154668,20.995521545514));
#371 = CARTESIAN_POINT('',(0.613162403458,20.996212241031));
#372 = CARTESIAN_POINT('',(0.74373211403,20.996975992316));
#373 = CARTESIAN_POINT('',(1.003517828629,20.998405526501));
#374 = CARTESIAN_POINT('',(1.134511234192,20.999088705998));
#375 = CARTESIAN_POINT('',(1.269633042523,20.999681261218));
#376 = CARTESIAN_POINT('',(1.407215729433,21.000071455662));
#377 = CARTESIAN_POINT('',(1.545996330565,21.000182725977));
#378 = CARTESIAN_POINT('',(1.684815854718,21.000024099339));
#379 = CARTESIAN_POINT('',(1.960047017792,20.999281327118));
#380 = CARTESIAN_POINT('',(2.092940275696,20.998704790538));
#381 = CARTESIAN_POINT('',(2.221692695309,20.997996409499));
#382 = CARTESIAN_POINT('',(2.346781075967,20.997245151714));
#383 = CARTESIAN_POINT('',(2.468491847851,20.996530497571));
#384 = CARTESIAN_POINT('',(2.586889827488,20.995909476404));
#385 = CARTESIAN_POINT('',(2.837772203267,20.994826546558));
#386 = CARTESIAN_POINT('',(2.972102419529,20.994400819367));
#387 = CARTESIAN_POINT('',(3.10539358689,20.994197848692));
#388 = CARTESIAN_POINT('',(3.238302447398,20.994247434637));
#389 = CARTESIAN_POINT('',(3.371663408132,20.994541814424));
#390 = CARTESIAN_POINT('',(3.506465338477,20.995046469321));
#391 = CARTESIAN_POINT('',(3.751357216375,20.996204805052));
#392 = CARTESIAN_POINT('',(3.86171543479,20.996807143976));
#393 = CARTESIAN_POINT('',(3.97507000746,20.997474825012));
#394 = CARTESIAN_POINT('',(4.091426408163,20.998158498771));
#395 = CARTESIAN_POINT('',(4.210944331802,20.998793482416));
#396 = CARTESIAN_POINT('',(4.333949631031,20.999310503917));
#397 = CARTESIAN_POINT('',(4.588332010254,20.999997011079));
#398 = CARTESIAN_POINT('',(4.717239396401,21.000159325364));
#399 = CARTESIAN_POINT('',(4.846363385104,21.000091992541));
#400 = CARTESIAN_POINT('',(4.974623418431,20.999783627669));
#401 = CARTESIAN_POINT('',(5.100886278374,20.999286974123));
#402 = CARTESIAN_POINT('',(5.223712504611,20.998687913302));
#403 = CARTESIAN_POINT('',(5.48768948946,20.997281503801));
#404 = CARTESIAN_POINT('',(5.628206934315,20.996445574804));
#405 = CARTESIAN_POINT('',(5.764043217215,20.995671756941));
#406 = CARTESIAN_POINT('',(5.896370805171,20.995045195943));
#407 = CARTESIAN_POINT('',(6.026306082689,20.994613295498));
#408 = CARTESIAN_POINT('',(6.15484391884,20.994398002859));
#409 = CARTESIAN_POINT('',(6.28318530718,20.994398002859));
#410 = ( GEOMETRIC_REPRESENTATION_CONTEXT(2) 
PARAMETRIC_REPRESENTATION_CONTEXT() REPRESENTATION_CONTEXT('2D SPACE',''
  ) );
#411 = FACE_BOUND('',#412,.F.);
#412 = EDGE_LOOP('',(#413));
#413 = ORIENTED_EDGE('',*,*,#414,.T.);
#414 = EDGE_CURVE('',#415,#415,#417,.T.);
#415 = VERTEX_POINT('',#416);
#416 = CARTESIAN_POINT('',(-17.66974188312,106.54473343053,3.6));
#417 = SURFACE_CURVE('',#418,(#463,#511),.PCURVE_S1.);
#418 = B_SPLINE_CURVE_WITH_KNOTS('',7,(#419,#420,#421,#422,#423,#424,
    #425,#426,#427,#428,#429,#430,#431,#432,#433,#434,#435,#436,#437,
    #438,#439,#440,#441,#442,#443,#444,#445,#446,#447,#448,#449,#450,
    #451,#452,#453,#454,#455,#456,#457,#458,#459,#460,#461,#462),
  .UNSPECIFIED.,.T.,.F.,(8,6,6,6,6,6,6,8),(0.,0.15022597664,
    0.287141955953,0.424671573149,0.587488411153,0.714059742804,
    0.840788905447,1.),.UNSPECIFIED.);
#419 = CARTESIAN_POINT('',(-17.66974188312,106.54473343053,3.6));
#420 = CARTESIAN_POINT('',(-17.66974188312,106.54473343053,
    3.467474867901));
#421 = CARTESIAN_POINT('',(-17.68811888519,106.54168571865,
    3.334819416544));
#422 = CARTESIAN_POINT('',(-17.72493996823,106.5355792219,3.204064733456
    ));
#423 = CARTESIAN_POINT('',(-17.78053040093,106.5263393008,3.077425979078
    ));
#424 = CARTESIAN_POINT('',(-17.85528224093,106.51385988516,
    2.957550235137));
#425 = CARTESIAN_POINT('',(-17.94951831544,106.49801905604,
    2.847733641587));
#426 = CARTESIAN_POINT('',(-18.16660661073,106.46119211944,
    2.665580630239));
#427 = CARTESIAN_POINT('',(-18.28842419549,106.44040611117,
    2.588904835072));
#428 = CARTESIAN_POINT('',(-18.42600756553,106.41674814727,
    2.529826625365));
#429 = CARTESIAN_POINT('',(-18.57450062003,106.39096102914,
    2.493449840073));
#430 = CARTESIAN_POINT('',(-18.72778352778,106.36404610366,2.48245603673
    ));
#431 = CARTESIAN_POINT('',(-18.87933928677,106.33716166056,
    2.496996732262));
#432 = CARTESIAN_POINT('',(-19.16799798721,106.28550911277,2.57228865984
    ));
#433 = CARTESIAN_POINT('',(-19.30135742621,106.26140881496,2.63228814734
    ));
#434 = CARTESIAN_POINT('',(-19.42066176446,106.23965293225,
    2.710525754321));
#435 = CARTESIAN_POINT('',(-19.52418121749,106.22063681251,
    2.803214272432));
#436 = CARTESIAN_POINT('',(-19.61089989484,106.20462029113,2.90666996875
    ));
#437 = CARTESIAN_POINT('',(-19.68049424864,106.19171832743,
    3.017301739032));
#438 = CARTESIAN_POINT('',(-19.79602364399,106.17024774218,
    3.267007415687));
#439 = CARTESIAN_POINT('',(-19.83675699872,106.162633058,3.410815006117)
  );
#440 = CARTESIAN_POINT('',(-19.85493563185,106.15922157268,
    3.559155454865));
#441 = CARTESIAN_POINT('',(-19.85048343172,106.16005696658,
    3.708440805226));
#442 = CARTESIAN_POINT('',(-19.82357940972,106.16509979262,
    3.855439131089));
#443 = CARTESIAN_POINT('',(-19.77434148922,106.17429420649,
    3.997115691169));
#444 = CARTESIAN_POINT('',(-19.64673889266,106.197970192,4.233176118534)
  );
#445 = CARTESIAN_POINT('',(-19.57654426538,106.21095902966,
    4.332460620003));
#446 = CARTESIAN_POINT('',(-19.49175099899,106.2265883514,4.424835662093
    ));
#447 = CARTESIAN_POINT('',(-19.39276699108,106.24473612318,
    4.507323209564));
#448 = CARTESIAN_POINT('',(-19.28055403195,106.26516707475,
    4.576936860309));
#449 = CARTESIAN_POINT('',(-19.15665919912,106.28753807394,
    4.630668878632));
#450 = CARTESIAN_POINT('',(-18.88986641963,106.33527793687,
    4.700257436331));
#451 = CARTESIAN_POINT('',(-18.74954658124,106.36018492855,
    4.715387483869));
#452 = CARTESIAN_POINT('',(-18.60716740533,106.38522184721,
    4.708587093516));
#453 = CARTESIAN_POINT('',(-18.46810002516,106.40943005657,
    4.679739376852));
#454 = CARTESIAN_POINT('',(-18.33748501347,106.43195669199,
    4.630767475549));
#455 = CARTESIAN_POINT('',(-18.21956861235,106.45214023268,
    4.565563427161));
#456 = CARTESIAN_POINT('',(-17.98797527144,106.4915482816,4.394885470658
    ));
#457 = CARTESIAN_POINT('',(-17.88072960755,106.50960976116,4.28160327468
    ));
#458 = CARTESIAN_POINT('',(-17.79564834973,106.52382612721,
    4.155815188314));
#459 = CARTESIAN_POINT('',(-17.73242293954,106.53433824618,
    4.021695258682));
#460 = CARTESIAN_POINT('',(-17.6905961564,106.54127487336,3.882567866144
    ));
#461 = CARTESIAN_POINT('',(-17.66974188312,106.54473343053,
    3.741175527173));
#462 = CARTESIAN_POINT('',(-17.66974188312,106.54473343053,3.6));
#463 = PCURVE('',#31,#464);
#464 = DEFINITIONAL_REPRESENTATION('',(#465),#510);
#465 = B_SPLINE_CURVE_WITH_KNOTS('',7,(#466,#467,#468,#469,#470,#471,
    #472,#473,#474,#475,#476,#477,#478,#479,#480,#481,#482,#483,#484,
    #485,#486,#487,#488,#489,#490,#491,#492,#493,#494,#495,#496,#497,
    #498,#499,#500,#501,#502,#503,#504,#505,#506,#507,#508,#509),
  .UNSPECIFIED.,.T.,.F.,(8,6,6,6,6,6,6,8),(0.,0.15022597664,
    0.287141955953,0.424671573149,0.587488411153,0.714059742804,
    0.840788905447,1.),.UNSPECIFIED.);
#466 = CARTESIAN_POINT('',(-1.735143890702,-3.6));
#467 = CARTESIAN_POINT('',(-1.735143890702,-3.467474867901));
#468 = CARTESIAN_POINT('',(-1.735316372277,-3.334819416544));
#469 = CARTESIAN_POINT('',(-1.735661964924,-3.204064733456));
#470 = CARTESIAN_POINT('',(-1.736183752904,-3.077425979078));
#471 = CARTESIAN_POINT('',(-1.736885478103,-2.957550235137));
#472 = CARTESIAN_POINT('',(-1.737770275255,-2.847733641587));
#473 = CARTESIAN_POINT('',(-1.739809069766,-2.665580630239));
#474 = CARTESIAN_POINT('',(-1.740953312207,-2.588904835072));
#475 = CARTESIAN_POINT('',(-1.742245927101,-2.529826625365));
#476 = CARTESIAN_POINT('',(-1.743641437006,-2.493449840073));
#477 = CARTESIAN_POINT('',(-1.745082433042,-2.48245603673));
#478 = CARTESIAN_POINT('',(-1.746507633327,-2.496996732262));
#479 = CARTESIAN_POINT('',(-1.749222852195,-2.57228865984));
#480 = CARTESIAN_POINT('',(-1.750477661525,-2.63228814734));
#481 = CARTESIAN_POINT('',(-1.751600546314,-2.710525754321));
#482 = CARTESIAN_POINT('',(-1.752575096863,-2.803214272432));
#483 = CARTESIAN_POINT('',(-1.753391627673,-2.90666996875));
#484 = CARTESIAN_POINT('',(-1.754046999704,-3.017301739032));
#485 = CARTESIAN_POINT('',(-1.75513503269,-3.267007415687));
#486 = CARTESIAN_POINT('',(-1.755518726794,-3.410815006117));
#487 = CARTESIAN_POINT('',(-1.755689985859,-3.559155454865));
#488 = CARTESIAN_POINT('',(-1.755648042358,-3.708440805226));
#489 = CARTESIAN_POINT('',(-1.75539459274,-3.855439131089));
#490 = CARTESIAN_POINT('',(-1.754930805812,-3.997115691169));
#491 = CARTESIAN_POINT('',(-1.753729134631,-4.233176118534));
#492 = CARTESIAN_POINT('',(-1.753068151003,-4.332460620003));
#493 = CARTESIAN_POINT('',(-1.752269802606,-4.424835662093));
#494 = CARTESIAN_POINT('',(-1.751338008468,-4.507323209564));
#495 = CARTESIAN_POINT('',(-1.750281919695,-4.576936860309));
#496 = CARTESIAN_POINT('',(-1.749116195817,-4.630668878632));
#497 = CARTESIAN_POINT('',(-1.746606655008,-4.700257436331));
#498 = CARTESIAN_POINT('',(-1.745287089514,-4.715387483869));
#499 = CARTESIAN_POINT('',(-1.74394853913,-4.708587093516));
#500 = CARTESIAN_POINT('',(-1.742641517541,-4.679739376852));
#501 = CARTESIAN_POINT('',(-1.741414266181,-4.630767475549));
#502 = CARTESIAN_POINT('',(-1.740306569304,-4.565563427161));
#503 = CARTESIAN_POINT('',(-1.73813136316,-4.394885470658));
#504 = CARTESIAN_POINT('',(-1.737124365387,-4.28160327468));
#505 = CARTESIAN_POINT('',(-1.736325654918,-4.155815188314));
#506 = CARTESIAN_POINT('',(-1.73573219802,-4.021695258682));
#507 = CARTESIAN_POINT('',(-1.735339623284,-3.882567866144));
#508 = CARTESIAN_POINT('',(-1.735143890702,-3.741175527173));
#509 = CARTESIAN_POINT('',(-1.735143890702,-3.6));
#510 = ( GEOMETRIC_REPRESENTATION_CONTEXT(2) 
PARAMETRIC_REPRESENTATION_CONTEXT() REPRESENTATION_CONTEXT('2D SPACE',''
  ) );
#511 = PCURVE('',#512,#517);
#512 = CYLINDRICAL_SURFACE('',#513,1.1);
#513 = AXIS2_PLACEMENT_3D('',#514,#515,#516);
#514 = CARTESIAN_POINT('',(-15.10739145702,85.678274512062,3.6));
#515 = DIRECTION('',(-0.173648177667,0.984807753012,0.));
#516 = DIRECTION('',(0.984807753012,0.173648177667,0.));
#517 = DEFINITIONAL_REPRESENTATION('',(#518),#563);
#518 = B_SPLINE_CURVE_WITH_KNOTS('',7,(#519,#520,#521,#522,#523,#524,
    #525,#526,#527,#528,#529,#530,#531,#532,#533,#534,#535,#536,#537,
    #538,#539,#540,#541,#542,#543,#544,#545,#546,#547,#548,#549,#550,
    #551,#552,#553,#554,#555,#556,#557,#558,#559,#560,#561,#562),
  .UNSPECIFIED.,.F.,.F.,(8,6,6,6,6,6,6,8),(0.,0.15022597664,
    0.287141955953,0.424671573149,0.587488411153,0.714059742804,
    0.840788905447,1.),.UNSPECIFIED.);
#519 = CARTESIAN_POINT('',(0.,20.994398002859));
#520 = CARTESIAN_POINT('',(0.120477392817,20.994398002859));
#521 = CARTESIAN_POINT('',(0.241072881407,20.99458772549));
#522 = CARTESIAN_POINT('',(0.362798720284,20.994967914114));
#523 = CARTESIAN_POINT('',(0.4865154668,20.995521545515));
#524 = CARTESIAN_POINT('',(0.613162403458,20.996212241031));
#525 = CARTESIAN_POINT('',(0.74373211403,20.996975992316));
#526 = CARTESIAN_POINT('',(1.003517828629,20.998405526501));
#527 = CARTESIAN_POINT('',(1.134511234192,20.999088705998));
#528 = CARTESIAN_POINT('',(1.269633042523,20.999681261218));
#529 = CARTESIAN_POINT('',(1.407215729433,21.000071455662));
#530 = CARTESIAN_POINT('',(1.545996330565,21.000182725977));
#531 = CARTESIAN_POINT('',(1.684815854718,21.000024099339));
#532 = CARTESIAN_POINT('',(1.960047017792,20.999281327118));
#533 = CARTESIAN_POINT('',(2.092940275696,20.998704790538));
#534 = CARTESIAN_POINT('',(2.221692695309,20.997996409499));
#535 = CARTESIAN_POINT('',(2.346781075967,20.997245151713));
#536 = CARTESIAN_POINT('',(2.468491847851,20.996530497571));
#537 = CARTESIAN_POINT('',(2.586889827489,20.995909476404));
#538 = CARTESIAN_POINT('',(2.837772203271,20.994826546558));
#539 = CARTESIAN_POINT('',(2.972102419534,20.994400819367));
#540 = CARTESIAN_POINT('',(3.105393586891,20.994197848691));
#541 = CARTESIAN_POINT('',(3.238302447397,20.994247434637));
#542 = CARTESIAN_POINT('',(3.371663408127,20.994541814424));
#543 = CARTESIAN_POINT('',(3.506465338472,20.995046469321));
#544 = CARTESIAN_POINT('',(3.751357216397,20.996204805052));
#545 = CARTESIAN_POINT('',(3.861715434789,20.996807143976));
#546 = CARTESIAN_POINT('',(3.975070007443,20.997474825012));
#547 = CARTESIAN_POINT('',(4.091426408147,20.998158498771));
#548 = CARTESIAN_POINT('',(4.210944331804,20.998793482416));
#549 = CARTESIAN_POINT('',(4.333949631053,20.999310503917));
#550 = CARTESIAN_POINT('',(4.588332010254,20.999997011079));
#551 = CARTESIAN_POINT('',(4.717239396401,21.000159325364));
#552 = CARTESIAN_POINT('',(4.846363385105,21.000091992541));
#553 = CARTESIAN_POINT('',(4.97462341843,20.999783627669));
#554 = CARTESIAN_POINT('',(5.100886278374,20.999286974123));
#555 = CARTESIAN_POINT('',(5.223712504611,20.998687913302));
#556 = CARTESIAN_POINT('',(5.487689489459,20.997281503801));
#557 = CARTESIAN_POINT('',(5.628206934316,20.996445574804));
#558 = CARTESIAN_POINT('',(5.764043217215,20.995671756941));
#559 = CARTESIAN_POINT('',(5.896370805171,20.995045195943));
#560 = CARTESIAN_POINT('',(6.026306082689,20.994613295498));
#561 = CARTESIAN_POINT('',(6.15484391884,20.994398002859));
#562 = CARTESIAN_POINT('',(6.28318530718,20.994398002859));
#563 = ( GEOMETRIC_REPRESENTATION_CONTEXT(2) 
PARAMETRIC_REPRESENTATION_CONTEXT() REPRESENTATION_CONTEXT('2D SPACE',''
  ) );
#564 = FACE_BOUND('',#565,.F.);
#565 = EDGE_LOOP('',(#566));
#566 = ORIENTED_EDGE('',*,*,#567,.T.);
#567 = EDGE_CURVE('',#568,#568,#570,.T.);
#568 = VERTEX_POINT('',#569);
#569 = CARTESIAN_POINT('',(17.66974188312,-106.5447334305,3.6));
#570 = SURFACE_CURVE('',#571,(#616,#664),.PCURVE_S1.);
#571 = B_SPLINE_CURVE_WITH_KNOTS('',7,(#572,#573,#574,#575,#576,#577,
    #578,#579,#580,#581,#582,#583,#584,#585,#586,#587,#588,#589,#590,
    #591,#592,#593,#594,#595,#596,#597,#598,#599,#600,#601,#602,#603,
    #604,#605,#606,#607,#608,#609,#610,#611,#612,#613,#614,#615),
  .UNSPECIFIED.,.T.,.F.,(8,6,6,6,6,6,6,8),(0.,0.150225976661,
    0.287141955993,0.424671573208,0.58748841123,0.714059742873,
    0.840788905485,1.),.UNSPECIFIED.);
#572 = CARTESIAN_POINT('',(17.66974188312,-106.5447334305,3.6));
#573 = CARTESIAN_POINT('',(17.66974188312,-106.5447334305,3.467474867901
    ));
#574 = CARTESIAN_POINT('',(17.688118885195,-106.5416857186,
    3.334819416544));
#575 = CARTESIAN_POINT('',(17.724939968233,-106.5355792219,
    3.204064733455));
#576 = CARTESIAN_POINT('',(17.780530400938,-106.5263393008,
    3.077425979078));
#577 = CARTESIAN_POINT('',(17.85528224093,-106.5138598851,2.957550235137
    ));
#578 = CARTESIAN_POINT('',(17.949518315446,-106.498019056,2.847733641587
    ));
#579 = CARTESIAN_POINT('',(18.166606610737,-106.4611921194,
    2.665580630239));
#580 = CARTESIAN_POINT('',(18.288424195489,-106.4404061111,
    2.588904835072));
#581 = CARTESIAN_POINT('',(18.426007565539,-106.4167481472,
    2.529826625365));
#582 = CARTESIAN_POINT('',(18.574500620037,-106.3909610291,
    2.493449840073));
#583 = CARTESIAN_POINT('',(18.727783527784,-106.3640461036,2.48245603673
    ));
#584 = CARTESIAN_POINT('',(18.87933928677,-106.3371616605,2.496996732262
    ));
#585 = CARTESIAN_POINT('',(19.167997987215,-106.2855091127,2.57228865984
    ));
#586 = CARTESIAN_POINT('',(19.301357426211,-106.2614088149,2.63228814734
    ));
#587 = CARTESIAN_POINT('',(19.420661764466,-106.2396529322,
    2.710525754321));
#588 = CARTESIAN_POINT('',(19.524181217496,-106.2206368125,
    2.803214272432));
#589 = CARTESIAN_POINT('',(19.610899894841,-106.2046202911,2.90666996875
    ));
#590 = CARTESIAN_POINT('',(19.680494248641,-106.1917183274,
    3.017301739032));
#591 = CARTESIAN_POINT('',(19.796023643995,-106.1702477421,
    3.267007415682));
#592 = CARTESIAN_POINT('',(19.836756998722,-106.162633058,3.410815006112
    ));
#593 = CARTESIAN_POINT('',(19.854935631858,-106.1592215726,
    3.559155454862));
#594 = CARTESIAN_POINT('',(19.850483431726,-106.1600569665,
    3.708440805229));
#595 = CARTESIAN_POINT('',(19.823579409728,-106.1650997926,
    3.855439131094));
#596 = CARTESIAN_POINT('',(19.774341489226,-106.1742942064,
    3.997115691173));
#597 = CARTESIAN_POINT('',(19.646738892672,-106.197970192,4.233176118513
    ));
#598 = CARTESIAN_POINT('',(19.57654426539,-106.2109590296,4.332460620006
    ));
#599 = CARTESIAN_POINT('',(19.491750998982,-106.2265883514,4.42483566211
    ));
#600 = CARTESIAN_POINT('',(19.392766991064,-106.2447361231,
    4.507323209571));
#601 = CARTESIAN_POINT('',(19.280554031958,-106.2651670747,
    4.576936860302));
#602 = CARTESIAN_POINT('',(19.156659199143,-106.2875380739,
    4.630668878626));
#603 = CARTESIAN_POINT('',(18.889866419638,-106.3352779368,
    4.700257436331));
#604 = CARTESIAN_POINT('',(18.749546581241,-106.3601849285,
    4.715387483869));
#605 = CARTESIAN_POINT('',(18.607167405337,-106.3852218472,
    4.708587093516));
#606 = CARTESIAN_POINT('',(18.46810002516,-106.4094300565,4.679739376852
    ));
#607 = CARTESIAN_POINT('',(18.337485013478,-106.4319566919,
    4.630767475549));
#608 = CARTESIAN_POINT('',(18.219568612358,-106.4521402326,
    4.565563427161));
#609 = CARTESIAN_POINT('',(17.987975271449,-106.4915482816,
    4.394885470658));
#610 = CARTESIAN_POINT('',(17.880729607552,-106.5096097611,
    4.281603274681));
#611 = CARTESIAN_POINT('',(17.79564834973,-106.5238261272,4.155815188313
    ));
#612 = CARTESIAN_POINT('',(17.732422939547,-106.5343382461,
    4.021695258682));
#613 = CARTESIAN_POINT('',(17.690596156401,-106.5412748733,
    3.882567866144));
#614 = CARTESIAN_POINT('',(17.66974188312,-106.5447334305,3.741175527173
    ));
#615 = CARTESIAN_POINT('',(17.66974188312,-106.5447334305,3.6));
#616 = PCURVE('',#31,#617);
#617 = DEFINITIONAL_REPRESENTATION('',(#618),#663);
#618 = B_SPLINE_CURVE_WITH_KNOTS('',7,(#619,#620,#621,#622,#623,#624,
    #625,#626,#627,#628,#629,#630,#631,#632,#633,#634,#635,#636,#637,
    #638,#639,#640,#641,#642,#643,#644,#645,#646,#647,#648,#649,#650,
    #651,#652,#653,#654,#655,#656,#657,#658,#659,#660,#661,#662),
  .UNSPECIFIED.,.F.,.F.,(8,6,6,6,6,6,6,8),(0.,0.150225976661,
    0.287141955993,0.424671573208,0.58748841123,0.714059742873,
    0.840788905485,1.),.UNSPECIFIED.);
#619 = CARTESIAN_POINT('',(-4.876736544292,-3.6));
#620 = CARTESIAN_POINT('',(-4.876736544292,-3.467474867901));
#621 = CARTESIAN_POINT('',(-4.876909025867,-3.334819416544));
#622 = CARTESIAN_POINT('',(-4.877254618513,-3.204064733455));
#623 = CARTESIAN_POINT('',(-4.877776406494,-3.077425979078));
#624 = CARTESIAN_POINT('',(-4.878478131692,-2.957550235137));
#625 = CARTESIAN_POINT('',(-4.879362928844,-2.847733641587));
#626 = CARTESIAN_POINT('',(-4.881401723356,-2.665580630239));
#627 = CARTESIAN_POINT('',(-4.882545965797,-2.588904835072));
#628 = CARTESIAN_POINT('',(-4.883838580691,-2.529826625365));
#629 = CARTESIAN_POINT('',(-4.885234090595,-2.493449840073));
#630 = CARTESIAN_POINT('',(-4.886675086632,-2.48245603673));
#631 = CARTESIAN_POINT('',(-4.888100286917,-2.496996732262));
#632 = CARTESIAN_POINT('',(-4.890815505784,-2.57228865984));
#633 = CARTESIAN_POINT('',(-4.892070315115,-2.63228814734));
#634 = CARTESIAN_POINT('',(-4.893193199904,-2.710525754321));
#635 = CARTESIAN_POINT('',(-4.894167750453,-2.803214272432));
#636 = CARTESIAN_POINT('',(-4.894984281262,-2.90666996875));
#637 = CARTESIAN_POINT('',(-4.895639653294,-3.017301739032));
#638 = CARTESIAN_POINT('',(-4.896727686279,-3.267007415682));
#639 = CARTESIAN_POINT('',(-4.897111380383,-3.410815006112));
#640 = CARTESIAN_POINT('',(-4.897282639448,-3.559155454862));
#641 = CARTESIAN_POINT('',(-4.897240695947,-3.708440805228));
#642 = CARTESIAN_POINT('',(-4.89698724633,-3.855439131094));
#643 = CARTESIAN_POINT('',(-4.896523459402,-3.997115691173));
#644 = CARTESIAN_POINT('',(-4.895321788221,-4.233176118513));
#645 = CARTESIAN_POINT('',(-4.894660804593,-4.332460620006));
#646 = CARTESIAN_POINT('',(-4.893862456195,-4.42483566211));
#647 = CARTESIAN_POINT('',(-4.892930662058,-4.507323209571));
#648 = CARTESIAN_POINT('',(-4.891874573284,-4.576936860302));
#649 = CARTESIAN_POINT('',(-4.890708849407,-4.630668878626));
#650 = CARTESIAN_POINT('',(-4.888199308598,-4.700257436331));
#651 = CARTESIAN_POINT('',(-4.886879743104,-4.715387483869));
#652 = CARTESIAN_POINT('',(-4.885541192719,-4.708587093516));
#653 = CARTESIAN_POINT('',(-4.884234171131,-4.679739376852));
#654 = CARTESIAN_POINT('',(-4.88300691977,-4.630767475549));
#655 = CARTESIAN_POINT('',(-4.881899222893,-4.565563427161));
#656 = CARTESIAN_POINT('',(-4.87972401675,-4.394885470658));
#657 = CARTESIAN_POINT('',(-4.878717018977,-4.281603274681));
#658 = CARTESIAN_POINT('',(-4.877918308508,-4.155815188313));
#659 = CARTESIAN_POINT('',(-4.87732485161,-4.021695258682));
#660 = CARTESIAN_POINT('',(-4.876932276874,-3.882567866144));
#661 = CARTESIAN_POINT('',(-4.876736544292,-3.741175527173));
#662 = CARTESIAN_POINT('',(-4.876736544292,-3.6));
#663 = ( GEOMETRIC_REPRESENTATION_CONTEXT(2) 
PARAMETRIC_REPRESENTATION_CONTEXT() REPRESENTATION_CONTEXT('2D SPACE',''
  ) );
#664 = PCURVE('',#665,#670);
#665 = CYLINDRICAL_SURFACE('',#666,1.1);
#666 = AXIS2_PLACEMENT_3D('',#667,#668,#669);
#667 = CARTESIAN_POINT('',(15.107391457023,-85.67827451206,3.6));
#668 = DIRECTION('',(0.173648177667,-0.984807753012,0.));
#669 = DIRECTION('',(-0.984807753012,-0.173648177667,0.));
#670 = DEFINITIONAL_REPRESENTATION('',(#671),#716);
#671 = B_SPLINE_CURVE_WITH_KNOTS('',7,(#672,#673,#674,#675,#676,#677,
    #678,#679,#680,#681,#682,#683,#684,#685,#686,#687,#688,#689,#690,
    #691,#692,#693,#694,#695,#696,#697,#698,#699,#700,#701,#702,#703,
    #704,#705,#706,#707,#708,#709,#710,#711,#712,#713,#714,#715),
  .UNSPECIFIED.,.F.,.F.,(8,6,6,6,6,6,6,8),(0.,0.150225976661,
    0.287141955993,0.424671573208,0.58748841123,0.714059742873,
    0.840788905485,1.),.UNSPECIFIED.);
#672 = CARTESIAN_POINT('',(0.,20.994398002859));
#673 = CARTESIAN_POINT('',(0.120477392817,20.994398002859));
#674 = CARTESIAN_POINT('',(0.241072881407,20.99458772549));
#675 = CARTESIAN_POINT('',(0.362798720285,20.994967914113));
#676 = CARTESIAN_POINT('',(0.4865154668,20.995521545515));
#677 = CARTESIAN_POINT('',(0.613162403458,20.996212241031));
#678 = CARTESIAN_POINT('',(0.74373211403,20.996975992316));
#679 = CARTESIAN_POINT('',(1.003517828629,20.998405526501));
#680 = CARTESIAN_POINT('',(1.134511234192,20.999088705998));
#681 = CARTESIAN_POINT('',(1.269633042523,20.999681261218));
#682 = CARTESIAN_POINT('',(1.407215729433,21.000071455662));
#683 = CARTESIAN_POINT('',(1.545996330565,21.000182725977));
#684 = CARTESIAN_POINT('',(1.684815854718,21.000024099339));
#685 = CARTESIAN_POINT('',(1.960047017792,20.999281327118));
#686 = CARTESIAN_POINT('',(2.092940275696,20.998704790538));
#687 = CARTESIAN_POINT('',(2.221692695309,20.997996409499));
#688 = CARTESIAN_POINT('',(2.346781075967,20.997245151714));
#689 = CARTESIAN_POINT('',(2.468491847851,20.996530497571));
#690 = CARTESIAN_POINT('',(2.586889827488,20.995909476404));
#691 = CARTESIAN_POINT('',(2.837772203267,20.994826546558));
#692 = CARTESIAN_POINT('',(2.972102419529,20.994400819367));
#693 = CARTESIAN_POINT('',(3.105393586889,20.994197848691));
#694 = CARTESIAN_POINT('',(3.238302447399,20.994247434637));
#695 = CARTESIAN_POINT('',(3.371663408132,20.994541814424));
#696 = CARTESIAN_POINT('',(3.506465338477,20.995046469321));
#697 = CARTESIAN_POINT('',(3.751357216375,20.996204805052));
#698 = CARTESIAN_POINT('',(3.86171543479,20.996807143976));
#699 = CARTESIAN_POINT('',(3.97507000746,20.997474825012));
#700 = CARTESIAN_POINT('',(4.091426408163,20.998158498771));
#701 = CARTESIAN_POINT('',(4.210944331802,20.998793482416));
#702 = CARTESIAN_POINT('',(4.333949631031,20.999310503917));
#703 = CARTESIAN_POINT('',(4.588332010255,20.999997011079));
#704 = CARTESIAN_POINT('',(4.7172393964,21.000159325364));
#705 = CARTESIAN_POINT('',(4.846363385105,21.000091992541));
#706 = CARTESIAN_POINT('',(4.974623418429,20.999783627669));
#707 = CARTESIAN_POINT('',(5.100886278375,20.999286974123));
#708 = CARTESIAN_POINT('',(5.223712504611,20.998687913302));
#709 = CARTESIAN_POINT('',(5.48768948946,20.997281503801));
#710 = CARTESIAN_POINT('',(5.628206934315,20.996445574804));
#711 = CARTESIAN_POINT('',(5.764043217216,20.995671756941));
#712 = CARTESIAN_POINT('',(5.89637080517,20.995045195943));
#713 = CARTESIAN_POINT('',(6.02630608269,20.994613295498));
#714 = CARTESIAN_POINT('',(6.15484391884,20.994398002859));
#715 = CARTESIAN_POINT('',(6.28318530718,20.994398002859));
#716 = ( GEOMETRIC_REPRESENTATION_CONTEXT(2) 
PARAMETRIC_REPRESENTATION_CONTEXT() REPRESENTATION_CONTEXT('2D SPACE',''
  ) );
#717 = ADVANCED_FACE('',(#718,#721,#827,#858,#964,#1070,#1176,#1207,
    #1242,#1348,#1454,#1485,#1591),#43,.T.);
#718 = FACE_BOUND('',#719,.T.);
#719 = EDGE_LOOP('',(#720));
#720 = ORIENTED_EDGE('',*,*,#21,.T.);
#721 = FACE_BOUND('',#722,.T.);
#722 = EDGE_LOOP('',(#723,#751,#777,#803));
#723 = ORIENTED_EDGE('',*,*,#724,.T.);
#724 = EDGE_CURVE('',#725,#727,#729,.T.);
#725 = VERTEX_POINT('',#726);
#726 = CARTESIAN_POINT('',(-81.21121381927,-71.02887617018,14.));
#727 = VERTEX_POINT('',#728);
#728 = CARTESIAN_POINT('',(-80.29197500373,-70.10963735464,14.));
#729 = SURFACE_CURVE('',#730,(#734,#740),.PCURVE_S1.);
#730 = LINE('',#731,#732);
#731 = CARTESIAN_POINT('',(-42.69157191413,-32.50923426505,14.));
#732 = VECTOR('',#733,1.);
#733 = DIRECTION('',(0.707106781187,0.707106781187,-0.));
#734 = PCURVE('',#43,#735);
#735 = DEFINITIONAL_REPRESENTATION('',(#736),#739);
#736 = B_SPLINE_CURVE_WITH_KNOTS('',1,(#737,#738),.UNSPECIFIED.,.F.,.F.,
  (2,2),(-54.475,-53.175),.PIECEWISE_BEZIER_KNOTS.);
#737 = CARTESIAN_POINT('',(-81.21121381927,-71.02887617018));
#738 = CARTESIAN_POINT('',(-80.29197500373,-70.10963735464));
#739 = ( GEOMETRIC_REPRESENTATION_CONTEXT(2) 
PARAMETRIC_REPRESENTATION_CONTEXT() REPRESENTATION_CONTEXT('2D SPACE',''
  ) );
#740 = PCURVE('',#741,#746);
#741 = PLANE('',#742);
#742 = AXIS2_PLACEMENT_3D('',#743,#744,#745);
#743 = CARTESIAN_POINT('',(-80.29197500373,-70.10963735464,10.));
#744 = DIRECTION('',(0.707106781187,-0.707106781187,0.));
#745 = DIRECTION('',(0.,0.,1.));
#746 = DEFINITIONAL_REPRESENTATION('',(#747),#750);
#747 = B_SPLINE_CURVE_WITH_KNOTS('',1,(#748,#749),.UNSPECIFIED.,.F.,.F.,
  (2,2),(-54.475,-53.175),.PIECEWISE_BEZIER_KNOTS.);
#748 = CARTESIAN_POINT('',(4.,1.3));
#749 = CARTESIAN_POINT('',(4.,0.));
#750 = ( GEOMETRIC_REPRESENTATION_CONTEXT(2) 
PARAMETRIC_REPRESENTATION_CONTEXT() REPRESENTATION_CONTEXT('2D SPACE',''
  ) );
#751 = ORIENTED_EDGE('',*,*,#752,.T.);
#752 = EDGE_CURVE('',#727,#753,#755,.T.);
#753 = VERTEX_POINT('',#754);
#754 = CARTESIAN_POINT('',(-70.10963735464,-80.29197500373,14.));
#755 = SURFACE_CURVE('',#756,(#760,#766),.PCURVE_S1.);
#756 = LINE('',#757,#758);
#757 = CARTESIAN_POINT('',(-77.74639059146,-72.65522176691,14.));
#758 = VECTOR('',#759,1.);
#759 = DIRECTION('',(0.707106781187,-0.707106781187,0.));
#760 = PCURVE('',#43,#761);
#761 = DEFINITIONAL_REPRESENTATION('',(#762),#765);
#762 = B_SPLINE_CURVE_WITH_KNOTS('',1,(#763,#764),.UNSPECIFIED.,.F.,.F.,
  (2,2),(-3.6,10.8),.PIECEWISE_BEZIER_KNOTS.);
#763 = CARTESIAN_POINT('',(-80.29197500373,-70.10963735464));
#764 = CARTESIAN_POINT('',(-70.10963735464,-80.29197500373));
#765 = ( GEOMETRIC_REPRESENTATION_CONTEXT(2) 
PARAMETRIC_REPRESENTATION_CONTEXT() REPRESENTATION_CONTEXT('2D SPACE',''
  ) );
#766 = PCURVE('',#767,#772);
#767 = PLANE('',#768);
#768 = AXIS2_PLACEMENT_3D('',#769,#770,#771);
#769 = CARTESIAN_POINT('',(-80.29197500373,-70.10963735464,10.));
#770 = DIRECTION('',(-0.707106781187,-0.707106781187,0.));
#771 = DIRECTION('',(0.,0.,1.));
#772 = DEFINITIONAL_REPRESENTATION('',(#773),#776);
#773 = B_SPLINE_CURVE_WITH_KNOTS('',1,(#774,#775),.UNSPECIFIED.,.F.,.F.,
  (2,2),(-3.6,10.8),.PIECEWISE_BEZIER_KNOTS.);
#774 = CARTESIAN_POINT('',(4.,0.));
#775 = CARTESIAN_POINT('',(4.,-14.4));
#776 = ( GEOMETRIC_REPRESENTATION_CONTEXT(2) 
PARAMETRIC_REPRESENTATION_CONTEXT() REPRESENTATION_CONTEXT('2D SPACE',''
  ) );
#777 = ORIENTED_EDGE('',*,*,#778,.F.);
#778 = EDGE_CURVE('',#779,#753,#781,.T.);
#779 = VERTEX_POINT('',#780);
#780 = CARTESIAN_POINT('',(-71.02887617018,-81.21121381927,14.));
#781 = SURFACE_CURVE('',#782,(#786,#792),.PCURVE_S1.);
#782 = LINE('',#783,#784);
#783 = CARTESIAN_POINT('',(-32.50923426505,-42.69157191413,14.));
#784 = VECTOR('',#785,1.);
#785 = DIRECTION('',(0.707106781187,0.707106781187,-0.));
#786 = PCURVE('',#43,#787);
#787 = DEFINITIONAL_REPRESENTATION('',(#788),#791);
#788 = B_SPLINE_CURVE_WITH_KNOTS('',1,(#789,#790),.UNSPECIFIED.,.F.,.F.,
  (2,2),(-54.475,-53.175),.PIECEWISE_BEZIER_KNOTS.);
#789 = CARTESIAN_POINT('',(-71.02887617018,-81.21121381927));
#790 = CARTESIAN_POINT('',(-70.10963735464,-80.29197500373));
#791 = ( GEOMETRIC_REPRESENTATION_CONTEXT(2) 
PARAMETRIC_REPRESENTATION_CONTEXT() REPRESENTATION_CONTEXT('2D SPACE',''
  ) );
#792 = PCURVE('',#793,#798);
#793 = PLANE('',#794);
#794 = AXIS2_PLACEMENT_3D('',#795,#796,#797);
#795 = CARTESIAN_POINT('',(-70.10963735464,-80.29197500373,10.));
#796 = DIRECTION('',(0.707106781187,-0.707106781187,0.));
#797 = DIRECTION('',(0.,0.,1.));
#798 = DEFINITIONAL_REPRESENTATION('',(#799),#802);
#799 = B_SPLINE_CURVE_WITH_KNOTS('',1,(#800,#801),.UNSPECIFIED.,.F.,.F.,
  (2,2),(-54.475,-53.175),.PIECEWISE_BEZIER_KNOTS.);
#800 = CARTESIAN_POINT('',(4.,1.3));
#801 = CARTESIAN_POINT('',(4.,0.));
#802 = ( GEOMETRIC_REPRESENTATION_CONTEXT(2) 
PARAMETRIC_REPRESENTATION_CONTEXT() REPRESENTATION_CONTEXT('2D SPACE',''
  ) );
#803 = ORIENTED_EDGE('',*,*,#804,.F.);
#804 = EDGE_CURVE('',#725,#779,#805,.T.);
#805 = SURFACE_CURVE('',#806,(#810,#816),.PCURVE_S1.);
#806 = LINE('',#807,#808);
#807 = CARTESIAN_POINT('',(-78.665629407,-73.57446058246,14.));
#808 = VECTOR('',#809,1.);
#809 = DIRECTION('',(0.707106781187,-0.707106781187,0.));
#810 = PCURVE('',#43,#811);
#811 = DEFINITIONAL_REPRESENTATION('',(#812),#815);
#812 = B_SPLINE_CURVE_WITH_KNOTS('',1,(#813,#814),.UNSPECIFIED.,.F.,.F.,
  (2,2),(-3.6,10.8),.PIECEWISE_BEZIER_KNOTS.);
#813 = CARTESIAN_POINT('',(-81.21121381927,-71.02887617018));
#814 = CARTESIAN_POINT('',(-71.02887617018,-81.21121381927));
#815 = ( GEOMETRIC_REPRESENTATION_CONTEXT(2) 
PARAMETRIC_REPRESENTATION_CONTEXT() REPRESENTATION_CONTEXT('2D SPACE',''
  ) );
#816 = PCURVE('',#817,#822);
#817 = PLANE('',#818);
#818 = AXIS2_PLACEMENT_3D('',#819,#820,#821);
#819 = CARTESIAN_POINT('',(-81.21121381927,-71.02887617018,10.));
#820 = DIRECTION('',(-0.707106781187,-0.707106781187,0.));
#821 = DIRECTION('',(0.,0.,1.));
#822 = DEFINITIONAL_REPRESENTATION('',(#823),#826);
#823 = B_SPLINE_CURVE_WITH_KNOTS('',1,(#824,#825),.UNSPECIFIED.,.F.,.F.,
  (2,2),(-3.6,10.8),.PIECEWISE_BEZIER_KNOTS.);
#824 = CARTESIAN_POINT('',(4.,0.));
#825 = CARTESIAN_POINT('',(4.,-14.4));
#826 = ( GEOMETRIC_REPRESENTATION_CONTEXT(2) 
PARAMETRIC_REPRESENTATION_CONTEXT() REPRESENTATION_CONTEXT('2D SPACE',''
  ) );
#827 = FACE_BOUND('',#828,.T.);
#828 = EDGE_LOOP('',(#829));
#829 = ORIENTED_EDGE('',*,*,#830,.F.);
#830 = EDGE_CURVE('',#831,#831,#833,.T.);
#831 = VERTEX_POINT('',#832);
#832 = CARTESIAN_POINT('',(-82.10254047305,-49.99999983612,14.));
#833 = SURFACE_CURVE('',#834,(#839,#846),.PCURVE_S1.);
#834 = CIRCLE('',#835,4.5);
#835 = AXIS2_PLACEMENT_3D('',#836,#837,#838);
#836 = CARTESIAN_POINT('',(-86.60254047305,-49.99999983612,14.));
#837 = DIRECTION('',(0.,0.,1.));
#838 = DIRECTION('',(1.,0.,0.));
#839 = PCURVE('',#43,#840);
#840 = DEFINITIONAL_REPRESENTATION('',(#841),#845);
#841 = CIRCLE('',#842,4.5);
#842 = AXIS2_PLACEMENT_2D('',#843,#844);
#843 = CARTESIAN_POINT('',(-86.60254047305,-49.99999983612));
#844 = DIRECTION('',(1.,0.));
#845 = ( GEOMETRIC_REPRESENTATION_CONTEXT(2) 
PARAMETRIC_REPRESENTATION_CONTEXT() REPRESENTATION_CONTEXT('2D SPACE',''
  ) );
#846 = PCURVE('',#847,#852);
#847 = CYLINDRICAL_SURFACE('',#848,4.5);
#848 = AXIS2_PLACEMENT_3D('',#849,#850,#851);
#849 = CARTESIAN_POINT('',(-86.60254047305,-49.99999983612,14.));
#850 = DIRECTION('',(-0.,-0.,-1.));
#851 = DIRECTION('',(1.,0.,0.));
#852 = DEFINITIONAL_REPRESENTATION('',(#853),#857);
#853 = LINE('',#854,#855);
#854 = CARTESIAN_POINT('',(-0.,0.));
#855 = VECTOR('',#856,1.);
#856 = DIRECTION('',(-1.,0.));
#857 = ( GEOMETRIC_REPRESENTATION_CONTEXT(2) 
PARAMETRIC_REPRESENTATION_CONTEXT() REPRESENTATION_CONTEXT('2D SPACE',''
  ) );
#858 = FACE_BOUND('',#859,.T.);
#859 = EDGE_LOOP('',(#860,#888,#914,#940));
#860 = ORIENTED_EDGE('',*,*,#861,.T.);
#861 = EDGE_CURVE('',#862,#864,#866,.T.);
#862 = VERTEX_POINT('',#863);
#863 = CARTESIAN_POINT('',(-73.15019651374,-62.96785886466,14.));
#864 = VERTEX_POINT('',#865);
#865 = CARTESIAN_POINT('',(-72.2309576982,-62.04862004912,14.));
#866 = SURFACE_CURVE('',#867,(#871,#877),.PCURVE_S1.);
#867 = LINE('',#868,#869);
#868 = CARTESIAN_POINT('',(-38.66106326137,-28.47872561228,14.));
#869 = VECTOR('',#870,1.);
#870 = DIRECTION('',(0.707106781187,0.707106781187,-0.));
#871 = PCURVE('',#43,#872);
#872 = DEFINITIONAL_REPRESENTATION('',(#873),#876);
#873 = B_SPLINE_CURVE_WITH_KNOTS('',1,(#874,#875),.UNSPECIFIED.,.F.,.F.,
  (2,2),(-48.775,-47.475),.PIECEWISE_BEZIER_KNOTS.);
#874 = CARTESIAN_POINT('',(-73.15019651374,-62.96785886466));
#875 = CARTESIAN_POINT('',(-72.2309576982,-62.04862004912));
#876 = ( GEOMETRIC_REPRESENTATION_CONTEXT(2) 
PARAMETRIC_REPRESENTATION_CONTEXT() REPRESENTATION_CONTEXT('2D SPACE',''
  ) );
#877 = PCURVE('',#878,#883);
#878 = PLANE('',#879);
#879 = AXIS2_PLACEMENT_3D('',#880,#881,#882);
#880 = CARTESIAN_POINT('',(-72.2309576982,-62.04862004912,10.));
#881 = DIRECTION('',(0.707106781187,-0.707106781187,0.));
#882 = DIRECTION('',(0.,0.,1.));
#883 = DEFINITIONAL_REPRESENTATION('',(#884),#887);
#884 = B_SPLINE_CURVE_WITH_KNOTS('',1,(#885,#886),.UNSPECIFIED.,.F.,.F.,
  (2,2),(-48.775,-47.475),.PIECEWISE_BEZIER_KNOTS.);
#885 = CARTESIAN_POINT('',(4.,1.3));
#886 = CARTESIAN_POINT('',(4.,0.));
#887 = ( GEOMETRIC_REPRESENTATION_CONTEXT(2) 
PARAMETRIC_REPRESENTATION_CONTEXT() REPRESENTATION_CONTEXT('2D SPACE',''
  ) );
#888 = ORIENTED_EDGE('',*,*,#889,.T.);
#889 = EDGE_CURVE('',#864,#890,#892,.T.);
#890 = VERTEX_POINT('',#891);
#891 = CARTESIAN_POINT('',(-62.04862004912,-72.2309576982,14.));
#892 = SURFACE_CURVE('',#893,(#897,#903),.PCURVE_S1.);
#893 = LINE('',#894,#895);
#894 = CARTESIAN_POINT('',(-69.68537328593,-64.59420446139,14.));
#895 = VECTOR('',#896,1.);
#896 = DIRECTION('',(0.707106781187,-0.707106781187,0.));
#897 = PCURVE('',#43,#898);
#898 = DEFINITIONAL_REPRESENTATION('',(#899),#902);
#899 = B_SPLINE_CURVE_WITH_KNOTS('',1,(#900,#901),.UNSPECIFIED.,.F.,.F.,
  (2,2),(-3.6,10.8),.PIECEWISE_BEZIER_KNOTS.);
#900 = CARTESIAN_POINT('',(-72.2309576982,-62.04862004912));
#901 = CARTESIAN_POINT('',(-62.04862004912,-72.2309576982));
#902 = ( GEOMETRIC_REPRESENTATION_CONTEXT(2) 
PARAMETRIC_REPRESENTATION_CONTEXT() REPRESENTATION_CONTEXT('2D SPACE',''
  ) );
#903 = PCURVE('',#904,#909);
#904 = PLANE('',#905);
#905 = AXIS2_PLACEMENT_3D('',#906,#907,#908);
#906 = CARTESIAN_POINT('',(-72.2309576982,-62.04862004912,10.));
#907 = DIRECTION('',(-0.707106781187,-0.707106781187,0.));
#908 = DIRECTION('',(0.,0.,1.));
#909 = DEFINITIONAL_REPRESENTATION('',(#910),#913);
#910 = B_SPLINE_CURVE_WITH_KNOTS('',1,(#911,#912),.UNSPECIFIED.,.F.,.F.,
  (2,2),(-3.6,10.8),.PIECEWISE_BEZIER_KNOTS.);
#911 = CARTESIAN_POINT('',(4.,0.));
#912 = CARTESIAN_POINT('',(4.,-14.4));
#913 = ( GEOMETRIC_REPRESENTATION_CONTEXT(2) 
PARAMETRIC_REPRESENTATION_CONTEXT() REPRESENTATION_CONTEXT('2D SPACE',''
  ) );
#914 = ORIENTED_EDGE('',*,*,#915,.F.);
#915 = EDGE_CURVE('',#916,#890,#918,.T.);
#916 = VERTEX_POINT('',#917);
#917 = CARTESIAN_POINT('',(-62.96785886466,-73.15019651374,14.));
#918 = SURFACE_CURVE('',#919,(#923,#929),.PCURVE_S1.);
#919 = LINE('',#920,#921);
#920 = CARTESIAN_POINT('',(-28.47872561228,-38.66106326137,14.));
#921 = VECTOR('',#922,1.);
#922 = DIRECTION('',(0.707106781187,0.707106781187,-0.));
#923 = PCURVE('',#43,#924);
#924 = DEFINITIONAL_REPRESENTATION('',(#925),#928);
#925 = B_SPLINE_CURVE_WITH_KNOTS('',1,(#926,#927),.UNSPECIFIED.,.F.,.F.,
  (2,2),(-48.775,-47.475),.PIECEWISE_BEZIER_KNOTS.);
#926 = CARTESIAN_POINT('',(-62.96785886466,-73.15019651374));
#927 = CARTESIAN_POINT('',(-62.04862004912,-72.2309576982));
#928 = ( GEOMETRIC_REPRESENTATION_CONTEXT(2) 
PARAMETRIC_REPRESENTATION_CONTEXT() REPRESENTATION_CONTEXT('2D SPACE',''
  ) );
#929 = PCURVE('',#930,#935);
#930 = PLANE('',#931);
#931 = AXIS2_PLACEMENT_3D('',#932,#933,#934);
#932 = CARTESIAN_POINT('',(-62.04862004912,-72.2309576982,10.));
#933 = DIRECTION('',(0.707106781187,-0.707106781187,0.));
#934 = DIRECTION('',(0.,0.,1.));
#935 = DEFINITIONAL_REPRESENTATION('',(#936),#939);
#936 = B_SPLINE_CURVE_WITH_KNOTS('',1,(#937,#938),.UNSPECIFIED.,.F.,.F.,
  (2,2),(-48.775,-47.475),.PIECEWISE_BEZIER_KNOTS.);
#937 = CARTESIAN_POINT('',(4.,1.3));
#938 = CARTESIAN_POINT('',(4.,0.));
#939 = ( GEOMETRIC_REPRESENTATION_CONTEXT(2) 
PARAMETRIC_REPRESENTATION_CONTEXT() REPRESENTATION_CONTEXT('2D SPACE',''
  ) );
#940 = ORIENTED_EDGE('',*,*,#941,.F.);
#941 = EDGE_CURVE('',#862,#916,#942,.T.);
#942 = SURFACE_CURVE('',#943,(#947,#953),.PCURVE_S1.);
#943 = LINE('',#944,#945);
#944 = CARTESIAN_POINT('',(-70.60461210147,-65.51344327693,14.));
#945 = VECTOR('',#946,1.);
#946 = DIRECTION('',(0.707106781187,-0.707106781187,0.));
#947 = PCURVE('',#43,#948);
#948 = DEFINITIONAL_REPRESENTATION('',(#949),#952);
#949 = B_SPLINE_CURVE_WITH_KNOTS('',1,(#950,#951),.UNSPECIFIED.,.F.,.F.,
  (2,2),(-3.6,10.8),.PIECEWISE_BEZIER_KNOTS.);
#950 = CARTESIAN_POINT('',(-73.15019651374,-62.96785886466));
#951 = CARTESIAN_POINT('',(-62.96785886466,-73.15019651374));
#952 = ( GEOMETRIC_REPRESENTATION_CONTEXT(2) 
PARAMETRIC_REPRESENTATION_CONTEXT() REPRESENTATION_CONTEXT('2D SPACE',''
  ) );
#953 = PCURVE('',#954,#959);
#954 = PLANE('',#955);
#955 = AXIS2_PLACEMENT_3D('',#956,#957,#958);
#956 = CARTESIAN_POINT('',(-73.15019651374,-62.96785886466,10.));
#957 = DIRECTION('',(-0.707106781187,-0.707106781187,0.));
#958 = DIRECTION('',(0.,0.,1.));
#959 = DEFINITIONAL_REPRESENTATION('',(#960),#963);
#960 = B_SPLINE_CURVE_WITH_KNOTS('',1,(#961,#962),.UNSPECIFIED.,.F.,.F.,
  (2,2),(-3.6,10.8),.PIECEWISE_BEZIER_KNOTS.);
#961 = CARTESIAN_POINT('',(4.,0.));
#962 = CARTESIAN_POINT('',(4.,-14.4));
#963 = ( GEOMETRIC_REPRESENTATION_CONTEXT(2) 
PARAMETRIC_REPRESENTATION_CONTEXT() REPRESENTATION_CONTEXT('2D SPACE',''
  ) );
#964 = FACE_BOUND('',#965,.T.);
#965 = EDGE_LOOP('',(#966,#994,#1020,#1046));
#966 = ORIENTED_EDGE('',*,*,#967,.T.);
#967 = EDGE_CURVE('',#968,#970,#972,.T.);
#968 = VERTEX_POINT('',#969);
#969 = CARTESIAN_POINT('',(71.028876170189,-81.21121381927,14.));
#970 = VERTEX_POINT('',#971);
#971 = CARTESIAN_POINT('',(70.109637354646,-80.29197500373,14.));
#972 = SURFACE_CURVE('',#973,(#977,#983),.PCURVE_S1.);
#973 = LINE('',#974,#975);
#974 = CARTESIAN_POINT('',(32.509234265052,-42.69157191413,14.));
#975 = VECTOR('',#976,1.);
#976 = DIRECTION('',(-0.707106781187,0.707106781187,0.));
#977 = PCURVE('',#43,#978);
#978 = DEFINITIONAL_REPRESENTATION('',(#979),#982);
#979 = B_SPLINE_CURVE_WITH_KNOTS('',1,(#980,#981),.UNSPECIFIED.,.F.,.F.,
  (2,2),(-54.475,-53.175),.PIECEWISE_BEZIER_KNOTS.);
#980 = CARTESIAN_POINT('',(71.028876170189,-81.21121381927));
#981 = CARTESIAN_POINT('',(70.109637354646,-80.29197500373));
#982 = ( GEOMETRIC_REPRESENTATION_CONTEXT(2) 
PARAMETRIC_REPRESENTATION_CONTEXT() REPRESENTATION_CONTEXT('2D SPACE',''
  ) );
#983 = PCURVE('',#984,#989);
#984 = PLANE('',#985);
#985 = AXIS2_PLACEMENT_3D('',#986,#987,#988);
#986 = CARTESIAN_POINT('',(70.109637354646,-80.29197500373,10.));
#987 = DIRECTION('',(0.707106781187,0.707106781187,0.));
#988 = DIRECTION('',(0.,0.,1.));
#989 = DEFINITIONAL_REPRESENTATION('',(#990),#993);
#990 = B_SPLINE_CURVE_WITH_KNOTS('',1,(#991,#992),.UNSPECIFIED.,.F.,.F.,
  (2,2),(-54.475,-53.175),.PIECEWISE_BEZIER_KNOTS.);
#991 = CARTESIAN_POINT('',(4.,1.3));
#992 = CARTESIAN_POINT('',(4.,0.));
#993 = ( GEOMETRIC_REPRESENTATION_CONTEXT(2) 
PARAMETRIC_REPRESENTATION_CONTEXT() REPRESENTATION_CONTEXT('2D SPACE',''
  ) );
#994 = ORIENTED_EDGE('',*,*,#995,.T.);
#995 = EDGE_CURVE('',#970,#996,#998,.T.);
#996 = VERTEX_POINT('',#997);
#997 = CARTESIAN_POINT('',(80.291975003732,-70.10963735464,14.));
#998 = SURFACE_CURVE('',#999,(#1003,#1009),.PCURVE_S1.);
#999 = LINE('',#1000,#1001);
#1000 = CARTESIAN_POINT('',(72.655221766918,-77.74639059146,14.));
#1001 = VECTOR('',#1002,1.);
#1002 = DIRECTION('',(0.707106781187,0.707106781187,-0.));
#1003 = PCURVE('',#43,#1004);
#1004 = DEFINITIONAL_REPRESENTATION('',(#1005),#1008);
#1005 = B_SPLINE_CURVE_WITH_KNOTS('',1,(#1006,#1007),.UNSPECIFIED.,.F.,
  .F.,(2,2),(-3.6,10.8),.PIECEWISE_BEZIER_KNOTS.);
#1006 = CARTESIAN_POINT('',(70.109637354646,-80.29197500373));
#1007 = CARTESIAN_POINT('',(80.291975003732,-70.10963735464));
#1008 = ( GEOMETRIC_REPRESENTATION_CONTEXT(2) 
PARAMETRIC_REPRESENTATION_CONTEXT() REPRESENTATION_CONTEXT('2D SPACE',''
  ) );
#1009 = PCURVE('',#1010,#1015);
#1010 = PLANE('',#1011);
#1011 = AXIS2_PLACEMENT_3D('',#1012,#1013,#1014);
#1012 = CARTESIAN_POINT('',(70.109637354646,-80.29197500373,10.));
#1013 = DIRECTION('',(0.707106781187,-0.707106781187,0.));
#1014 = DIRECTION('',(0.,0.,1.));
#1015 = DEFINITIONAL_REPRESENTATION('',(#1016),#1019);
#1016 = B_SPLINE_CURVE_WITH_KNOTS('',1,(#1017,#1018),.UNSPECIFIED.,.F.,
  .F.,(2,2),(-3.6,10.8),.PIECEWISE_BEZIER_KNOTS.);
#1017 = CARTESIAN_POINT('',(4.,0.));
#1018 = CARTESIAN_POINT('',(4.,-14.4));
#1019 = ( GEOMETRIC_REPRESENTATION_CONTEXT(2) 
PARAMETRIC_REPRESENTATION_CONTEXT() REPRESENTATION_CONTEXT('2D SPACE',''
  ) );
#1020 = ORIENTED_EDGE('',*,*,#1021,.F.);
#1021 = EDGE_CURVE('',#1022,#996,#1024,.T.);
#1022 = VERTEX_POINT('',#1023);
#1023 = CARTESIAN_POINT('',(81.211213819275,-71.02887617018,14.));
#1024 = SURFACE_CURVE('',#1025,(#1029,#1035),.PCURVE_S1.);
#1025 = LINE('',#1026,#1027);
#1026 = CARTESIAN_POINT('',(42.691571914138,-32.50923426505,14.));
#1027 = VECTOR('',#1028,1.);
#1028 = DIRECTION('',(-0.707106781187,0.707106781187,0.));
#1029 = PCURVE('',#43,#1030);
#1030 = DEFINITIONAL_REPRESENTATION('',(#1031),#1034);
#1031 = B_SPLINE_CURVE_WITH_KNOTS('',1,(#1032,#1033),.UNSPECIFIED.,.F.,
  .F.,(2,2),(-54.475,-53.175),.PIECEWISE_BEZIER_KNOTS.);
#1032 = CARTESIAN_POINT('',(81.211213819275,-71.02887617018));
#1033 = CARTESIAN_POINT('',(80.291975003732,-70.10963735464));
#1034 = ( GEOMETRIC_REPRESENTATION_CONTEXT(2) 
PARAMETRIC_REPRESENTATION_CONTEXT() REPRESENTATION_CONTEXT('2D SPACE',''
  ) );
#1035 = PCURVE('',#1036,#1041);
#1036 = PLANE('',#1037);
#1037 = AXIS2_PLACEMENT_3D('',#1038,#1039,#1040);
#1038 = CARTESIAN_POINT('',(80.291975003732,-70.10963735464,10.));
#1039 = DIRECTION('',(0.707106781187,0.707106781187,0.));
#1040 = DIRECTION('',(0.,0.,1.));
#1041 = DEFINITIONAL_REPRESENTATION('',(#1042),#1045);
#1042 = B_SPLINE_CURVE_WITH_KNOTS('',1,(#1043,#1044),.UNSPECIFIED.,.F.,
  .F.,(2,2),(-54.475,-53.175),.PIECEWISE_BEZIER_KNOTS.);
#1043 = CARTESIAN_POINT('',(4.,1.3));
#1044 = CARTESIAN_POINT('',(4.,0.));
#1045 = ( GEOMETRIC_REPRESENTATION_CONTEXT(2) 
PARAMETRIC_REPRESENTATION_CONTEXT() REPRESENTATION_CONTEXT('2D SPACE',''
  ) );
#1046 = ORIENTED_EDGE('',*,*,#1047,.F.);
#1047 = EDGE_CURVE('',#968,#1022,#1048,.T.);
#1048 = SURFACE_CURVE('',#1049,(#1053,#1059),.PCURVE_S1.);
#1049 = LINE('',#1050,#1051);
#1050 = CARTESIAN_POINT('',(73.57446058246,-78.665629407,14.));
#1051 = VECTOR('',#1052,1.);
#1052 = DIRECTION('',(0.707106781187,0.707106781187,-0.));
#1053 = PCURVE('',#43,#1054);
#1054 = DEFINITIONAL_REPRESENTATION('',(#1055),#1058);
#1055 = B_SPLINE_CURVE_WITH_KNOTS('',1,(#1056,#1057),.UNSPECIFIED.,.F.,
  .F.,(2,2),(-3.6,10.8),.PIECEWISE_BEZIER_KNOTS.);
#1056 = CARTESIAN_POINT('',(71.028876170189,-81.21121381927));
#1057 = CARTESIAN_POINT('',(81.211213819275,-71.02887617018));
#1058 = ( GEOMETRIC_REPRESENTATION_CONTEXT(2) 
PARAMETRIC_REPRESENTATION_CONTEXT() REPRESENTATION_CONTEXT('2D SPACE',''
  ) );
#1059 = PCURVE('',#1060,#1065);
#1060 = PLANE('',#1061);
#1061 = AXIS2_PLACEMENT_3D('',#1062,#1063,#1064);
#1062 = CARTESIAN_POINT('',(71.028876170189,-81.21121381927,10.));
#1063 = DIRECTION('',(0.707106781187,-0.707106781187,0.));
#1064 = DIRECTION('',(0.,0.,1.));
#1065 = DEFINITIONAL_REPRESENTATION('',(#1066),#1069);
#1066 = B_SPLINE_CURVE_WITH_KNOTS('',1,(#1067,#1068),.UNSPECIFIED.,.F.,
  .F.,(2,2),(-3.6,10.8),.PIECEWISE_BEZIER_KNOTS.);
#1067 = CARTESIAN_POINT('',(4.,0.));
#1068 = CARTESIAN_POINT('',(4.,-14.4));
#1069 = ( GEOMETRIC_REPRESENTATION_CONTEXT(2) 
PARAMETRIC_REPRESENTATION_CONTEXT() REPRESENTATION_CONTEXT('2D SPACE',''
  ) );
#1070 = FACE_BOUND('',#1071,.T.);
#1071 = EDGE_LOOP('',(#1072,#1100,#1126,#1152));
#1072 = ORIENTED_EDGE('',*,*,#1073,.T.);
#1073 = EDGE_CURVE('',#1074,#1076,#1078,.T.);
#1074 = VERTEX_POINT('',#1075);
#1075 = CARTESIAN_POINT('',(62.967858864662,-73.15019651374,14.));
#1076 = VERTEX_POINT('',#1077);
#1077 = CARTESIAN_POINT('',(62.04862004912,-72.2309576982,14.));
#1078 = SURFACE_CURVE('',#1079,(#1083,#1089),.PCURVE_S1.);
#1079 = LINE('',#1080,#1081);
#1080 = CARTESIAN_POINT('',(28.478725612288,-38.66106326137,14.));
#1081 = VECTOR('',#1082,1.);
#1082 = DIRECTION('',(-0.707106781187,0.707106781187,0.));
#1083 = PCURVE('',#43,#1084);
#1084 = DEFINITIONAL_REPRESENTATION('',(#1085),#1088);
#1085 = B_SPLINE_CURVE_WITH_KNOTS('',1,(#1086,#1087),.UNSPECIFIED.,.F.,
  .F.,(2,2),(-48.775,-47.475),.PIECEWISE_BEZIER_KNOTS.);
#1086 = CARTESIAN_POINT('',(62.967858864662,-73.15019651374));
#1087 = CARTESIAN_POINT('',(62.04862004912,-72.2309576982));
#1088 = ( GEOMETRIC_REPRESENTATION_CONTEXT(2) 
PARAMETRIC_REPRESENTATION_CONTEXT() REPRESENTATION_CONTEXT('2D SPACE',''
  ) );
#1089 = PCURVE('',#1090,#1095);
#1090 = PLANE('',#1091);
#1091 = AXIS2_PLACEMENT_3D('',#1092,#1093,#1094);
#1092 = CARTESIAN_POINT('',(62.04862004912,-72.2309576982,10.));
#1093 = DIRECTION('',(0.707106781187,0.707106781187,0.));
#1094 = DIRECTION('',(0.,0.,1.));
#1095 = DEFINITIONAL_REPRESENTATION('',(#1096),#1099);
#1096 = B_SPLINE_CURVE_WITH_KNOTS('',1,(#1097,#1098),.UNSPECIFIED.,.F.,
  .F.,(2,2),(-48.775,-47.475),.PIECEWISE_BEZIER_KNOTS.);
#1097 = CARTESIAN_POINT('',(4.,1.3));
#1098 = CARTESIAN_POINT('',(4.,0.));
#1099 = ( GEOMETRIC_REPRESENTATION_CONTEXT(2) 
PARAMETRIC_REPRESENTATION_CONTEXT() REPRESENTATION_CONTEXT('2D SPACE',''
  ) );
#1100 = ORIENTED_EDGE('',*,*,#1101,.T.);
#1101 = EDGE_CURVE('',#1076,#1102,#1104,.T.);
#1102 = VERTEX_POINT('',#1103);
#1103 = CARTESIAN_POINT('',(72.230957698206,-62.04862004912,14.));
#1104 = SURFACE_CURVE('',#1105,(#1109,#1115),.PCURVE_S1.);
#1105 = LINE('',#1106,#1107);
#1106 = CARTESIAN_POINT('',(64.594204461391,-69.68537328593,14.));
#1107 = VECTOR('',#1108,1.);
#1108 = DIRECTION('',(0.707106781187,0.707106781187,-0.));
#1109 = PCURVE('',#43,#1110);
#1110 = DEFINITIONAL_REPRESENTATION('',(#1111),#1114);
#1111 = B_SPLINE_CURVE_WITH_KNOTS('',1,(#1112,#1113),.UNSPECIFIED.,.F.,
  .F.,(2,2),(-3.6,10.8),.PIECEWISE_BEZIER_KNOTS.);
#1112 = CARTESIAN_POINT('',(62.04862004912,-72.2309576982));
#1113 = CARTESIAN_POINT('',(72.230957698206,-62.04862004912));
#1114 = ( GEOMETRIC_REPRESENTATION_CONTEXT(2) 
PARAMETRIC_REPRESENTATION_CONTEXT() REPRESENTATION_CONTEXT('2D SPACE',''
  ) );
#1115 = PCURVE('',#1116,#1121);
#1116 = PLANE('',#1117);
#1117 = AXIS2_PLACEMENT_3D('',#1118,#1119,#1120);
#1118 = CARTESIAN_POINT('',(62.04862004912,-72.2309576982,10.));
#1119 = DIRECTION('',(0.707106781187,-0.707106781187,0.));
#1120 = DIRECTION('',(0.,0.,1.));
#1121 = DEFINITIONAL_REPRESENTATION('',(#1122),#1125);
#1122 = B_SPLINE_CURVE_WITH_KNOTS('',1,(#1123,#1124),.UNSPECIFIED.,.F.,
  .F.,(2,2),(-3.6,10.8),.PIECEWISE_BEZIER_KNOTS.);
#1123 = CARTESIAN_POINT('',(4.,0.));
#1124 = CARTESIAN_POINT('',(4.,-14.4));
#1125 = ( GEOMETRIC_REPRESENTATION_CONTEXT(2) 
PARAMETRIC_REPRESENTATION_CONTEXT() REPRESENTATION_CONTEXT('2D SPACE',''
  ) );
#1126 = ORIENTED_EDGE('',*,*,#1127,.F.);
#1127 = EDGE_CURVE('',#1128,#1102,#1130,.T.);
#1128 = VERTEX_POINT('',#1129);
#1129 = CARTESIAN_POINT('',(73.150196513748,-62.96785886466,14.));
#1130 = SURFACE_CURVE('',#1131,(#1135,#1141),.PCURVE_S1.);
#1131 = LINE('',#1132,#1133);
#1132 = CARTESIAN_POINT('',(38.661063261374,-28.47872561228,14.));
#1133 = VECTOR('',#1134,1.);
#1134 = DIRECTION('',(-0.707106781187,0.707106781187,0.));
#1135 = PCURVE('',#43,#1136);
#1136 = DEFINITIONAL_REPRESENTATION('',(#1137),#1140);
#1137 = B_SPLINE_CURVE_WITH_KNOTS('',1,(#1138,#1139),.UNSPECIFIED.,.F.,
  .F.,(2,2),(-48.775,-47.475),.PIECEWISE_BEZIER_KNOTS.);
#1138 = CARTESIAN_POINT('',(73.150196513748,-62.96785886466));
#1139 = CARTESIAN_POINT('',(72.230957698206,-62.04862004912));
#1140 = ( GEOMETRIC_REPRESENTATION_CONTEXT(2) 
PARAMETRIC_REPRESENTATION_CONTEXT() REPRESENTATION_CONTEXT('2D SPACE',''
  ) );
#1141 = PCURVE('',#1142,#1147);
#1142 = PLANE('',#1143);
#1143 = AXIS2_PLACEMENT_3D('',#1144,#1145,#1146);
#1144 = CARTESIAN_POINT('',(72.230957698206,-62.04862004912,10.));
#1145 = DIRECTION('',(0.707106781187,0.707106781187,0.));
#1146 = DIRECTION('',(0.,0.,1.));
#1147 = DEFINITIONAL_REPRESENTATION('',(#1148),#1151);
#1148 = B_SPLINE_CURVE_WITH_KNOTS('',1,(#1149,#1150),.UNSPECIFIED.,.F.,
  .F.,(2,2),(-48.775,-47.475),.PIECEWISE_BEZIER_KNOTS.);
#1149 = CARTESIAN_POINT('',(4.,1.3));
#1150 = CARTESIAN_POINT('',(4.,0.));
#1151 = ( GEOMETRIC_REPRESENTATION_CONTEXT(2) 
PARAMETRIC_REPRESENTATION_CONTEXT() REPRESENTATION_CONTEXT('2D SPACE',''
  ) );
#1152 = ORIENTED_EDGE('',*,*,#1153,.F.);
#1153 = EDGE_CURVE('',#1074,#1128,#1154,.T.);
#1154 = SURFACE_CURVE('',#1155,(#1159,#1165),.PCURVE_S1.);
#1155 = LINE('',#1156,#1157);
#1156 = CARTESIAN_POINT('',(65.513443276934,-70.60461210147,14.));
#1157 = VECTOR('',#1158,1.);
#1158 = DIRECTION('',(0.707106781187,0.707106781187,-0.));
#1159 = PCURVE('',#43,#1160);
#1160 = DEFINITIONAL_REPRESENTATION('',(#1161),#1164);
#1161 = B_SPLINE_CURVE_WITH_KNOTS('',1,(#1162,#1163),.UNSPECIFIED.,.F.,
  .F.,(2,2),(-3.6,10.8),.PIECEWISE_BEZIER_KNOTS.);
#1162 = CARTESIAN_POINT('',(62.967858864662,-73.15019651374));
#1163 = CARTESIAN_POINT('',(73.150196513748,-62.96785886466));
#1164 = ( GEOMETRIC_REPRESENTATION_CONTEXT(2) 
PARAMETRIC_REPRESENTATION_CONTEXT() REPRESENTATION_CONTEXT('2D SPACE',''
  ) );
#1165 = PCURVE('',#1166,#1171);
#1166 = PLANE('',#1167);
#1167 = AXIS2_PLACEMENT_3D('',#1168,#1169,#1170);
#1168 = CARTESIAN_POINT('',(62.967858864662,-73.15019651374,10.));
#1169 = DIRECTION('',(0.707106781187,-0.707106781187,0.));
#1170 = DIRECTION('',(0.,0.,1.));
#1171 = DEFINITIONAL_REPRESENTATION('',(#1172),#1175);
#1172 = B_SPLINE_CURVE_WITH_KNOTS('',1,(#1173,#1174),.UNSPECIFIED.,.F.,
  .F.,(2,2),(-3.6,10.8),.PIECEWISE_BEZIER_KNOTS.);
#1173 = CARTESIAN_POINT('',(4.,0.));
#1174 = CARTESIAN_POINT('',(4.,-14.4));
#1175 = ( GEOMETRIC_REPRESENTATION_CONTEXT(2) 
PARAMETRIC_REPRESENTATION_CONTEXT() REPRESENTATION_CONTEXT('2D SPACE',''
  ) );
#1176 = FACE_BOUND('',#1177,.T.);
#1177 = EDGE_LOOP('',(#1178));
#1178 = ORIENTED_EDGE('',*,*,#1179,.F.);
#1179 = EDGE_CURVE('',#1180,#1180,#1182,.T.);
#1180 = VERTEX_POINT('',#1181);
#1181 = CARTESIAN_POINT('',(91.102540473055,-49.99999983612,14.));
#1182 = SURFACE_CURVE('',#1183,(#1188,#1195),.PCURVE_S1.);
#1183 = CIRCLE('',#1184,4.5);
#1184 = AXIS2_PLACEMENT_3D('',#1185,#1186,#1187);
#1185 = CARTESIAN_POINT('',(86.602540473055,-49.99999983612,14.));
#1186 = DIRECTION('',(0.,0.,1.));
#1187 = DIRECTION('',(1.,0.,0.));
#1188 = PCURVE('',#43,#1189);
#1189 = DEFINITIONAL_REPRESENTATION('',(#1190),#1194);
#1190 = CIRCLE('',#1191,4.5);
#1191 = AXIS2_PLACEMENT_2D('',#1192,#1193);
#1192 = CARTESIAN_POINT('',(86.602540473055,-49.99999983612));
#1193 = DIRECTION('',(1.,0.));
#1194 = ( GEOMETRIC_REPRESENTATION_CONTEXT(2) 
PARAMETRIC_REPRESENTATION_CONTEXT() REPRESENTATION_CONTEXT('2D SPACE',''
  ) );
#1195 = PCURVE('',#1196,#1201);
#1196 = CYLINDRICAL_SURFACE('',#1197,4.5);
#1197 = AXIS2_PLACEMENT_3D('',#1198,#1199,#1200);
#1198 = CARTESIAN_POINT('',(86.602540473055,-49.99999983612,14.));
#1199 = DIRECTION('',(-0.,-0.,-1.));
#1200 = DIRECTION('',(1.,0.,0.));
#1201 = DEFINITIONAL_REPRESENTATION('',(#1202),#1206);
#1202 = LINE('',#1203,#1204);
#1203 = CARTESIAN_POINT('',(-0.,0.));
#1204 = VECTOR('',#1205,1.);
#1205 = DIRECTION('',(-1.,0.));
#1206 = ( GEOMETRIC_REPRESENTATION_CONTEXT(2) 
PARAMETRIC_REPRESENTATION_CONTEXT() REPRESENTATION_CONTEXT('2D SPACE',''
  ) );
#1207 = FACE_BOUND('',#1208,.T.);
#1208 = EDGE_LOOP('',(#1209));
#1209 = ORIENTED_EDGE('',*,*,#1210,.T.);
#1210 = EDGE_CURVE('',#1211,#1211,#1213,.T.);
#1211 = VERTEX_POINT('',#1212);
#1212 = CARTESIAN_POINT('',(93.,0.,14.));
#1213 = SURFACE_CURVE('',#1214,(#1219,#1230),.PCURVE_S1.);
#1214 = CIRCLE('',#1215,93.);
#1215 = AXIS2_PLACEMENT_3D('',#1216,#1217,#1218);
#1216 = CARTESIAN_POINT('',(0.,0.,14.));
#1217 = DIRECTION('',(0.,0.,-1.));
#1218 = DIRECTION('',(1.,0.,0.));
#1219 = PCURVE('',#43,#1220);
#1220 = DEFINITIONAL_REPRESENTATION('',(#1221),#1229);
#1221 = ( BOUNDED_CURVE() B_SPLINE_CURVE(2,(#1222,#1223,#1224,#1225,
#1226,#1227,#1228),.UNSPECIFIED.,.T.,.F.) B_SPLINE_CURVE_WITH_KNOTS((1,2
    ,2,2,2,1),(-2.094395102393,0.,2.094395102393,4.188790204786,
6.28318530718,8.377580409573),.UNSPECIFIED.) CURVE() 
GEOMETRIC_REPRESENTATION_ITEM() RATIONAL_B_SPLINE_CURVE((1.,0.5,1.,0.5,
1.,0.5,1.)) REPRESENTATION_ITEM('') );
#1222 = CARTESIAN_POINT('',(93.,4.40872847693E-15));
#1223 = CARTESIAN_POINT('',(93.,-161.0807251039));
#1224 = CARTESIAN_POINT('',(-46.5,-80.54036255195));
#1225 = CARTESIAN_POINT('',(-186.,-1.836970198721E-14));
#1226 = CARTESIAN_POINT('',(-46.5,80.540362551953));
#1227 = CARTESIAN_POINT('',(93.,161.0807251039));
#1228 = CARTESIAN_POINT('',(93.,4.40872847693E-15));
#1229 = ( GEOMETRIC_REPRESENTATION_CONTEXT(2) 
PARAMETRIC_REPRESENTATION_CONTEXT() REPRESENTATION_CONTEXT('2D SPACE',''
  ) );
#1230 = PCURVE('',#1231,#1236);
#1231 = CYLINDRICAL_SURFACE('',#1232,93.);
#1232 = AXIS2_PLACEMENT_3D('',#1233,#1234,#1235);
#1233 = CARTESIAN_POINT('',(0.,0.,5.9));
#1234 = DIRECTION('',(-0.,-0.,-1.));
#1235 = DIRECTION('',(1.,0.,0.));
#1236 = DEFINITIONAL_REPRESENTATION('',(#1237),#1241);
#1237 = LINE('',#1238,#1239);
#1238 = CARTESIAN_POINT('',(-6.28318530718,-8.1));
#1239 = VECTOR('',#1240,1.);
#1240 = DIRECTION('',(1.,-0.));
#1241 = ( GEOMETRIC_REPRESENTATION_CONTEXT(2) 
PARAMETRIC_REPRESENTATION_CONTEXT() REPRESENTATION_CONTEXT('2D SPACE',''
  ) );
#1242 = FACE_BOUND('',#1243,.T.);
#1243 = EDGE_LOOP('',(#1244,#1272,#1298,#1324));
#1244 = ORIENTED_EDGE('',*,*,#1245,.T.);
#1245 = EDGE_CURVE('',#1246,#1248,#1250,.T.);
#1246 = VERTEX_POINT('',#1247);
#1247 = CARTESIAN_POINT('',(-71.02887617018,81.211213819275,14.));
#1248 = VERTEX_POINT('',#1249);
#1249 = CARTESIAN_POINT('',(-70.10963735464,80.291975003732,14.));
#1250 = SURFACE_CURVE('',#1251,(#1255,#1261),.PCURVE_S1.);
#1251 = LINE('',#1252,#1253);
#1252 = CARTESIAN_POINT('',(-32.50923426505,42.691571914138,14.));
#1253 = VECTOR('',#1254,1.);
#1254 = DIRECTION('',(0.707106781187,-0.707106781187,0.));
#1255 = PCURVE('',#43,#1256);
#1256 = DEFINITIONAL_REPRESENTATION('',(#1257),#1260);
#1257 = B_SPLINE_CURVE_WITH_KNOTS('',1,(#1258,#1259),.UNSPECIFIED.,.F.,
  .F.,(2,2),(-54.475,-53.175),.PIECEWISE_BEZIER_KNOTS.);
#1258 = CARTESIAN_POINT('',(-71.02887617018,81.211213819275));
#1259 = CARTESIAN_POINT('',(-70.10963735464,80.291975003732));
#1260 = ( GEOMETRIC_REPRESENTATION_CONTEXT(2) 
PARAMETRIC_REPRESENTATION_CONTEXT() REPRESENTATION_CONTEXT('2D SPACE',''
  ) );
#1261 = PCURVE('',#1262,#1267);
#1262 = PLANE('',#1263);
#1263 = AXIS2_PLACEMENT_3D('',#1264,#1265,#1266);
#1264 = CARTESIAN_POINT('',(-70.10963735464,80.291975003732,10.));
#1265 = DIRECTION('',(-0.707106781187,-0.707106781187,0.));
#1266 = DIRECTION('',(0.,0.,1.));
#1267 = DEFINITIONAL_REPRESENTATION('',(#1268),#1271);
#1268 = B_SPLINE_CURVE_WITH_KNOTS('',1,(#1269,#1270),.UNSPECIFIED.,.F.,
  .F.,(2,2),(-54.475,-53.175),.PIECEWISE_BEZIER_KNOTS.);
#1269 = CARTESIAN_POINT('',(4.,1.3));
#1270 = CARTESIAN_POINT('',(4.,0.));
#1271 = ( GEOMETRIC_REPRESENTATION_CONTEXT(2) 
PARAMETRIC_REPRESENTATION_CONTEXT() REPRESENTATION_CONTEXT('2D SPACE',''
  ) );
#1272 = ORIENTED_EDGE('',*,*,#1273,.T.);
#1273 = EDGE_CURVE('',#1248,#1274,#1276,.T.);
#1274 = VERTEX_POINT('',#1275);
#1275 = CARTESIAN_POINT('',(-80.29197500373,70.109637354646,14.));
#1276 = SURFACE_CURVE('',#1277,(#1281,#1287),.PCURVE_S1.);
#1277 = LINE('',#1278,#1279);
#1278 = CARTESIAN_POINT('',(-72.65522176691,77.746390591461,14.));
#1279 = VECTOR('',#1280,1.);
#1280 = DIRECTION('',(-0.707106781187,-0.707106781187,0.));
#1281 = PCURVE('',#43,#1282);
#1282 = DEFINITIONAL_REPRESENTATION('',(#1283),#1286);
#1283 = B_SPLINE_CURVE_WITH_KNOTS('',1,(#1284,#1285),.UNSPECIFIED.,.F.,
  .F.,(2,2),(-3.6,10.8),.PIECEWISE_BEZIER_KNOTS.);
#1284 = CARTESIAN_POINT('',(-70.10963735464,80.291975003732));
#1285 = CARTESIAN_POINT('',(-80.29197500373,70.109637354646));
#1286 = ( GEOMETRIC_REPRESENTATION_CONTEXT(2) 
PARAMETRIC_REPRESENTATION_CONTEXT() REPRESENTATION_CONTEXT('2D SPACE',''
  ) );
#1287 = PCURVE('',#1288,#1293);
#1288 = PLANE('',#1289);
#1289 = AXIS2_PLACEMENT_3D('',#1290,#1291,#1292);
#1290 = CARTESIAN_POINT('',(-70.10963735464,80.291975003732,10.));
#1291 = DIRECTION('',(-0.707106781187,0.707106781187,0.));
#1292 = DIRECTION('',(0.,0.,1.));
#1293 = DEFINITIONAL_REPRESENTATION('',(#1294),#1297);
#1294 = B_SPLINE_CURVE_WITH_KNOTS('',1,(#1295,#1296),.UNSPECIFIED.,.F.,
  .F.,(2,2),(-3.6,10.8),.PIECEWISE_BEZIER_KNOTS.);
#1295 = CARTESIAN_POINT('',(4.,0.));
#1296 = CARTESIAN_POINT('',(4.,-14.4));
#1297 = ( GEOMETRIC_REPRESENTATION_CONTEXT(2) 
PARAMETRIC_REPRESENTATION_CONTEXT() REPRESENTATION_CONTEXT('2D SPACE',''
  ) );
#1298 = ORIENTED_EDGE('',*,*,#1299,.F.);
#1299 = EDGE_CURVE('',#1300,#1274,#1302,.T.);
#1300 = VERTEX_POINT('',#1301);
#1301 = CARTESIAN_POINT('',(-81.21121381927,71.028876170189,14.));
#1302 = SURFACE_CURVE('',#1303,(#1307,#1313),.PCURVE_S1.);
#1303 = LINE('',#1304,#1305);
#1304 = CARTESIAN_POINT('',(-42.69157191413,32.509234265052,14.));
#1305 = VECTOR('',#1306,1.);
#1306 = DIRECTION('',(0.707106781187,-0.707106781187,0.));
#1307 = PCURVE('',#43,#1308);
#1308 = DEFINITIONAL_REPRESENTATION('',(#1309),#1312);
#1309 = B_SPLINE_CURVE_WITH_KNOTS('',1,(#1310,#1311),.UNSPECIFIED.,.F.,
  .F.,(2,2),(-54.475,-53.175),.PIECEWISE_BEZIER_KNOTS.);
#1310 = CARTESIAN_POINT('',(-81.21121381927,71.028876170189));
#1311 = CARTESIAN_POINT('',(-80.29197500373,70.109637354646));
#1312 = ( GEOMETRIC_REPRESENTATION_CONTEXT(2) 
PARAMETRIC_REPRESENTATION_CONTEXT() REPRESENTATION_CONTEXT('2D SPACE',''
  ) );
#1313 = PCURVE('',#1314,#1319);
#1314 = PLANE('',#1315);
#1315 = AXIS2_PLACEMENT_3D('',#1316,#1317,#1318);
#1316 = CARTESIAN_POINT('',(-80.29197500373,70.109637354646,10.));
#1317 = DIRECTION('',(-0.707106781187,-0.707106781187,0.));
#1318 = DIRECTION('',(0.,0.,1.));
#1319 = DEFINITIONAL_REPRESENTATION('',(#1320),#1323);
#1320 = B_SPLINE_CURVE_WITH_KNOTS('',1,(#1321,#1322),.UNSPECIFIED.,.F.,
  .F.,(2,2),(-54.475,-53.175),.PIECEWISE_BEZIER_KNOTS.);
#1321 = CARTESIAN_POINT('',(4.,1.3));
#1322 = CARTESIAN_POINT('',(4.,0.));
#1323 = ( GEOMETRIC_REPRESENTATION_CONTEXT(2) 
PARAMETRIC_REPRESENTATION_CONTEXT() REPRESENTATION_CONTEXT('2D SPACE',''
  ) );
#1324 = ORIENTED_EDGE('',*,*,#1325,.F.);
#1325 = EDGE_CURVE('',#1246,#1300,#1326,.T.);
#1326 = SURFACE_CURVE('',#1327,(#1331,#1337),.PCURVE_S1.);
#1327 = LINE('',#1328,#1329);
#1328 = CARTESIAN_POINT('',(-73.57446058246,78.665629407003,14.));
#1329 = VECTOR('',#1330,1.);
#1330 = DIRECTION('',(-0.707106781187,-0.707106781187,0.));
#1331 = PCURVE('',#43,#1332);
#1332 = DEFINITIONAL_REPRESENTATION('',(#1333),#1336);
#1333 = B_SPLINE_CURVE_WITH_KNOTS('',1,(#1334,#1335),.UNSPECIFIED.,.F.,
  .F.,(2,2),(-3.6,10.8),.PIECEWISE_BEZIER_KNOTS.);
#1334 = CARTESIAN_POINT('',(-71.02887617018,81.211213819275));
#1335 = CARTESIAN_POINT('',(-81.21121381927,71.028876170189));
#1336 = ( GEOMETRIC_REPRESENTATION_CONTEXT(2) 
PARAMETRIC_REPRESENTATION_CONTEXT() REPRESENTATION_CONTEXT('2D SPACE',''
  ) );
#1337 = PCURVE('',#1338,#1343);
#1338 = PLANE('',#1339);
#1339 = AXIS2_PLACEMENT_3D('',#1340,#1341,#1342);
#1340 = CARTESIAN_POINT('',(-71.02887617018,81.211213819275,10.));
#1341 = DIRECTION('',(-0.707106781187,0.707106781187,0.));
#1342 = DIRECTION('',(0.,0.,1.));
#1343 = DEFINITIONAL_REPRESENTATION('',(#1344),#1347);
#1344 = B_SPLINE_CURVE_WITH_KNOTS('',1,(#1345,#1346),.UNSPECIFIED.,.F.,
  .F.,(2,2),(-3.6,10.8),.PIECEWISE_BEZIER_KNOTS.);
#1345 = CARTESIAN_POINT('',(4.,0.));
#1346 = CARTESIAN_POINT('',(4.,-14.4));
#1347 = ( GEOMETRIC_REPRESENTATION_CONTEXT(2) 
PARAMETRIC_REPRESENTATION_CONTEXT() REPRESENTATION_CONTEXT('2D SPACE',''
  ) );
#1348 = FACE_BOUND('',#1349,.T.);
#1349 = EDGE_LOOP('',(#1350,#1378,#1404,#1430));
#1350 = ORIENTED_EDGE('',*,*,#1351,.T.);
#1351 = EDGE_CURVE('',#1352,#1354,#1356,.T.);
#1352 = VERTEX_POINT('',#1353);
#1353 = CARTESIAN_POINT('',(-62.96785886466,73.150196513748,14.));
#1354 = VERTEX_POINT('',#1355);
#1355 = CARTESIAN_POINT('',(-62.04862004912,72.230957698206,14.));
#1356 = SURFACE_CURVE('',#1357,(#1361,#1367),.PCURVE_S1.);
#1357 = LINE('',#1358,#1359);
#1358 = CARTESIAN_POINT('',(-28.47872561228,38.661063261374,14.));
#1359 = VECTOR('',#1360,1.);
#1360 = DIRECTION('',(0.707106781187,-0.707106781187,0.));
#1361 = PCURVE('',#43,#1362);
#1362 = DEFINITIONAL_REPRESENTATION('',(#1363),#1366);
#1363 = B_SPLINE_CURVE_WITH_KNOTS('',1,(#1364,#1365),.UNSPECIFIED.,.F.,
  .F.,(2,2),(-48.775,-47.475),.PIECEWISE_BEZIER_KNOTS.);
#1364 = CARTESIAN_POINT('',(-62.96785886466,73.150196513748));
#1365 = CARTESIAN_POINT('',(-62.04862004912,72.230957698206));
#1366 = ( GEOMETRIC_REPRESENTATION_CONTEXT(2) 
PARAMETRIC_REPRESENTATION_CONTEXT() REPRESENTATION_CONTEXT('2D SPACE',''
  ) );
#1367 = PCURVE('',#1368,#1373);
#1368 = PLANE('',#1369);
#1369 = AXIS2_PLACEMENT_3D('',#1370,#1371,#1372);
#1370 = CARTESIAN_POINT('',(-62.04862004912,72.230957698206,10.));
#1371 = DIRECTION('',(-0.707106781187,-0.707106781187,0.));
#1372 = DIRECTION('',(0.,0.,1.));
#1373 = DEFINITIONAL_REPRESENTATION('',(#1374),#1377);
#1374 = B_SPLINE_CURVE_WITH_KNOTS('',1,(#1375,#1376),.UNSPECIFIED.,.F.,
  .F.,(2,2),(-48.775,-47.475),.PIECEWISE_BEZIER_KNOTS.);
#1375 = CARTESIAN_POINT('',(4.,1.3));
#1376 = CARTESIAN_POINT('',(4.,0.));
#1377 = ( GEOMETRIC_REPRESENTATION_CONTEXT(2) 
PARAMETRIC_REPRESENTATION_CONTEXT() REPRESENTATION_CONTEXT('2D SPACE',''
  ) );
#1378 = ORIENTED_EDGE('',*,*,#1379,.T.);
#1379 = EDGE_CURVE('',#1354,#1380,#1382,.T.);
#1380 = VERTEX_POINT('',#1381);
#1381 = CARTESIAN_POINT('',(-72.2309576982,62.04862004912,14.));
#1382 = SURFACE_CURVE('',#1383,(#1387,#1393),.PCURVE_S1.);
#1383 = LINE('',#1384,#1385);
#1384 = CARTESIAN_POINT('',(-64.59420446139,69.685373285934,14.));
#1385 = VECTOR('',#1386,1.);
#1386 = DIRECTION('',(-0.707106781187,-0.707106781187,0.));
#1387 = PCURVE('',#43,#1388);
#1388 = DEFINITIONAL_REPRESENTATION('',(#1389),#1392);
#1389 = B_SPLINE_CURVE_WITH_KNOTS('',1,(#1390,#1391),.UNSPECIFIED.,.F.,
  .F.,(2,2),(-3.6,10.8),.PIECEWISE_BEZIER_KNOTS.);
#1390 = CARTESIAN_POINT('',(-62.04862004912,72.230957698206));
#1391 = CARTESIAN_POINT('',(-72.2309576982,62.04862004912));
#1392 = ( GEOMETRIC_REPRESENTATION_CONTEXT(2) 
PARAMETRIC_REPRESENTATION_CONTEXT() REPRESENTATION_CONTEXT('2D SPACE',''
  ) );
#1393 = PCURVE('',#1394,#1399);
#1394 = PLANE('',#1395);
#1395 = AXIS2_PLACEMENT_3D('',#1396,#1397,#1398);
#1396 = CARTESIAN_POINT('',(-62.04862004912,72.230957698206,10.));
#1397 = DIRECTION('',(-0.707106781187,0.707106781187,0.));
#1398 = DIRECTION('',(0.,0.,1.));
#1399 = DEFINITIONAL_REPRESENTATION('',(#1400),#1403);
#1400 = B_SPLINE_CURVE_WITH_KNOTS('',1,(#1401,#1402),.UNSPECIFIED.,.F.,
  .F.,(2,2),(-3.6,10.8),.PIECEWISE_BEZIER_KNOTS.);
#1401 = CARTESIAN_POINT('',(4.,0.));
#1402 = CARTESIAN_POINT('',(4.,-14.4));
#1403 = ( GEOMETRIC_REPRESENTATION_CONTEXT(2) 
PARAMETRIC_REPRESENTATION_CONTEXT() REPRESENTATION_CONTEXT('2D SPACE',''
  ) );
#1404 = ORIENTED_EDGE('',*,*,#1405,.F.);
#1405 = EDGE_CURVE('',#1406,#1380,#1408,.T.);
#1406 = VERTEX_POINT('',#1407);
#1407 = CARTESIAN_POINT('',(-73.15019651374,62.967858864662,14.));
#1408 = SURFACE_CURVE('',#1409,(#1413,#1419),.PCURVE_S1.);
#1409 = LINE('',#1410,#1411);
#1410 = CARTESIAN_POINT('',(-38.66106326137,28.478725612288,14.));
#1411 = VECTOR('',#1412,1.);
#1412 = DIRECTION('',(0.707106781187,-0.707106781187,0.));
#1413 = PCURVE('',#43,#1414);
#1414 = DEFINITIONAL_REPRESENTATION('',(#1415),#1418);
#1415 = B_SPLINE_CURVE_WITH_KNOTS('',1,(#1416,#1417),.UNSPECIFIED.,.F.,
  .F.,(2,2),(-48.775,-47.475),.PIECEWISE_BEZIER_KNOTS.);
#1416 = CARTESIAN_POINT('',(-73.15019651374,62.967858864662));
#1417 = CARTESIAN_POINT('',(-72.2309576982,62.04862004912));
#1418 = ( GEOMETRIC_REPRESENTATION_CONTEXT(2) 
PARAMETRIC_REPRESENTATION_CONTEXT() REPRESENTATION_CONTEXT('2D SPACE',''
  ) );
#1419 = PCURVE('',#1420,#1425);
#1420 = PLANE('',#1421);
#1421 = AXIS2_PLACEMENT_3D('',#1422,#1423,#1424);
#1422 = CARTESIAN_POINT('',(-72.2309576982,62.04862004912,10.));
#1423 = DIRECTION('',(-0.707106781187,-0.707106781187,0.));
#1424 = DIRECTION('',(0.,0.,1.));
#1425 = DEFINITIONAL_REPRESENTATION('',(#1426),#1429);
#1426 = B_SPLINE_CURVE_WITH_KNOTS('',1,(#1427,#1428),.UNSPECIFIED.,.F.,
  .F.,(2,2),(-48.775,-47.475),.PIECEWISE_BEZIER_KNOTS.);
#1427 = CARTESIAN_POINT('',(4.,1.3));
#1428 = CARTESIAN_POINT('',(4.,0.));
#1429 = ( GEOMETRIC_REPRESENTATION_CONTEXT(2) 
PARAMETRIC_REPRESENTATION_CONTEXT() REPRESENTATION_CONTEXT('2D SPACE',''
  ) );
#1430 = ORIENTED_EDGE('',*,*,#1431,.F.);
#1431 = EDGE_CURVE('',#1352,#1406,#1432,.T.);
#1432 = SURFACE_CURVE('',#1433,(#1437,#1443),.PCURVE_S1.);
#1433 = LINE('',#1434,#1435);
#1434 = CARTESIAN_POINT('',(-65.51344327693,70.604612101477,14.));
#1435 = VECTOR('',#1436,1.);
#1436 = DIRECTION('',(-0.707106781187,-0.707106781187,0.));
#1437 = PCURVE('',#43,#1438);
#1438 = DEFINITIONAL_REPRESENTATION('',(#1439),#1442);
#1439 = B_SPLINE_CURVE_WITH_KNOTS('',1,(#1440,#1441),.UNSPECIFIED.,.F.,
  .F.,(2,2),(-3.6,10.8),.PIECEWISE_BEZIER_KNOTS.);
#1440 = CARTESIAN_POINT('',(-62.96785886466,73.150196513748));
#1441 = CARTESIAN_POINT('',(-73.15019651374,62.967858864662));
#1442 = ( GEOMETRIC_REPRESENTATION_CONTEXT(2) 
PARAMETRIC_REPRESENTATION_CONTEXT() REPRESENTATION_CONTEXT('2D SPACE',''
  ) );
#1443 = PCURVE('',#1444,#1449);
#1444 = PLANE('',#1445);
#1445 = AXIS2_PLACEMENT_3D('',#1446,#1447,#1448);
#1446 = CARTESIAN_POINT('',(-62.96785886466,73.150196513748,10.));
#1447 = DIRECTION('',(-0.707106781187,0.707106781187,0.));
#1448 = DIRECTION('',(0.,0.,1.));
#1449 = DEFINITIONAL_REPRESENTATION('',(#1450),#1453);
#1450 = B_SPLINE_CURVE_WITH_KNOTS('',1,(#1451,#1452),.UNSPECIFIED.,.F.,
  .F.,(2,2),(-3.6,10.8),.PIECEWISE_BEZIER_KNOTS.);
#1451 = CARTESIAN_POINT('',(4.,0.));
#1452 = CARTESIAN_POINT('',(4.,-14.4));
#1453 = ( GEOMETRIC_REPRESENTATION_CONTEXT(2) 
PARAMETRIC_REPRESENTATION_CONTEXT() REPRESENTATION_CONTEXT('2D SPACE',''
  ) );
#1454 = FACE_BOUND('',#1455,.T.);
#1455 = EDGE_LOOP('',(#1456));
#1456 = ORIENTED_EDGE('',*,*,#1457,.F.);
#1457 = EDGE_CURVE('',#1458,#1458,#1460,.T.);
#1458 = VERTEX_POINT('',#1459);
#1459 = CARTESIAN_POINT('',(4.5,100.,14.));
#1460 = SURFACE_CURVE('',#1461,(#1466,#1473),.PCURVE_S1.);
#1461 = CIRCLE('',#1462,4.5);
#1462 = AXIS2_PLACEMENT_3D('',#1463,#1464,#1465);
#1463 = CARTESIAN_POINT('',(0.,100.,14.));
#1464 = DIRECTION('',(0.,0.,1.));
#1465 = DIRECTION('',(1.,0.,0.));
#1466 = PCURVE('',#43,#1467);
#1467 = DEFINITIONAL_REPRESENTATION('',(#1468),#1472);
#1468 = CIRCLE('',#1469,4.5);
#1469 = AXIS2_PLACEMENT_2D('',#1470,#1471);
#1470 = CARTESIAN_POINT('',(9.72401872028E-15,100.));
#1471 = DIRECTION('',(1.,0.));
#1472 = ( GEOMETRIC_REPRESENTATION_CONTEXT(2) 
PARAMETRIC_REPRESENTATION_CONTEXT() REPRESENTATION_CONTEXT('2D SPACE',''
  ) );
#1473 = PCURVE('',#1474,#1479);
#1474 = CYLINDRICAL_SURFACE('',#1475,4.5);
#1475 = AXIS2_PLACEMENT_3D('',#1476,#1477,#1478);
#1476 = CARTESIAN_POINT('',(0.,100.,14.));
#1477 = DIRECTION('',(-0.,-0.,-1.));
#1478 = DIRECTION('',(1.,0.,0.));
#1479 = DEFINITIONAL_REPRESENTATION('',(#1480),#1484);
#1480 = LINE('',#1481,#1482);
#1481 = CARTESIAN_POINT('',(-0.,0.));
#1482 = VECTOR('',#1483,1.);
#1483 = DIRECTION('',(-1.,0.));
#1484 = ( GEOMETRIC_REPRESENTATION_CONTEXT(2) 
PARAMETRIC_REPRESENTATION_CONTEXT() REPRESENTATION_CONTEXT('2D SPACE',''
  ) );
#1485 = FACE_BOUND('',#1486,.T.);
#1486 = EDGE_LOOP('',(#1487,#1515,#1541,#1567));
#1487 = ORIENTED_EDGE('',*,*,#1488,.T.);
#1488 = EDGE_CURVE('',#1489,#1491,#1493,.T.);
#1489 = VERTEX_POINT('',#1490);
#1490 = CARTESIAN_POINT('',(73.150196513748,62.967858864662,14.));
#1491 = VERTEX_POINT('',#1492);
#1492 = CARTESIAN_POINT('',(72.230957698206,62.04862004912,14.));
#1493 = SURFACE_CURVE('',#1494,(#1498,#1504),.PCURVE_S1.);
#1494 = LINE('',#1495,#1496);
#1495 = CARTESIAN_POINT('',(38.661063261374,28.478725612288,14.));
#1496 = VECTOR('',#1497,1.);
#1497 = DIRECTION('',(-0.707106781187,-0.707106781187,0.));
#1498 = PCURVE('',#43,#1499);
#1499 = DEFINITIONAL_REPRESENTATION('',(#1500),#1503);
#1500 = B_SPLINE_CURVE_WITH_KNOTS('',1,(#1501,#1502),.UNSPECIFIED.,.F.,
  .F.,(2,2),(-48.775,-47.475),.PIECEWISE_BEZIER_KNOTS.);
#1501 = CARTESIAN_POINT('',(73.150196513748,62.967858864662));
#1502 = CARTESIAN_POINT('',(72.230957698206,62.04862004912));
#1503 = ( GEOMETRIC_REPRESENTATION_CONTEXT(2) 
PARAMETRIC_REPRESENTATION_CONTEXT() REPRESENTATION_CONTEXT('2D SPACE',''
  ) );
#1504 = PCURVE('',#1505,#1510);
#1505 = PLANE('',#1506);
#1506 = AXIS2_PLACEMENT_3D('',#1507,#1508,#1509);
#1507 = CARTESIAN_POINT('',(72.230957698206,62.04862004912,10.));
#1508 = DIRECTION('',(-0.707106781187,0.707106781187,0.));
#1509 = DIRECTION('',(0.,0.,1.));
#1510 = DEFINITIONAL_REPRESENTATION('',(#1511),#1514);
#1511 = B_SPLINE_CURVE_WITH_KNOTS('',1,(#1512,#1513),.UNSPECIFIED.,.F.,
  .F.,(2,2),(-48.775,-47.475),.PIECEWISE_BEZIER_KNOTS.);
#1512 = CARTESIAN_POINT('',(4.,1.3));
#1513 = CARTESIAN_POINT('',(4.,0.));
#1514 = ( GEOMETRIC_REPRESENTATION_CONTEXT(2) 
PARAMETRIC_REPRESENTATION_CONTEXT() REPRESENTATION_CONTEXT('2D SPACE',''
  ) );
#1515 = ORIENTED_EDGE('',*,*,#1516,.T.);
#1516 = EDGE_CURVE('',#1491,#1517,#1519,.T.);
#1517 = VERTEX_POINT('',#1518);
#1518 = CARTESIAN_POINT('',(62.04862004912,72.230957698206,14.));
#1519 = SURFACE_CURVE('',#1520,(#1524,#1530),.PCURVE_S1.);
#1520 = LINE('',#1521,#1522);
#1521 = CARTESIAN_POINT('',(69.685373285934,64.594204461391,14.));
#1522 = VECTOR('',#1523,1.);
#1523 = DIRECTION('',(-0.707106781187,0.707106781187,0.));
#1524 = PCURVE('',#43,#1525);
#1525 = DEFINITIONAL_REPRESENTATION('',(#1526),#1529);
#1526 = B_SPLINE_CURVE_WITH_KNOTS('',1,(#1527,#1528),.UNSPECIFIED.,.F.,
  .F.,(2,2),(-3.6,10.8),.PIECEWISE_BEZIER_KNOTS.);
#1527 = CARTESIAN_POINT('',(72.230957698206,62.04862004912));
#1528 = CARTESIAN_POINT('',(62.04862004912,72.230957698206));
#1529 = ( GEOMETRIC_REPRESENTATION_CONTEXT(2) 
PARAMETRIC_REPRESENTATION_CONTEXT() REPRESENTATION_CONTEXT('2D SPACE',''
  ) );
#1530 = PCURVE('',#1531,#1536);
#1531 = PLANE('',#1532);
#1532 = AXIS2_PLACEMENT_3D('',#1533,#1534,#1535);
#1533 = CARTESIAN_POINT('',(72.230957698206,62.04862004912,10.));
#1534 = DIRECTION('',(0.707106781187,0.707106781187,0.));
#1535 = DIRECTION('',(0.,0.,1.));
#1536 = DEFINITIONAL_REPRESENTATION('',(#1537),#1540);
#1537 = B_SPLINE_CURVE_WITH_KNOTS('',1,(#1538,#1539),.UNSPECIFIED.,.F.,
  .F.,(2,2),(-3.6,10.8),.PIECEWISE_BEZIER_KNOTS.);
#1538 = CARTESIAN_POINT('',(4.,0.));
#1539 = CARTESIAN_POINT('',(4.,-14.4));
#1540 = ( GEOMETRIC_REPRESENTATION_CONTEXT(2) 
PARAMETRIC_REPRESENTATION_CONTEXT() REPRESENTATION_CONTEXT('2D SPACE',''
  ) );
#1541 = ORIENTED_EDGE('',*,*,#1542,.F.);
#1542 = EDGE_CURVE('',#1543,#1517,#1545,.T.);
#1543 = VERTEX_POINT('',#1544);
#1544 = CARTESIAN_POINT('',(62.967858864662,73.150196513748,14.));
#1545 = SURFACE_CURVE('',#1546,(#1550,#1556),.PCURVE_S1.);
#1546 = LINE('',#1547,#1548);
#1547 = CARTESIAN_POINT('',(28.478725612288,38.661063261374,14.));
#1548 = VECTOR('',#1549,1.);
#1549 = DIRECTION('',(-0.707106781187,-0.707106781187,0.));
#1550 = PCURVE('',#43,#1551);
#1551 = DEFINITIONAL_REPRESENTATION('',(#1552),#1555);
#1552 = B_SPLINE_CURVE_WITH_KNOTS('',1,(#1553,#1554),.UNSPECIFIED.,.F.,
  .F.,(2,2),(-48.775,-47.475),.PIECEWISE_BEZIER_KNOTS.);
#1553 = CARTESIAN_POINT('',(62.967858864662,73.150196513748));
#1554 = CARTESIAN_POINT('',(62.04862004912,72.230957698206));
#1555 = ( GEOMETRIC_REPRESENTATION_CONTEXT(2) 
PARAMETRIC_REPRESENTATION_CONTEXT() REPRESENTATION_CONTEXT('2D SPACE',''
  ) );
#1556 = PCURVE('',#1557,#1562);
#1557 = PLANE('',#1558);
#1558 = AXIS2_PLACEMENT_3D('',#1559,#1560,#1561);
#1559 = CARTESIAN_POINT('',(62.04862004912,72.230957698206,10.));
#1560 = DIRECTION('',(-0.707106781187,0.707106781187,0.));
#1561 = DIRECTION('',(0.,0.,1.));
#1562 = DEFINITIONAL_REPRESENTATION('',(#1563),#1566);
#1563 = B_SPLINE_CURVE_WITH_KNOTS('',1,(#1564,#1565),.UNSPECIFIED.,.F.,
  .F.,(2,2),(-48.775,-47.475),.PIECEWISE_BEZIER_KNOTS.);
#1564 = CARTESIAN_POINT('',(4.,1.3));
#1565 = CARTESIAN_POINT('',(4.,0.));
#1566 = ( GEOMETRIC_REPRESENTATION_CONTEXT(2) 
PARAMETRIC_REPRESENTATION_CONTEXT() REPRESENTATION_CONTEXT('2D SPACE',''
  ) );
#1567 = ORIENTED_EDGE('',*,*,#1568,.F.);
#1568 = EDGE_CURVE('',#1489,#1543,#1569,.T.);
#1569 = SURFACE_CURVE('',#1570,(#1574,#1580),.PCURVE_S1.);
#1570 = LINE('',#1571,#1572);
#1571 = CARTESIAN_POINT('',(70.604612101477,65.513443276934,14.));
#1572 = VECTOR('',#1573,1.);
#1573 = DIRECTION('',(-0.707106781187,0.707106781187,0.));
#1574 = PCURVE('',#43,#1575);
#1575 = DEFINITIONAL_REPRESENTATION('',(#1576),#1579);
#1576 = B_SPLINE_CURVE_WITH_KNOTS('',1,(#1577,#1578),.UNSPECIFIED.,.F.,
  .F.,(2,2),(-3.6,10.8),.PIECEWISE_BEZIER_KNOTS.);
#1577 = CARTESIAN_POINT('',(73.150196513748,62.967858864662));
#1578 = CARTESIAN_POINT('',(62.967858864662,73.150196513748));
#1579 = ( GEOMETRIC_REPRESENTATION_CONTEXT(2) 
PARAMETRIC_REPRESENTATION_CONTEXT() REPRESENTATION_CONTEXT('2D SPACE',''
  ) );
#1580 = PCURVE('',#1581,#1586);
#1581 = PLANE('',#1582);
#1582 = AXIS2_PLACEMENT_3D('',#1583,#1584,#1585);
#1583 = CARTESIAN_POINT('',(73.150196513748,62.967858864662,10.));
#1584 = DIRECTION('',(0.707106781187,0.707106781187,0.));
#1585 = DIRECTION('',(0.,0.,1.));
#1586 = DEFINITIONAL_REPRESENTATION('',(#1587),#1590);
#1587 = B_SPLINE_CURVE_WITH_KNOTS('',1,(#1588,#1589),.UNSPECIFIED.,.F.,
  .F.,(2,2),(-3.6,10.8),.PIECEWISE_BEZIER_KNOTS.);
#1588 = CARTESIAN_POINT('',(4.,0.));
#1589 = CARTESIAN_POINT('',(4.,-14.4));
#1590 = ( GEOMETRIC_REPRESENTATION_CONTEXT(2) 
PARAMETRIC_REPRESENTATION_CONTEXT() REPRESENTATION_CONTEXT('2D SPACE',''
  ) );
#1591 = FACE_BOUND('',#1592,.T.);
#1592 = EDGE_LOOP('',(#1593,#1621,#1647,#1673));
#1593 = ORIENTED_EDGE('',*,*,#1594,.T.);
#1594 = EDGE_CURVE('',#1595,#1597,#1599,.T.);
#1595 = VERTEX_POINT('',#1596);
#1596 = CARTESIAN_POINT('',(81.211213819275,71.028876170189,14.));
#1597 = VERTEX_POINT('',#1598);
#1598 = CARTESIAN_POINT('',(80.291975003732,70.109637354646,14.));
#1599 = SURFACE_CURVE('',#1600,(#1604,#1610),.PCURVE_S1.);
#1600 = LINE('',#1601,#1602);
#1601 = CARTESIAN_POINT('',(42.691571914138,32.509234265052,14.));
#1602 = VECTOR('',#1603,1.);
#1603 = DIRECTION('',(-0.707106781187,-0.707106781187,0.));
#1604 = PCURVE('',#43,#1605);
#1605 = DEFINITIONAL_REPRESENTATION('',(#1606),#1609);
#1606 = B_SPLINE_CURVE_WITH_KNOTS('',1,(#1607,#1608),.UNSPECIFIED.,.F.,
  .F.,(2,2),(-54.475,-53.175),.PIECEWISE_BEZIER_KNOTS.);
#1607 = CARTESIAN_POINT('',(81.211213819275,71.028876170189));
#1608 = CARTESIAN_POINT('',(80.291975003732,70.109637354646));
#1609 = ( GEOMETRIC_REPRESENTATION_CONTEXT(2) 
PARAMETRIC_REPRESENTATION_CONTEXT() REPRESENTATION_CONTEXT('2D SPACE',''
  ) );
#1610 = PCURVE('',#1611,#1616);
#1611 = PLANE('',#1612);
#1612 = AXIS2_PLACEMENT_3D('',#1613,#1614,#1615);
#1613 = CARTESIAN_POINT('',(80.291975003732,70.109637354646,10.));
#1614 = DIRECTION('',(-0.707106781187,0.707106781187,0.));
#1615 = DIRECTION('',(0.,0.,1.));
#1616 = DEFINITIONAL_REPRESENTATION('',(#1617),#1620);
#1617 = B_SPLINE_CURVE_WITH_KNOTS('',1,(#1618,#1619),.UNSPECIFIED.,.F.,
  .F.,(2,2),(-54.475,-53.175),.PIECEWISE_BEZIER_KNOTS.);
#1618 = CARTESIAN_POINT('',(4.,1.3));
#1619 = CARTESIAN_POINT('',(4.,0.));
#1620 = ( GEOMETRIC_REPRESENTATION_CONTEXT(2) 
PARAMETRIC_REPRESENTATION_CONTEXT() REPRESENTATION_CONTEXT('2D SPACE',''
  ) );
#1621 = ORIENTED_EDGE('',*,*,#1622,.T.);
#1622 = EDGE_CURVE('',#1597,#1623,#1625,.T.);
#1623 = VERTEX_POINT('',#1624);
#1624 = CARTESIAN_POINT('',(70.109637354646,80.291975003732,14.));
#1625 = SURFACE_CURVE('',#1626,(#1630,#1636),.PCURVE_S1.);
#1626 = LINE('',#1627,#1628);
#1627 = CARTESIAN_POINT('',(77.746390591461,72.655221766918,14.));
#1628 = VECTOR('',#1629,1.);
#1629 = DIRECTION('',(-0.707106781187,0.707106781187,0.));
#1630 = PCURVE('',#43,#1631);
#1631 = DEFINITIONAL_REPRESENTATION('',(#1632),#1635);
#1632 = B_SPLINE_CURVE_WITH_KNOTS('',1,(#1633,#1634),.UNSPECIFIED.,.F.,
  .F.,(2,2),(-3.6,10.8),.PIECEWISE_BEZIER_KNOTS.);
#1633 = CARTESIAN_POINT('',(80.291975003733,70.109637354646));
#1634 = CARTESIAN_POINT('',(70.109637354646,80.291975003732));
#1635 = ( GEOMETRIC_REPRESENTATION_CONTEXT(2) 
PARAMETRIC_REPRESENTATION_CONTEXT() REPRESENTATION_CONTEXT('2D SPACE',''
  ) );
#1636 = PCURVE('',#1637,#1642);
#1637 = PLANE('',#1638);
#1638 = AXIS2_PLACEMENT_3D('',#1639,#1640,#1641);
#1639 = CARTESIAN_POINT('',(80.291975003732,70.109637354646,10.));
#1640 = DIRECTION('',(0.707106781187,0.707106781187,0.));
#1641 = DIRECTION('',(0.,0.,1.));
#1642 = DEFINITIONAL_REPRESENTATION('',(#1643),#1646);
#1643 = B_SPLINE_CURVE_WITH_KNOTS('',1,(#1644,#1645),.UNSPECIFIED.,.F.,
  .F.,(2,2),(-3.6,10.8),.PIECEWISE_BEZIER_KNOTS.);
#1644 = CARTESIAN_POINT('',(4.,0.));
#1645 = CARTESIAN_POINT('',(4.,-14.4));
#1646 = ( GEOMETRIC_REPRESENTATION_CONTEXT(2) 
PARAMETRIC_REPRESENTATION_CONTEXT() REPRESENTATION_CONTEXT('2D SPACE',''
  ) );
#1647 = ORIENTED_EDGE('',*,*,#1648,.F.);
#1648 = EDGE_CURVE('',#1649,#1623,#1651,.T.);
#1649 = VERTEX_POINT('',#1650);
#1650 = CARTESIAN_POINT('',(71.028876170189,81.211213819275,14.));
#1651 = SURFACE_CURVE('',#1652,(#1656,#1662),.PCURVE_S1.);
#1652 = LINE('',#1653,#1654);
#1653 = CARTESIAN_POINT('',(32.509234265052,42.691571914138,14.));
#1654 = VECTOR('',#1655,1.);
#1655 = DIRECTION('',(-0.707106781187,-0.707106781187,0.));
#1656 = PCURVE('',#43,#1657);
#1657 = DEFINITIONAL_REPRESENTATION('',(#1658),#1661);
#1658 = B_SPLINE_CURVE_WITH_KNOTS('',1,(#1659,#1660),.UNSPECIFIED.,.F.,
  .F.,(2,2),(-54.475,-53.175),.PIECEWISE_BEZIER_KNOTS.);
#1659 = CARTESIAN_POINT('',(71.028876170189,81.211213819275));
#1660 = CARTESIAN_POINT('',(70.109637354646,80.291975003732));
#1661 = ( GEOMETRIC_REPRESENTATION_CONTEXT(2) 
PARAMETRIC_REPRESENTATION_CONTEXT() REPRESENTATION_CONTEXT('2D SPACE',''
  ) );
#1662 = PCURVE('',#1663,#1668);
#1663 = PLANE('',#1664);
#1664 = AXIS2_PLACEMENT_3D('',#1665,#1666,#1667);
#1665 = CARTESIAN_POINT('',(70.109637354646,80.291975003732,10.));
#1666 = DIRECTION('',(-0.707106781187,0.707106781187,0.));
#1667 = DIRECTION('',(0.,0.,1.));
#1668 = DEFINITIONAL_REPRESENTATION('',(#1669),#1672);
#1669 = B_SPLINE_CURVE_WITH_KNOTS('',1,(#1670,#1671),.UNSPECIFIED.,.F.,
  .F.,(2,2),(-54.475,-53.175),.PIECEWISE_BEZIER_KNOTS.);
#1670 = CARTESIAN_POINT('',(4.,1.3));
#1671 = CARTESIAN_POINT('',(4.,0.));
#1672 = ( GEOMETRIC_REPRESENTATION_CONTEXT(2) 
PARAMETRIC_REPRESENTATION_CONTEXT() REPRESENTATION_CONTEXT('2D SPACE',''
  ) );
#1673 = ORIENTED_EDGE('',*,*,#1674,.F.);
#1674 = EDGE_CURVE('',#1595,#1649,#1675,.T.);
#1675 = SURFACE_CURVE('',#1676,(#1680,#1686),.PCURVE_S1.);
#1676 = LINE('',#1677,#1678);
#1677 = CARTESIAN_POINT('',(78.665629407003,73.57446058246,14.));
#1678 = VECTOR('',#1679,1.);
#1679 = DIRECTION('',(-0.707106781187,0.707106781187,0.));
#1680 = PCURVE('',#43,#1681);
#1681 = DEFINITIONAL_REPRESENTATION('',(#1682),#1685);
#1682 = B_SPLINE_CURVE_WITH_KNOTS('',1,(#1683,#1684),.UNSPECIFIED.,.F.,
  .F.,(2,2),(-3.6,10.8),.PIECEWISE_BEZIER_KNOTS.);
#1683 = CARTESIAN_POINT('',(81.211213819275,71.028876170189));
#1684 = CARTESIAN_POINT('',(71.028876170189,81.211213819275));
#1685 = ( GEOMETRIC_REPRESENTATION_CONTEXT(2) 
PARAMETRIC_REPRESENTATION_CONTEXT() REPRESENTATION_CONTEXT('2D SPACE',''
  ) );
#1686 = PCURVE('',#1687,#1692);
#1687 = PLANE('',#1688);
#1688 = AXIS2_PLACEMENT_3D('',#1689,#1690,#1691);
#1689 = CARTESIAN_POINT('',(81.211213819275,71.028876170189,10.));
#1690 = DIRECTION('',(0.707106781187,0.707106781187,0.));
#1691 = DIRECTION('',(0.,0.,1.));
#1692 = DEFINITIONAL_REPRESENTATION('',(#1693),#1696);
#1693 = B_SPLINE_CURVE_WITH_KNOTS('',1,(#1694,#1695),.UNSPECIFIED.,.F.,
  .F.,(2,2),(-3.6,10.8),.PIECEWISE_BEZIER_KNOTS.);
#1694 = CARTESIAN_POINT('',(4.,0.));
#1695 = CARTESIAN_POINT('',(4.,-14.4));
#1696 = ( GEOMETRIC_REPRESENTATION_CONTEXT(2) 
PARAMETRIC_REPRESENTATION_CONTEXT() REPRESENTATION_CONTEXT('2D SPACE',''
  ) );
#1697 = ADVANCED_FACE('',(#1698,#1701,#1736,#1771,#1806,#1841),#93,.F.);
#1698 = FACE_BOUND('',#1699,.F.);
#1699 = EDGE_LOOP('',(#1700));
#1700 = ORIENTED_EDGE('',*,*,#78,.T.);
#1701 = FACE_BOUND('',#1702,.F.);
#1702 = EDGE_LOOP('',(#1703));
#1703 = ORIENTED_EDGE('',*,*,#1704,.T.);
#1704 = EDGE_CURVE('',#1705,#1705,#1707,.T.);
#1705 = VERTEX_POINT('',#1706);
#1706 = CARTESIAN_POINT('',(-18.74898987322,-19.79898987322,0.));
#1707 = SURFACE_CURVE('',#1708,(#1713,#1724),.PCURVE_S1.);
#1708 = CIRCLE('',#1709,1.05);
#1709 = AXIS2_PLACEMENT_3D('',#1710,#1711,#1712);
#1710 = CARTESIAN_POINT('',(-19.79898987322,-19.79898987322,0.));
#1711 = DIRECTION('',(0.,0.,-1.));
#1712 = DIRECTION('',(1.,0.,0.));
#1713 = PCURVE('',#93,#1714);
#1714 = DEFINITIONAL_REPRESENTATION('',(#1715),#1723);
#1715 = ( BOUNDED_CURVE() B_SPLINE_CURVE(2,(#1716,#1717,#1718,#1719,
#1720,#1721,#1722),.UNSPECIFIED.,.T.,.F.) B_SPLINE_CURVE_WITH_KNOTS((1,2
    ,2,2,2,1),(-2.094395102393,0.,2.094395102393,4.188790204786,
6.28318530718,8.377580409573),.UNSPECIFIED.) CURVE() 
GEOMETRIC_REPRESENTATION_ITEM() RATIONAL_B_SPLINE_CURVE((1.,0.5,1.,0.5,
1.,0.5,1.)) REPRESENTATION_ITEM('') );
#1716 = CARTESIAN_POINT('',(-18.74898987322,-19.79898987322));
#1717 = CARTESIAN_POINT('',(-18.74898987322,-21.61764322117));
#1718 = CARTESIAN_POINT('',(-20.32398987322,-20.70831654719));
#1719 = CARTESIAN_POINT('',(-21.89898987322,-19.79898987322));
#1720 = CARTESIAN_POINT('',(-20.32398987322,-18.88966319925));
#1721 = CARTESIAN_POINT('',(-18.74898987322,-17.98033652527));
#1722 = CARTESIAN_POINT('',(-18.74898987322,-19.79898987322));
#1723 = ( GEOMETRIC_REPRESENTATION_CONTEXT(2) 
PARAMETRIC_REPRESENTATION_CONTEXT() REPRESENTATION_CONTEXT('2D SPACE',''
  ) );
#1724 = PCURVE('',#1725,#1730);
#1725 = CYLINDRICAL_SURFACE('',#1726,1.05);
#1726 = AXIS2_PLACEMENT_3D('',#1727,#1728,#1729);
#1727 = CARTESIAN_POINT('',(-19.79898987322,-19.79898987322,-0.1));
#1728 = DIRECTION('',(-0.,-0.,-1.));
#1729 = DIRECTION('',(1.,0.,0.));
#1730 = DEFINITIONAL_REPRESENTATION('',(#1731),#1735);
#1731 = LINE('',#1732,#1733);
#1732 = CARTESIAN_POINT('',(-6.28318530718,-0.1));
#1733 = VECTOR('',#1734,1.);
#1734 = DIRECTION('',(1.,-0.));
#1735 = ( GEOMETRIC_REPRESENTATION_CONTEXT(2) 
PARAMETRIC_REPRESENTATION_CONTEXT() REPRESENTATION_CONTEXT('2D SPACE',''
  ) );
#1736 = FACE_BOUND('',#1737,.F.);
#1737 = EDGE_LOOP('',(#1738));
#1738 = ORIENTED_EDGE('',*,*,#1739,.T.);
#1739 = EDGE_CURVE('',#1740,#1740,#1742,.T.);
#1740 = VERTEX_POINT('',#1741);
#1741 = CARTESIAN_POINT('',(20.848989873223,-19.79898987322,0.));
#1742 = SURFACE_CURVE('',#1743,(#1748,#1759),.PCURVE_S1.);
#1743 = CIRCLE('',#1744,1.05);
#1744 = AXIS2_PLACEMENT_3D('',#1745,#1746,#1747);
#1745 = CARTESIAN_POINT('',(19.798989873223,-19.79898987322,0.));
#1746 = DIRECTION('',(0.,0.,-1.));
#1747 = DIRECTION('',(1.,0.,0.));
#1748 = PCURVE('',#93,#1749);
#1749 = DEFINITIONAL_REPRESENTATION('',(#1750),#1758);
#1750 = ( BOUNDED_CURVE() B_SPLINE_CURVE(2,(#1751,#1752,#1753,#1754,
#1755,#1756,#1757),.UNSPECIFIED.,.T.,.F.) B_SPLINE_CURVE_WITH_KNOTS((1,2
    ,2,2,2,1),(-2.094395102393,0.,2.094395102393,4.188790204786,
6.28318530718,8.377580409573),.UNSPECIFIED.) CURVE() 
GEOMETRIC_REPRESENTATION_ITEM() RATIONAL_B_SPLINE_CURVE((1.,0.5,1.,0.5,
1.,0.5,1.)) REPRESENTATION_ITEM('') );
#1751 = CARTESIAN_POINT('',(20.848989873223,-19.79898987322));
#1752 = CARTESIAN_POINT('',(20.848989873223,-21.61764322117));
#1753 = CARTESIAN_POINT('',(19.273989873223,-20.70831654719));
#1754 = CARTESIAN_POINT('',(17.698989873223,-19.79898987322));
#1755 = CARTESIAN_POINT('',(19.273989873223,-18.88966319925));
#1756 = CARTESIAN_POINT('',(20.848989873223,-17.98033652527));
#1757 = CARTESIAN_POINT('',(20.848989873223,-19.79898987322));
#1758 = ( GEOMETRIC_REPRESENTATION_CONTEXT(2) 
PARAMETRIC_REPRESENTATION_CONTEXT() REPRESENTATION_CONTEXT('2D SPACE',''
  ) );
#1759 = PCURVE('',#1760,#1765);
#1760 = CYLINDRICAL_SURFACE('',#1761,1.05);
#1761 = AXIS2_PLACEMENT_3D('',#1762,#1763,#1764);
#1762 = CARTESIAN_POINT('',(19.798989873223,-19.79898987322,-0.1));
#1763 = DIRECTION('',(-0.,-0.,-1.));
#1764 = DIRECTION('',(1.,0.,0.));
#1765 = DEFINITIONAL_REPRESENTATION('',(#1766),#1770);
#1766 = LINE('',#1767,#1768);
#1767 = CARTESIAN_POINT('',(-6.28318530718,-0.1));
#1768 = VECTOR('',#1769,1.);
#1769 = DIRECTION('',(1.,-0.));
#1770 = ( GEOMETRIC_REPRESENTATION_CONTEXT(2) 
PARAMETRIC_REPRESENTATION_CONTEXT() REPRESENTATION_CONTEXT('2D SPACE',''
  ) );
#1771 = FACE_BOUND('',#1772,.F.);
#1772 = EDGE_LOOP('',(#1773));
#1773 = ORIENTED_EDGE('',*,*,#1774,.T.);
#1774 = EDGE_CURVE('',#1775,#1775,#1777,.T.);
#1775 = VERTEX_POINT('',#1776);
#1776 = CARTESIAN_POINT('',(-18.74898987322,19.798989873223,0.));
#1777 = SURFACE_CURVE('',#1778,(#1783,#1794),.PCURVE_S1.);
#1778 = CIRCLE('',#1779,1.05);
#1779 = AXIS2_PLACEMENT_3D('',#1780,#1781,#1782);
#1780 = CARTESIAN_POINT('',(-19.79898987322,19.798989873223,0.));
#1781 = DIRECTION('',(0.,0.,-1.));
#1782 = DIRECTION('',(1.,0.,0.));
#1783 = PCURVE('',#93,#1784);
#1784 = DEFINITIONAL_REPRESENTATION('',(#1785),#1793);
#1785 = ( BOUNDED_CURVE() B_SPLINE_CURVE(2,(#1786,#1787,#1788,#1789,
#1790,#1791,#1792),.UNSPECIFIED.,.T.,.F.) B_SPLINE_CURVE_WITH_KNOTS((1,2
    ,2,2,2,1),(-2.094395102393,0.,2.094395102393,4.188790204786,
6.28318530718,8.377580409573),.UNSPECIFIED.) CURVE() 
GEOMETRIC_REPRESENTATION_ITEM() RATIONAL_B_SPLINE_CURVE((1.,0.5,1.,0.5,
1.,0.5,1.)) REPRESENTATION_ITEM('') );
#1786 = CARTESIAN_POINT('',(-18.74898987322,19.798989873223));
#1787 = CARTESIAN_POINT('',(-18.74898987322,17.980336525276));
#1788 = CARTESIAN_POINT('',(-20.32398987322,18.88966319925));
#1789 = CARTESIAN_POINT('',(-21.89898987322,19.798989873223));
#1790 = CARTESIAN_POINT('',(-20.32398987322,20.708316547197));
#1791 = CARTESIAN_POINT('',(-18.74898987322,21.617643221171));
#1792 = CARTESIAN_POINT('',(-18.74898987322,19.798989873223));
#1793 = ( GEOMETRIC_REPRESENTATION_CONTEXT(2) 
PARAMETRIC_REPRESENTATION_CONTEXT() REPRESENTATION_CONTEXT('2D SPACE',''
  ) );
#1794 = PCURVE('',#1795,#1800);
#1795 = CYLINDRICAL_SURFACE('',#1796,1.05);
#1796 = AXIS2_PLACEMENT_3D('',#1797,#1798,#1799);
#1797 = CARTESIAN_POINT('',(-19.79898987322,19.798989873223,-0.1));
#1798 = DIRECTION('',(-0.,-0.,-1.));
#1799 = DIRECTION('',(1.,0.,0.));
#1800 = DEFINITIONAL_REPRESENTATION('',(#1801),#1805);
#1801 = LINE('',#1802,#1803);
#1802 = CARTESIAN_POINT('',(-6.28318530718,-0.1));
#1803 = VECTOR('',#1804,1.);
#1804 = DIRECTION('',(1.,-0.));
#1805 = ( GEOMETRIC_REPRESENTATION_CONTEXT(2) 
PARAMETRIC_REPRESENTATION_CONTEXT() REPRESENTATION_CONTEXT('2D SPACE',''
  ) );
#1806 = FACE_BOUND('',#1807,.F.);
#1807 = EDGE_LOOP('',(#1808));
#1808 = ORIENTED_EDGE('',*,*,#1809,.T.);
#1809 = EDGE_CURVE('',#1810,#1810,#1812,.T.);
#1810 = VERTEX_POINT('',#1811);
#1811 = CARTESIAN_POINT('',(26.,0.,0.));
#1812 = SURFACE_CURVE('',#1813,(#1818,#1829),.PCURVE_S1.);
#1813 = CIRCLE('',#1814,26.);
#1814 = AXIS2_PLACEMENT_3D('',#1815,#1816,#1817);
#1815 = CARTESIAN_POINT('',(0.,0.,0.));
#1816 = DIRECTION('',(0.,0.,-1.));
#1817 = DIRECTION('',(1.,0.,0.));
#1818 = PCURVE('',#93,#1819);
#1819 = DEFINITIONAL_REPRESENTATION('',(#1820),#1828);
#1820 = ( BOUNDED_CURVE() B_SPLINE_CURVE(2,(#1821,#1822,#1823,#1824,
#1825,#1826,#1827),.UNSPECIFIED.,.T.,.F.) B_SPLINE_CURVE_WITH_KNOTS((1,2
    ,2,2,2,1),(-2.094395102393,0.,2.094395102393,4.188790204786,
6.28318530718,8.377580409573),.UNSPECIFIED.) CURVE() 
GEOMETRIC_REPRESENTATION_ITEM() RATIONAL_B_SPLINE_CURVE((1.,0.5,1.,0.5,
1.,0.5,1.)) REPRESENTATION_ITEM('') );
#1821 = CARTESIAN_POINT('',(26.,4.40872847693E-15));
#1822 = CARTESIAN_POINT('',(26.,-45.03332099679));
#1823 = CARTESIAN_POINT('',(-13.,-22.51666049839));
#1824 = CARTESIAN_POINT('',(-52.,-1.959434878636E-15));
#1825 = CARTESIAN_POINT('',(-13.,22.516660498395));
#1826 = CARTESIAN_POINT('',(26.,45.033320996791));
#1827 = CARTESIAN_POINT('',(26.,4.40872847693E-15));
#1828 = ( GEOMETRIC_REPRESENTATION_CONTEXT(2) 
PARAMETRIC_REPRESENTATION_CONTEXT() REPRESENTATION_CONTEXT('2D SPACE',''
  ) );
#1829 = PCURVE('',#1830,#1835);
#1830 = CYLINDRICAL_SURFACE('',#1831,26.);
#1831 = AXIS2_PLACEMENT_3D('',#1832,#1833,#1834);
#1832 = CARTESIAN_POINT('',(0.,0.,-0.1));
#1833 = DIRECTION('',(-0.,-0.,-1.));
#1834 = DIRECTION('',(1.,0.,0.));
#1835 = DEFINITIONAL_REPRESENTATION('',(#1836),#1840);
#1836 = LINE('',#1837,#1838);
#1837 = CARTESIAN_POINT('',(-6.28318530718,-0.1));
#1838 = VECTOR('',#1839,1.);
#1839 = DIRECTION('',(1.,-0.));
#1840 = ( GEOMETRIC_REPRESENTATION_CONTEXT(2) 
PARAMETRIC_REPRESENTATION_CONTEXT() REPRESENTATION_CONTEXT('2D SPACE',''
  ) );
#1841 = FACE_BOUND('',#1842,.F.);
#1842 = EDGE_LOOP('',(#1843));
#1843 = ORIENTED_EDGE('',*,*,#1844,.T.);
#1844 = EDGE_CURVE('',#1845,#1845,#1847,.T.);
#1845 = VERTEX_POINT('',#1846);
#1846 = CARTESIAN_POINT('',(20.848989873223,19.798989873223,0.));
#1847 = SURFACE_CURVE('',#1848,(#1853,#1864),.PCURVE_S1.);
#1848 = CIRCLE('',#1849,1.05);
#1849 = AXIS2_PLACEMENT_3D('',#1850,#1851,#1852);
#1850 = CARTESIAN_POINT('',(19.798989873223,19.798989873223,0.));
#1851 = DIRECTION('',(0.,0.,-1.));
#1852 = DIRECTION('',(1.,0.,0.));
#1853 = PCURVE('',#93,#1854);
#1854 = DEFINITIONAL_REPRESENTATION('',(#1855),#1863);
#1855 = ( BOUNDED_CURVE() B_SPLINE_CURVE(2,(#1856,#1857,#1858,#1859,
#1860,#1861,#1862),.UNSPECIFIED.,.T.,.F.) B_SPLINE_CURVE_WITH_KNOTS((1,2
    ,2,2,2,1),(-2.094395102393,0.,2.094395102393,4.188790204786,
6.28318530718,8.377580409573),.UNSPECIFIED.) CURVE() 
GEOMETRIC_REPRESENTATION_ITEM() RATIONAL_B_SPLINE_CURVE((1.,0.5,1.,0.5,
1.,0.5,1.)) REPRESENTATION_ITEM('') );
#1856 = CARTESIAN_POINT('',(20.848989873223,19.798989873223));
#1857 = CARTESIAN_POINT('',(20.848989873223,17.980336525276));
#1858 = CARTESIAN_POINT('',(19.273989873223,18.88966319925));
#1859 = CARTESIAN_POINT('',(17.698989873223,19.798989873223));
#1860 = CARTESIAN_POINT('',(19.273989873223,20.708316547197));
#1861 = CARTESIAN_POINT('',(20.848989873223,21.617643221171));
#1862 = CARTESIAN_POINT('',(20.848989873223,19.798989873223));
#1863 = ( GEOMETRIC_REPRESENTATION_CONTEXT(2) 
PARAMETRIC_REPRESENTATION_CONTEXT() REPRESENTATION_CONTEXT('2D SPACE',''
  ) );
#1864 = PCURVE('',#1865,#1870);
#1865 = CYLINDRICAL_SURFACE('',#1866,1.05);
#1866 = AXIS2_PLACEMENT_3D('',#1867,#1868,#1869);
#1867 = CARTESIAN_POINT('',(19.798989873223,19.798989873223,-0.1));
#1868 = DIRECTION('',(-0.,-0.,-1.));
#1869 = DIRECTION('',(1.,0.,0.));
#1870 = DEFINITIONAL_REPRESENTATION('',(#1871),#1875);
#1871 = LINE('',#1872,#1873);
#1872 = CARTESIAN_POINT('',(-6.28318530718,-0.1));
#1873 = VECTOR('',#1874,1.);
#1874 = DIRECTION('',(1.,-0.));
#1875 = ( GEOMETRIC_REPRESENTATION_CONTEXT(2) 
PARAMETRIC_REPRESENTATION_CONTEXT() REPRESENTATION_CONTEXT('2D SPACE',''
  ) );
#1876 = ADVANCED_FACE('',(#1877),#206,.F.);
#1877 = FACE_BOUND('',#1878,.F.);
#1878 = EDGE_LOOP('',(#1879,#1880,#1903,#1982,#2050,#2129,#2201));
#1879 = ORIENTED_EDGE('',*,*,#108,.F.);
#1880 = ORIENTED_EDGE('',*,*,#1881,.F.);
#1881 = EDGE_CURVE('',#1882,#109,#1884,.T.);
#1882 = VERTEX_POINT('',#1883);
#1883 = CARTESIAN_POINT('',(89.784455222977,16.948391177096,3.6));
#1884 = SEAM_CURVE('',#1885,(#1889,#1896),.PCURVE_S1.);
#1885 = LINE('',#1886,#1887);
#1886 = CARTESIAN_POINT('',(85.487261516628,16.190679985336,3.6));
#1887 = VECTOR('',#1888,1.);
#1888 = DIRECTION('',(0.984807753012,0.173648177667,0.));
#1889 = PCURVE('',#206,#1890);
#1890 = DEFINITIONAL_REPRESENTATION('',(#1891),#1895);
#1891 = LINE('',#1892,#1893);
#1892 = CARTESIAN_POINT('',(6.28318530718,-0.));
#1893 = VECTOR('',#1894,1.);
#1894 = DIRECTION('',(0.,1.));
#1895 = ( GEOMETRIC_REPRESENTATION_CONTEXT(2) 
PARAMETRIC_REPRESENTATION_CONTEXT() REPRESENTATION_CONTEXT('2D SPACE',''
  ) );
#1896 = PCURVE('',#206,#1897);
#1897 = DEFINITIONAL_REPRESENTATION('',(#1898),#1902);
#1898 = LINE('',#1899,#1900);
#1899 = CARTESIAN_POINT('',(0.,-0.));
#1900 = VECTOR('',#1901,1.);
#1901 = DIRECTION('',(0.,1.));
#1902 = ( GEOMETRIC_REPRESENTATION_CONTEXT(2) 
PARAMETRIC_REPRESENTATION_CONTEXT() REPRESENTATION_CONTEXT('2D SPACE',''
  ) );
#1903 = ORIENTED_EDGE('',*,*,#1904,.T.);
#1904 = EDGE_CURVE('',#1882,#1905,#1907,.T.);
#1905 = VERTEX_POINT('',#1906);
#1906 = CARTESIAN_POINT('',(90.178274512062,15.107391457023,
    4.374201385595));
#1907 = SURFACE_CURVE('',#1908,(#1929,#1953),.PCURVE_S1.);
#1908 = B_SPLINE_CURVE_WITH_KNOTS('',7,(#1909,#1910,#1911,#1912,#1913,
    #1914,#1915,#1916,#1917,#1918,#1919,#1920,#1921,#1922,#1923,#1924,
    #1925,#1926,#1927,#1928),.UNSPECIFIED.,.F.,.F.,(8,6,6,8),(0.,
    0.336782391833,0.68138539237,1.),.UNSPECIFIED.);
#1909 = CARTESIAN_POINT('',(89.784455222977,16.948391177096,3.6));
#1910 = CARTESIAN_POINT('',(89.784455222977,16.948391177096,
    3.710775684427));
#1911 = CARTESIAN_POINT('',(89.789946614249,16.936143584788,
    3.821554916773));
#1912 = CARTESIAN_POINT('',(89.800928804526,16.91164722099,
    3.931055220932));
#1913 = CARTESIAN_POINT('',(89.8171764719,16.874794103556,4.037962580903
    ));
#1914 = CARTESIAN_POINT('',(89.838217166199,16.82539674491,
    4.140839433202));
#1915 = CARTESIAN_POINT('',(89.863319704661,16.76323845248,
    4.238012869837));
#1916 = CARTESIAN_POINT('',(89.920321255092,16.611311063254,4.4189499412
    ));
#1917 = CARTESIAN_POINT('',(89.952886871269,16.519541865055,
    4.504007554697));
#1918 = CARTESIAN_POINT('',(89.987756568261,16.41333158732,
    4.578035483365));
#1919 = CARTESIAN_POINT('',(90.022825655854,16.294337318296,
    4.637234863629));
#1920 = CARTESIAN_POINT('',(90.055893598987,16.165048387397,
    4.67861970851));
#1921 = CARTESIAN_POINT('',(90.085254613084,16.028632504824,4.7));
#1922 = CARTESIAN_POINT('',(90.132704836071,15.759528917865,4.7));
#1923 = CARTESIAN_POINT('',(90.150768259484,15.631356460407,
    4.681722887354));
#1924 = CARTESIAN_POINT('',(90.163782725106,15.507443769506,
    4.646126369473));
#1925 = CARTESIAN_POINT('',(90.172076724243,15.390779899033,
    4.594875920328));
#1926 = CARTESIAN_POINT('',(90.176539219747,15.28401619511,
    4.530322735673));
#1927 = CARTESIAN_POINT('',(90.178274512062,15.189199789106,
    4.45551772068));
#1928 = CARTESIAN_POINT('',(90.178274512062,15.107391457023,
    4.374201385595));
#1929 = PCURVE('',#206,#1930);
#1930 = DEFINITIONAL_REPRESENTATION('',(#1931),#1952);
#1931 = B_SPLINE_CURVE_WITH_KNOTS('',7,(#1932,#1933,#1934,#1935,#1936,
    #1937,#1938,#1939,#1940,#1941,#1942,#1943,#1944,#1945,#1946,#1947,
    #1948,#1949,#1950,#1951),.UNSPECIFIED.,.F.,.F.,(8,6,6,8),(0.,
    0.336782391833,0.68138539237,1.),.UNSPECIFIED.);
#1932 = CARTESIAN_POINT('',(0.,4.363484845854));
#1933 = CARTESIAN_POINT('',(0.100705167661,4.363484845854));
#1934 = CARTESIAN_POINT('',(0.201414548329,4.366766038469));
#1935 = CARTESIAN_POINT('',(0.302625135861,4.373327635666));
#1936 = CARTESIAN_POINT('',(0.404822592997,4.38292898778));
#1937 = CARTESIAN_POINT('',(0.508494715003,4.395072265344));
#1938 = CARTESIAN_POINT('',(0.614182140616,4.408999765634));
#1939 = CARTESIAN_POINT('',(0.833467328308,4.438753420156));
#1940 = CARTESIAN_POINT('',(0.949202278523,4.454888737416));
#1941 = CARTESIAN_POINT('',(1.068433945103,4.47078546418));
#1942 = CARTESIAN_POINT('',(1.190474763902,4.484658635564));
#1943 = CARTESIAN_POINT('',(1.314957127214,4.494773415094));
#1944 = CARTESIAN_POINT('',(1.441722451603,4.5));
#1945 = CARTESIAN_POINT('',(1.690136036651,4.5));
#1946 = CARTESIAN_POINT('',(1.807737712531,4.495532085759));
#1947 = CARTESIAN_POINT('',(1.923505067388,4.48683161944));
#1948 = CARTESIAN_POINT('',(2.037225004273,4.474741145586));
#1949 = CARTESIAN_POINT('',(2.148522941893,4.460596523129));
#1950 = CARTESIAN_POINT('',(2.256770059378,4.445840756339));
#1951 = CARTESIAN_POINT('',(2.360832750552,4.431634888555));
#1952 = ( GEOMETRIC_REPRESENTATION_CONTEXT(2) 
PARAMETRIC_REPRESENTATION_CONTEXT() REPRESENTATION_CONTEXT('2D SPACE',''
  ) );
#1953 = PCURVE('',#1954,#1959);
#1954 = CYLINDRICAL_SURFACE('',#1955,4.5);
#1955 = AXIS2_PLACEMENT_3D('',#1956,#1957,#1958);
#1956 = CARTESIAN_POINT('',(85.678274512062,15.107391457023,2.5));
#1957 = DIRECTION('',(-0.,-0.,-1.));
#1958 = DIRECTION('',(1.,0.,0.));
#1959 = DEFINITIONAL_REPRESENTATION('',(#1960),#1981);
#1960 = B_SPLINE_CURVE_WITH_KNOTS('',7,(#1961,#1962,#1963,#1964,#1965,
    #1966,#1967,#1968,#1969,#1970,#1971,#1972,#1973,#1974,#1975,#1976,
    #1977,#1978,#1979,#1980),.UNSPECIFIED.,.F.,.F.,(8,6,6,8),(0.,
    0.336782391833,0.68138539237,1.),.UNSPECIFIED.);
#1961 = CARTESIAN_POINT('',(-0.42147963976,-1.1));
#1962 = CARTESIAN_POINT('',(-0.42147963976,-1.210775684427));
#1963 = CARTESIAN_POINT('',(-0.418496908804,-1.321554916773));
#1964 = CARTESIAN_POINT('',(-0.41253121709,-1.431055220932));
#1965 = CARTESIAN_POINT('',(-0.403581243658,-1.537962580903));
#1966 = CARTESIAN_POINT('',(-0.391651854997,-1.640839433202));
#1967 = CARTESIAN_POINT('',(-0.376759644786,-1.738012869837));
#1968 = CARTESIAN_POINT('',(-0.340699949185,-1.9189499412));
#1969 = CARTESIAN_POINT('',(-0.319064342258,-2.004007554697));
#1970 = CARTESIAN_POINT('',(-0.294234055819,-2.078035483365));
#1971 = CARTESIAN_POINT('',(-0.266692902028,-2.137234863629));
#1972 = CARTESIAN_POINT('',(-0.237071460789,-2.17861970851));
#1973 = CARTESIAN_POINT('',(-0.206084316913,-2.2));
#1974 = CARTESIAN_POINT('',(-0.145360996124,-2.2));
#1975 = CARTESIAN_POINT('',(-0.116613870882,-2.181722887354));
#1976 = CARTESIAN_POINT('',(-8.895347852803E-02,-2.146126369473));
#1977 = CARTESIAN_POINT('',(-6.298515422281E-02,-2.094875920328));
#1978 = CARTESIAN_POINT('',(-3.924991279046E-02,-2.030322735673));
#1979 = CARTESIAN_POINT('',(-1.817962935173E-02,-1.95551772068));
#1980 = CARTESIAN_POINT('',(0.,-1.874201385595));
#1981 = ( GEOMETRIC_REPRESENTATION_CONTEXT(2) 
PARAMETRIC_REPRESENTATION_CONTEXT() REPRESENTATION_CONTEXT('2D SPACE',''
  ) );
#1982 = ORIENTED_EDGE('',*,*,#1983,.T.);
#1983 = EDGE_CURVE('',#1905,#1984,#1986,.T.);
#1984 = VERTEX_POINT('',#1985);
#1985 = CARTESIAN_POINT('',(90.178274512062,15.107391457023,
    2.825798614405));
#1986 = SURFACE_CURVE('',#1987,(#2006,#2028),.PCURVE_S1.);
#1987 = B_SPLINE_CURVE_WITH_KNOTS('',5,(#1988,#1989,#1990,#1991,#1992,
    #1993,#1994,#1995,#1996,#1997,#1998,#1999,#2000,#2001,#2002,#2003,
    #2004,#2005),.UNSPECIFIED.,.F.,.F.,(6,4,4,4,6),(0.,0.225911840668,
    0.499999074691,0.766974226057,1.),.UNSPECIFIED.);
#1988 = CARTESIAN_POINT('',(90.178274512062,15.107391457023,
    4.374201385595));
#1989 = CARTESIAN_POINT('',(90.178274512062,15.048724976125,
    4.315887726124));
#1990 = CARTESIAN_POINT('',(90.177318356971,14.996530142448,
    4.253295114383));
#1991 = CARTESIAN_POINT('',(90.175828620007,14.950938202279,
    4.187305625675));
#1992 = CARTESIAN_POINT('',(90.174146660088,14.911998404879,
    4.118664865634));
#1993 = CARTESIAN_POINT('',(90.170527119004,14.84054982622,
    3.962290035996));
#1994 = CARTESIAN_POINT('',(90.168611186652,14.811174812689,
    3.873586364075));
#1995 = CARTESIAN_POINT('',(90.167191197184,14.791602054575,
    3.783012454089));
#1996 = CARTESIAN_POINT('',(90.166481213844,14.781814120469,
    3.691509511536));
#1997 = CARTESIAN_POINT('',(90.166481213844,14.781814120469,
    3.510864999675));
#1998 = CARTESIAN_POINT('',(90.167154788225,14.791099989389,
    3.421741559334));
#1999 = CARTESIAN_POINT('',(90.168502067003,14.809671064904,
    3.333467083069));
#2000 = CARTESIAN_POINT('',(90.170330138002,14.837538206141,
    3.246930989908));
#2001 = CARTESIAN_POINT('',(90.173933621363,14.907131714781,
    3.089999110203));
#2002 = CARTESIAN_POINT('',(90.17568631343,14.946650023894,
    3.018939468879));
#2003 = CARTESIAN_POINT('',(90.177257181566,14.993249040619,
    2.950651561254));
#2004 = CARTESIAN_POINT('',(90.178274512062,15.04687736904,
    2.885948769414));
#2005 = CARTESIAN_POINT('',(90.178274512062,15.107391457023,
    2.825798614405));
#2006 = PCURVE('',#206,#2007);
#2007 = DEFINITIONAL_REPRESENTATION('',(#2008),#2027);
#2008 = B_SPLINE_CURVE_WITH_KNOTS('',5,(#2009,#2010,#2011,#2012,#2013,
    #2014,#2015,#2016,#2017,#2018,#2019,#2020,#2021,#2022,#2023,#2024,
    #2025,#2026),.UNSPECIFIED.,.F.,.F.,(6,4,4,4,6),(0.,0.225911840668,
    0.499999074691,0.766974226057,1.),.UNSPECIFIED.);
#2009 = CARTESIAN_POINT('',(2.360832750552,4.431634888555));
#2010 = CARTESIAN_POINT('',(2.435458301869,4.421447561057));
#2011 = CARTESIAN_POINT('',(2.508663278509,4.411442394358));
#2012 = CARTESIAN_POINT('',(2.580706686838,4.402058332519));
#2013 = CARTESIAN_POINT('',(2.651787711706,4.393640100494));
#2014 = CARTESIAN_POINT('',(2.807441491628,4.377668632891));
#2015 = CARTESIAN_POINT('',(2.891678036885,4.370680890288));
#2016 = CARTESIAN_POINT('',(2.975217806185,4.365883699873));
#2017 = CARTESIAN_POINT('',(3.058402188558,4.363484845854));
#2018 = CARTESIAN_POINT('',(3.222624472067,4.363484845854));
#2019 = CARTESIAN_POINT('',(3.303645600645,4.365760661342));
#2020 = CARTESIAN_POINT('',(3.385004140731,4.370312305349));
#2021 = CARTESIAN_POINT('',(3.466997051501,4.376951682134));
#2022 = CARTESIAN_POINT('',(3.622447474952,4.392585206439));
#2023 = CARTESIAN_POINT('',(3.695675036204,4.401173553537));
#2024 = CARTESIAN_POINT('',(3.769912576239,4.410812390992));
#2025 = CARTESIAN_POINT('',(3.8453767928,4.421126727453));
#2026 = CARTESIAN_POINT('',(3.922352556627,4.431634888555));
#2027 = ( GEOMETRIC_REPRESENTATION_CONTEXT(2) 
PARAMETRIC_REPRESENTATION_CONTEXT() REPRESENTATION_CONTEXT('2D SPACE',''
  ) );
#2028 = PCURVE('',#1954,#2029);
#2029 = DEFINITIONAL_REPRESENTATION('',(#2030),#2049);
#2030 = B_SPLINE_CURVE_WITH_KNOTS('',5,(#2031,#2032,#2033,#2034,#2035,
    #2036,#2037,#2038,#2039,#2040,#2041,#2042,#2043,#2044,#2045,#2046,
    #2047,#2048),.UNSPECIFIED.,.F.,.F.,(6,4,4,4,6),(0.,0.225911840668,
    0.499999074691,0.766974226057,1.),.UNSPECIFIED.);
#2031 = CARTESIAN_POINT('',(-6.28318530718,-1.874201385595));
#2032 = CARTESIAN_POINT('',(-6.270148311425,-1.815887726124));
#2033 = CARTESIAN_POINT('',(-6.258549451457,-1.753295114383));
#2034 = CARTESIAN_POINT('',(-6.248413326623,-1.687305625675));
#2035 = CARTESIAN_POINT('',(-6.239752218148,-1.618664865634));
#2036 = CARTESIAN_POINT('',(-6.223854395531,-1.462290035996));
#2037 = CARTESIAN_POINT('',(-6.217313391981,-1.373586364075));
#2038 = CARTESIAN_POINT('',(-6.212952293959,-1.283012454089));
#2039 = CARTESIAN_POINT('',(-6.210771517819,-1.191509511536));
#2040 = CARTESIAN_POINT('',(-6.210771517819,-1.010864999675));
#2041 = CARTESIAN_POINT('',(-6.212840432632,-0.921741559334));
#2042 = CARTESIAN_POINT('',(-6.216978330841,-0.833467083069));
#2043 = CARTESIAN_POINT('',(-6.223183783657,-0.746930989908));
#2044 = CARTESIAN_POINT('',(-6.238669725569,-0.589999110203));
#2045 = CARTESIAN_POINT('',(-6.24745995308,-0.518939468879));
#2046 = CARTESIAN_POINT('',(-6.257820316872,-0.450651561254));
#2047 = CARTESIAN_POINT('',(-6.269737732072,-0.385948769414));
#2048 = CARTESIAN_POINT('',(-6.28318530718,-0.325798614405));
#2049 = ( GEOMETRIC_REPRESENTATION_CONTEXT(2) 
PARAMETRIC_REPRESENTATION_CONTEXT() REPRESENTATION_CONTEXT('2D SPACE',''
  ) );
#2050 = ORIENTED_EDGE('',*,*,#2051,.T.);
#2051 = EDGE_CURVE('',#1984,#2052,#2054,.T.);
#2052 = VERTEX_POINT('',#2053);
#2053 = CARTESIAN_POINT('',(90.109909400617,15.888808256524,2.5));
#2054 = SURFACE_CURVE('',#2055,(#2076,#2100),.PCURVE_S1.);
#2055 = B_SPLINE_CURVE_WITH_KNOTS('',7,(#2056,#2057,#2058,#2059,#2060,
    #2061,#2062,#2063,#2064,#2065,#2066,#2067,#2068,#2069,#2070,#2071,
    #2072,#2073,#2074,#2075),.UNSPECIFIED.,.F.,.F.,(8,6,6,8),(0.,
    0.317277245383,0.634088322306,1.),.UNSPECIFIED.);
#2056 = CARTESIAN_POINT('',(90.178274512062,15.107391457023,
    2.825798614405));
#2057 = CARTESIAN_POINT('',(90.178274512062,15.188740001765,
    2.74493930149));
#2058 = CARTESIAN_POINT('',(90.176558671258,15.282946884372,
    2.670522227566));
#2059 = CARTESIAN_POINT('',(90.172151994684,15.388972870004,
    2.606218102962));
#2060 = CARTESIAN_POINT('',(90.163969348236,15.504816027809,
    2.555029188495));
#2061 = CARTESIAN_POINT('',(90.151132999095,15.627880444982,
    2.519277557095));
#2062 = CARTESIAN_POINT('',(90.133308775646,15.755235048453,
    2.500617153455));
#2063 = CARTESIAN_POINT('',(90.088309341078,16.012142474686,
    2.499407400693));
#2064 = CARTESIAN_POINT('',(90.061784471468,16.138057558851,
    2.516822147609));
#2065 = CARTESIAN_POINT('',(90.031964663344,16.258476958614,
    2.551381059857));
#2066 = CARTESIAN_POINT('',(90.000143470122,16.370701428582,
    2.601486014856));
#2067 = CARTESIAN_POINT('',(89.968031582207,16.472529096124,
    2.664841726016));
#2068 = CARTESIAN_POINT('',(89.937349388635,16.562390942755,
    2.738442891098));
#2069 = CARTESIAN_POINT('',(89.87710000766,16.728766988195,
    2.911143963679));
#2070 = CARTESIAN_POINT('',(89.847888701906,16.802584212134,
    3.01401624759));
#2071 = CARTESIAN_POINT('',(89.823164521125,16.861188240176,
    3.124365576496));
#2072 = CARTESIAN_POINT('',(89.803968115315,16.904869663912,
    3.239952527837));
#2073 = CARTESIAN_POINT('',(89.790959754484,16.933883366352,
    3.358874991604));
#2074 = CARTESIAN_POINT('',(89.784455222977,16.948391177096,
    3.479434539275));
#2075 = CARTESIAN_POINT('',(89.784455222977,16.948391177096,3.6));
#2076 = PCURVE('',#206,#2077);
#2077 = DEFINITIONAL_REPRESENTATION('',(#2078),#2099);
#2078 = B_SPLINE_CURVE_WITH_KNOTS('',7,(#2079,#2080,#2081,#2082,#2083,
    #2084,#2085,#2086,#2087,#2088,#2089,#2090,#2091,#2092,#2093,#2094,
    #2095,#2096,#2097,#2098),.UNSPECIFIED.,.F.,.F.,(8,6,6,8),(0.,
    0.317277245383,0.634088322306,1.),.UNSPECIFIED.);
#2079 = CARTESIAN_POINT('',(3.922352556627,4.431634888555));
#2080 = CARTESIAN_POINT('',(4.025830384294,4.445760915105));
#2081 = CARTESIAN_POINT('',(4.133440738388,4.460429995267));
#2082 = CARTESIAN_POINT('',(4.244075930832,4.474501485202));
#2083 = CARTESIAN_POINT('',(4.357118349843,4.486559104788));
#2084 = CARTESIAN_POINT('',(4.472199286842,4.495287680411));
#2085 = CARTESIAN_POINT('',(4.589108424157,4.499849141778));
#2086 = CARTESIAN_POINT('',(4.826218697383,4.500144856129));
#2087 = CARTESIAN_POINT('',(4.943060437623,4.495887883795));
#2088 = CARTESIAN_POINT('',(5.058145966385,4.487431714886));
#2089 = CARTESIAN_POINT('',(5.1712400815,4.47558153179));
#2090 = CARTESIAN_POINT('',(5.281950847532,4.461639684512));
#2091 = CARTESIAN_POINT('',(5.389635364986,4.447027968312));
#2092 = CARTESIAN_POINT('',(5.612705325586,4.416584807912));
#2093 = CARTESIAN_POINT('',(5.72874949785,4.400635513947));
#2094 = CARTESIAN_POINT('',(5.842189419001,4.386463431701));
#2095 = CARTESIAN_POINT('',(5.953718380354,4.375143862058));
#2096 = CARTESIAN_POINT('',(6.063980867258,4.367371304015));
#2097 = CARTESIAN_POINT('',(6.173580342884,4.363484845854));
#2098 = CARTESIAN_POINT('',(6.28318530718,4.363484845854));
#2099 = ( GEOMETRIC_REPRESENTATION_CONTEXT(2) 
PARAMETRIC_REPRESENTATION_CONTEXT() REPRESENTATION_CONTEXT('2D SPACE',''
  ) );
#2100 = PCURVE('',#2101,#2106);
#2101 = CYLINDRICAL_SURFACE('',#2102,4.5);
#2102 = AXIS2_PLACEMENT_3D('',#2103,#2104,#2105);
#2103 = CARTESIAN_POINT('',(85.678274512062,15.107391457023,2.5));
#2104 = DIRECTION('',(-0.,-0.,-1.));
#2105 = DIRECTION('',(1.,0.,0.));
#2106 = DEFINITIONAL_REPRESENTATION('',(#2107),#2128);
#2107 = B_SPLINE_CURVE_WITH_KNOTS('',7,(#2108,#2109,#2110,#2111,#2112,
    #2113,#2114,#2115,#2116,#2117,#2118,#2119,#2120,#2121,#2122,#2123,
    #2124,#2125,#2126,#2127),.UNSPECIFIED.,.F.,.F.,(8,6,6,8),(0.,
    0.317277245383,0.634088322306,1.),.UNSPECIFIED.);
#2108 = CARTESIAN_POINT('',(0.,-0.325798614405));
#2109 = CARTESIAN_POINT('',(-1.807745438706E-02,-0.24493930149));
#2110 = CARTESIAN_POINT('',(-3.901228850261E-02,-0.170522227566));
#2111 = CARTESIAN_POINT('',(-6.258342365719E-02,-0.106218102962));
#2112 = CARTESIAN_POINT('',(-8.836857429403E-02,-5.502918849521E-02));
#2113 = CARTESIAN_POINT('',(-0.115837935746,-1.927755709476E-02));
#2114 = CARTESIAN_POINT('',(-0.144397975264,-6.171534546324E-04));
#2115 = CARTESIAN_POINT('',(-0.202357678066,5.925993070692E-04));
#2116 = CARTESIAN_POINT('',(-0.230936208119,-1.682214760893E-02));
#2117 = CARTESIAN_POINT('',(-0.258477573668,-5.138105985698E-02));
#2118 = CARTESIAN_POINT('',(-0.284377195484,-0.101486014856));
#2119 = CARTESIAN_POINT('',(-0.308093292201,-0.164841726016));
#2120 = CARTESIAN_POINT('',(-0.329190910005,-0.238442891098));
#2121 = CARTESIAN_POINT('',(-0.368512927464,-0.411143963679));
#2122 = CARTESIAN_POINT('',(-0.386146847143,-0.51401624759));
#2123 = CARTESIAN_POINT('',(-0.400277872255,-0.624365576496));
#2124 = CARTESIAN_POINT('',(-0.410880627451,-0.739952527837));
#2125 = CARTESIAN_POINT('',(-0.417946472661,-0.858874991604));
#2126 = CARTESIAN_POINT('',(-0.42147963976,-0.979434539275));
#2127 = CARTESIAN_POINT('',(-0.42147963976,-1.1));
#2128 = ( GEOMETRIC_REPRESENTATION_CONTEXT(2) 
PARAMETRIC_REPRESENTATION_CONTEXT() REPRESENTATION_CONTEXT('2D SPACE',''
  ) );
#2129 = ORIENTED_EDGE('',*,*,#2130,.T.);
#2130 = EDGE_CURVE('',#2052,#1882,#2131,.T.);
#2131 = SURFACE_CURVE('',#2132,(#2153,#2177),.PCURVE_S1.);
#2132 = B_SPLINE_CURVE_WITH_KNOTS('',7,(#2133,#2134,#2135,#2136,#2137,
    #2138,#2139,#2140,#2141,#2142,#2143,#2144,#2145,#2146,#2147,#2148,
    #2149,#2150,#2151,#2152),.UNSPECIFIED.,.F.,.F.,(8,6,6,8),(0.,
    0.317277245383,0.634088322306,1.),.UNSPECIFIED.);
#2133 = CARTESIAN_POINT('',(90.178274512062,15.107391457023,
    2.825798614405));
#2134 = CARTESIAN_POINT('',(90.178274512062,15.188740001765,
    2.74493930149));
#2135 = CARTESIAN_POINT('',(90.176558671258,15.282946884372,
    2.670522227566));
#2136 = CARTESIAN_POINT('',(90.172151994684,15.388972870004,
    2.606218102962));
#2137 = CARTESIAN_POINT('',(90.163969348236,15.504816027809,
    2.555029188495));
#2138 = CARTESIAN_POINT('',(90.151132999095,15.627880444982,
    2.519277557095));
#2139 = CARTESIAN_POINT('',(90.133308775646,15.755235048453,
    2.500617153455));
#2140 = CARTESIAN_POINT('',(90.088309341078,16.012142474686,
    2.499407400693));
#2141 = CARTESIAN_POINT('',(90.061784471468,16.138057558851,
    2.516822147609));
#2142 = CARTESIAN_POINT('',(90.031964663344,16.258476958614,
    2.551381059857));
#2143 = CARTESIAN_POINT('',(90.000143470122,16.370701428582,
    2.601486014856));
#2144 = CARTESIAN_POINT('',(89.968031582207,16.472529096124,
    2.664841726016));
#2145 = CARTESIAN_POINT('',(89.937349388635,16.562390942755,
    2.738442891098));
#2146 = CARTESIAN_POINT('',(89.87710000766,16.728766988195,
    2.911143963679));
#2147 = CARTESIAN_POINT('',(89.847888701906,16.802584212134,
    3.01401624759));
#2148 = CARTESIAN_POINT('',(89.823164521125,16.861188240176,
    3.124365576496));
#2149 = CARTESIAN_POINT('',(89.803968115315,16.904869663912,
    3.239952527837));
#2150 = CARTESIAN_POINT('',(89.790959754484,16.933883366352,
    3.358874991604));
#2151 = CARTESIAN_POINT('',(89.784455222977,16.948391177096,
    3.479434539275));
#2152 = CARTESIAN_POINT('',(89.784455222977,16.948391177096,3.6));
#2153 = PCURVE('',#206,#2154);
#2154 = DEFINITIONAL_REPRESENTATION('',(#2155),#2176);
#2155 = B_SPLINE_CURVE_WITH_KNOTS('',7,(#2156,#2157,#2158,#2159,#2160,
    #2161,#2162,#2163,#2164,#2165,#2166,#2167,#2168,#2169,#2170,#2171,
    #2172,#2173,#2174,#2175),.UNSPECIFIED.,.F.,.F.,(8,6,6,8),(0.,
    0.317277245383,0.634088322306,1.),.UNSPECIFIED.);
#2156 = CARTESIAN_POINT('',(3.922352556627,4.431634888555));
#2157 = CARTESIAN_POINT('',(4.025830384294,4.445760915105));
#2158 = CARTESIAN_POINT('',(4.133440738388,4.460429995267));
#2159 = CARTESIAN_POINT('',(4.244075930832,4.474501485202));
#2160 = CARTESIAN_POINT('',(4.357118349843,4.486559104788));
#2161 = CARTESIAN_POINT('',(4.472199286842,4.495287680411));
#2162 = CARTESIAN_POINT('',(4.589108424157,4.499849141778));
#2163 = CARTESIAN_POINT('',(4.826218697383,4.500144856129));
#2164 = CARTESIAN_POINT('',(4.943060437623,4.495887883795));
#2165 = CARTESIAN_POINT('',(5.058145966385,4.487431714886));
#2166 = CARTESIAN_POINT('',(5.1712400815,4.47558153179));
#2167 = CARTESIAN_POINT('',(5.281950847532,4.461639684512));
#2168 = CARTESIAN_POINT('',(5.389635364986,4.447027968312));
#2169 = CARTESIAN_POINT('',(5.612705325586,4.416584807912));
#2170 = CARTESIAN_POINT('',(5.72874949785,4.400635513947));
#2171 = CARTESIAN_POINT('',(5.842189419001,4.386463431701));
#2172 = CARTESIAN_POINT('',(5.953718380354,4.375143862058));
#2173 = CARTESIAN_POINT('',(6.063980867258,4.367371304015));
#2174 = CARTESIAN_POINT('',(6.173580342884,4.363484845854));
#2175 = CARTESIAN_POINT('',(6.28318530718,4.363484845854));
#2176 = ( GEOMETRIC_REPRESENTATION_CONTEXT(2) 
PARAMETRIC_REPRESENTATION_CONTEXT() REPRESENTATION_CONTEXT('2D SPACE',''
  ) );
#2177 = PCURVE('',#1954,#2178);
#2178 = DEFINITIONAL_REPRESENTATION('',(#2179),#2200);
#2179 = B_SPLINE_CURVE_WITH_KNOTS('',7,(#2180,#2181,#2182,#2183,#2184,
    #2185,#2186,#2187,#2188,#2189,#2190,#2191,#2192,#2193,#2194,#2195,
    #2196,#2197,#2198,#2199),.UNSPECIFIED.,.F.,.F.,(8,6,6,8),(0.,
    0.317277245383,0.634088322306,1.),.UNSPECIFIED.);
#2180 = CARTESIAN_POINT('',(0.,-0.325798614405));
#2181 = CARTESIAN_POINT('',(-1.807745438706E-02,-0.24493930149));
#2182 = CARTESIAN_POINT('',(-3.901228850261E-02,-0.170522227566));
#2183 = CARTESIAN_POINT('',(-6.258342365719E-02,-0.106218102962));
#2184 = CARTESIAN_POINT('',(-8.836857429403E-02,-5.502918849521E-02));
#2185 = CARTESIAN_POINT('',(-0.115837935746,-1.927755709476E-02));
#2186 = CARTESIAN_POINT('',(-0.144397975264,-6.171534546324E-04));
#2187 = CARTESIAN_POINT('',(-0.202357678066,5.925993070692E-04));
#2188 = CARTESIAN_POINT('',(-0.230936208119,-1.682214760893E-02));
#2189 = CARTESIAN_POINT('',(-0.258477573668,-5.138105985698E-02));
#2190 = CARTESIAN_POINT('',(-0.284377195484,-0.101486014856));
#2191 = CARTESIAN_POINT('',(-0.308093292201,-0.164841726016));
#2192 = CARTESIAN_POINT('',(-0.329190910005,-0.238442891098));
#2193 = CARTESIAN_POINT('',(-0.368512927464,-0.411143963679));
#2194 = CARTESIAN_POINT('',(-0.386146847143,-0.51401624759));
#2195 = CARTESIAN_POINT('',(-0.400277872255,-0.624365576496));
#2196 = CARTESIAN_POINT('',(-0.410880627451,-0.739952527837));
#2197 = CARTESIAN_POINT('',(-0.417946472661,-0.858874991604));
#2198 = CARTESIAN_POINT('',(-0.42147963976,-0.979434539275));
#2199 = CARTESIAN_POINT('',(-0.42147963976,-1.1));
#2200 = ( GEOMETRIC_REPRESENTATION_CONTEXT(2) 
PARAMETRIC_REPRESENTATION_CONTEXT() REPRESENTATION_CONTEXT('2D SPACE',''
  ) );
#2201 = ORIENTED_EDGE('',*,*,#1881,.T.);
#2202 = ADVANCED_FACE('',(#2203),#359,.F.);
#2203 = FACE_BOUND('',#2204,.F.);
#2204 = EDGE_LOOP('',(#2205,#2206,#2229,#2398,#2560));
#2205 = ORIENTED_EDGE('',*,*,#261,.F.);
#2206 = ORIENTED_EDGE('',*,*,#2207,.F.);
#2207 = EDGE_CURVE('',#2208,#262,#2210,.T.);
#2208 = VERTEX_POINT('',#2209);
#2209 = CARTESIAN_POINT('',(-89.78445522297,-16.94839117709,3.6));
#2210 = SEAM_CURVE('',#2211,(#2215,#2222),.PCURVE_S1.);
#2211 = LINE('',#2212,#2213);
#2212 = CARTESIAN_POINT('',(-85.48726151662,-16.19067998533,3.6));
#2213 = VECTOR('',#2214,1.);
#2214 = DIRECTION('',(-0.984807753012,-0.173648177667,6.162975822039E-33
    ));
#2215 = PCURVE('',#359,#2216);
#2216 = DEFINITIONAL_REPRESENTATION('',(#2217),#2221);
#2217 = LINE('',#2218,#2219);
#2218 = CARTESIAN_POINT('',(6.28318530718,-0.));
#2219 = VECTOR('',#2220,1.);
#2220 = DIRECTION('',(0.,1.));
#2221 = ( GEOMETRIC_REPRESENTATION_CONTEXT(2) 
PARAMETRIC_REPRESENTATION_CONTEXT() REPRESENTATION_CONTEXT('2D SPACE',''
  ) );
#2222 = PCURVE('',#359,#2223);
#2223 = DEFINITIONAL_REPRESENTATION('',(#2224),#2228);
#2224 = LINE('',#2225,#2226);
#2225 = CARTESIAN_POINT('',(0.,-0.));
#2226 = VECTOR('',#2227,1.);
#2227 = DIRECTION('',(0.,1.));
#2228 = ( GEOMETRIC_REPRESENTATION_CONTEXT(2) 
PARAMETRIC_REPRESENTATION_CONTEXT() REPRESENTATION_CONTEXT('2D SPACE',''
  ) );
#2229 = ORIENTED_EDGE('',*,*,#2230,.T.);
#2230 = EDGE_CURVE('',#2208,#2231,#2233,.T.);
#2231 = VERTEX_POINT('',#2232);
#2232 = CARTESIAN_POINT('',(-90.10990940061,-15.88880825652,2.5));
#2233 = SURFACE_CURVE('',#2234,(#2285,#2339),.PCURVE_S1.);
#2234 = B_SPLINE_CURVE_WITH_KNOTS('',7,(#2235,#2236,#2237,#2238,#2239,
    #2240,#2241,#2242,#2243,#2244,#2245,#2246,#2247,#2248,#2249,#2250,
    #2251,#2252,#2253,#2254,#2255,#2256,#2257,#2258,#2259,#2260,#2261,
    #2262,#2263,#2264,#2265,#2266,#2267,#2268,#2269,#2270,#2271,#2272,
    #2273,#2274,#2275,#2276,#2277,#2278,#2279,#2280,#2281,#2282,#2283,
    #2284),.UNSPECIFIED.,.T.,.F.,(8,6,6,6,6,6,6,6,8),(0.,0.122247020538,
    0.21197989571,0.334317155501,0.431889347762,0.590316495768,
    0.712578753151,0.835696730876,1.),.UNSPECIFIED.);
#2235 = CARTESIAN_POINT('',(-89.78445522297,-16.94839117709,3.6));
#2236 = CARTESIAN_POINT('',(-89.78445522297,-16.94839117709,
    3.710779617722));
#2237 = CARTESIAN_POINT('',(-89.78994683122,-16.93614317901,
    3.821555782767));
#2238 = CARTESIAN_POINT('',(-89.80092916719,-16.91164627552,
    3.931056307216));
#2239 = CARTESIAN_POINT('',(-89.81717643514,-16.87479414178,
    4.037962887037));
#2240 = CARTESIAN_POINT('',(-89.83821681043,-16.82539773082,
    4.140837982946));
#2241 = CARTESIAN_POINT('',(-89.86331998356,-16.76323770912,
    4.238013755136));
#2242 = CARTESIAN_POINT('',(-89.91217344253,-16.63302759343,
    4.393086761486));
#2243 = CARTESIAN_POINT('',(-89.9345959865,-16.57070619754,4.45483656856
    ));
#2244 = CARTESIAN_POINT('',(-89.95828329327,-16.50130654574,
    4.511464828003));
#2245 = CARTESIAN_POINT('',(-89.98263305578,-16.42513505454,
    4.561799352431));
#2246 = CARTESIAN_POINT('',(-90.00697879735,-16.34266508187,
    4.604725813152));
#2247 = CARTESIAN_POINT('',(-90.03065310759,-16.25453747576,
    4.639184463408));
#2248 = CARTESIAN_POINT('',(-90.08359348045,-16.03483949964,
    4.698213180208));
#2249 = CARTESIAN_POINT('',(-90.11134717212,-15.90085418824,
    4.714174750277));
#2250 = CARTESIAN_POINT('',(-90.13452018508,-15.76375820348,
    4.709910864525));
#2251 = CARTESIAN_POINT('',(-90.15199475792,-15.6283171866,4.68519373904
    ));
#2252 = CARTESIAN_POINT('',(-90.1638690116,-15.49935190403,
    4.641550298455));
#2253 = CARTESIAN_POINT('',(-90.17115306838,-15.38118177962,
    4.582296281974));
#2254 = CARTESIAN_POINT('',(-90.17822275867,-15.19348102654,
    4.457096353854));
#2255 = CARTESIAN_POINT('',(-90.17926977026,-15.11783704393,
    4.394192859033));
#2256 = CARTESIAN_POINT('',(-90.17881340288,-15.05021200483,
    4.325235355496));
#2257 = CARTESIAN_POINT('',(-90.17740259132,-14.99083616163,
    4.251355399376));
#2258 = CARTESIAN_POINT('',(-90.17550682467,-14.93983194232,
    4.173552445805));
#2259 = CARTESIAN_POINT('',(-90.17349534735,-14.89724732559,
    4.09272200935));
#2260 = CARTESIAN_POINT('',(-90.16862109433,-14.80760063203,
    3.87483603463));
#2261 = CARTESIAN_POINT('',(-90.16600562711,-14.77423649905,
    3.733976044671));
#2262 = CARTESIAN_POINT('',(-90.16493344569,-14.76289839393,
    3.590096975886));
#2263 = CARTESIAN_POINT('',(-90.16587248128,-14.77368033052,
    3.445834089264));
#2264 = CARTESIAN_POINT('',(-90.16862383628,-14.80668272979,
    3.30392980022));
#2265 = CARTESIAN_POINT('',(-90.17223267482,-14.86187378353,
    3.167445944434));
#2266 = CARTESIAN_POINT('',(-90.17734544162,-14.99831469149,
    2.941743182435));
#2267 = CARTESIAN_POINT('',(-90.17916331083,-15.07132205305,
    2.847884968564));
#2268 = CARTESIAN_POINT('',(-90.17981684072,-15.15780028472,
    2.761010016234));
#2269 = CARTESIAN_POINT('',(-90.17827821376,-15.2570868274,2.68366669495
    ));
#2270 = CARTESIAN_POINT('',(-90.17336327596,-15.36803881836,2.618407038)
  );
#2271 = CARTESIAN_POINT('',(-90.16393815375,-15.48904315585,
    2.567812294313));
#2272 = CARTESIAN_POINT('',(-90.13439121519,-15.74777942943,
    2.501072006206));
#2273 = CARTESIAN_POINT('',(-90.11445987577,-15.883299004,2.485769925709
    ));
#2274 = CARTESIAN_POINT('',(-90.08917239794,-16.0200175836,
    2.490722365153));
#2275 = CARTESIAN_POINT('',(-90.05913325587,-16.1530929828,
    2.516106367361));
#2276 = CARTESIAN_POINT('',(-90.02610134398,-16.27805701114,
    2.560357221919));
#2277 = CARTESIAN_POINT('',(-89.99250625055,-16.3912302213,
    2.620133925053));
#2278 = CARTESIAN_POINT('',(-89.91781996419,-16.62250044447,
    2.783731041295));
#2279 = CARTESIAN_POINT('',(-89.87709170795,-16.73233383861,
    2.897543776595));
#2280 = CARTESIAN_POINT('',(-89.84144751475,-16.81938518317,
    3.025562287815));
#2281 = CARTESIAN_POINT('',(-89.81328362579,-16.88409347936,
    3.163251222404));
#2282 = CARTESIAN_POINT('',(-89.79406261068,-16.92696245219,
    3.306925118888));
#2283 = CARTESIAN_POINT('',(-89.78445522297,-16.94839117709,
    3.453471814388));
#2284 = CARTESIAN_POINT('',(-89.78445522297,-16.94839117709,3.6));
#2285 = PCURVE('',#359,#2286);
#2286 = DEFINITIONAL_REPRESENTATION('',(#2287),#2338);
#2287 = B_SPLINE_CURVE_WITH_KNOTS('',7,(#2288,#2289,#2290,#2291,#2292,
    #2293,#2294,#2295,#2296,#2297,#2298,#2299,#2300,#2301,#2302,#2303,
    #2304,#2305,#2306,#2307,#2308,#2309,#2310,#2311,#2312,#2313,#2314,
    #2315,#2316,#2317,#2318,#2319,#2320,#2321,#2322,#2323,#2324,#2325,
    #2326,#2327,#2328,#2329,#2330,#2331,#2332,#2333,#2334,#2335,#2336,
    #2337),.UNSPECIFIED.,.F.,.F.,(8,6,6,6,6,6,6,6,8),(0.,0.122247020538,
    0.21197989571,0.334317155501,0.431889347762,0.590316495768,
    0.712578753151,0.835696730876,1.),.UNSPECIFIED.);
#2288 = CARTESIAN_POINT('',(0.,4.363484845854));
#2289 = CARTESIAN_POINT('',(0.100708743384,4.363484845854));
#2290 = CARTESIAN_POINT('',(0.201415271674,4.366766181684));
#2291 = CARTESIAN_POINT('',(0.302626379545,4.373327828646));
#2292 = CARTESIAN_POINT('',(0.4048229139,4.382928958222));
#2293 = CARTESIAN_POINT('',(0.508493066114,4.395072086189));
#2294 = CARTESIAN_POINT('',(0.614183213547,4.408999911214));
#2295 = CARTESIAN_POINT('',(0.802122661485,4.434500427067));
#2296 = CARTESIAN_POINT('',(0.883469884037,4.445760325385));
#2297 = CARTESIAN_POINT('',(0.966469553699,4.45703664568));
#2298 = CARTESIAN_POINT('',(1.051067758681,4.467789439948));
#2299 = CARTESIAN_POINT('',(1.13727190756,4.477444554527));
#2300 = CARTESIAN_POINT('',(1.225146899122,4.4854560006));
#2301 = CARTESIAN_POINT('',(1.437100946017,4.499441937043));
#2302 = CARTESIAN_POINT('',(1.561059041691,4.503507682622));
#2303 = CARTESIAN_POINT('',(1.685344112986,4.502522177526));
#2304 = CARTESIAN_POINT('',(1.808955228614,4.496212186577));
#2305 = CARTESIAN_POINT('',(1.930835440444,4.485511457357));
#2306 = CARTESIAN_POINT('',(2.049636812687,4.472164826188));
#2307 = CARTESIAN_POINT('',(2.25352382544,4.446533218279));
#2308 = CARTESIAN_POINT('',(2.341772189467,4.434428883681));
#2309 = CARTESIAN_POINT('',(2.428147442576,4.422236484737));
#2310 = CARTESIAN_POINT('',(2.51292313328,4.410536599607));
#2311 = CARTESIAN_POINT('',(2.596338140826,4.399812844182));
#2312 = CARTESIAN_POINT('',(2.678615026594,4.390437184624));
#2313 = CARTESIAN_POINT('',(2.892047741281,4.37006999749));
#2314 = CARTESIAN_POINT('',(3.021861013532,4.361700644209));
#2315 = CARTESIAN_POINT('',(3.150730138642,4.358675910337));
#2316 = CARTESIAN_POINT('',(3.279618746008,4.36147294351));
#2317 = CARTESIAN_POINT('',(3.409456311533,4.369913305733));
#2318 = CARTESIAN_POINT('',(3.541116173925,4.383051143816));
#2319 = CARTESIAN_POINT('',(3.779496922922,4.411778951229));
#2320 = CARTESIAN_POINT('',(3.886067067713,4.426246798205));
#2321 = CARTESIAN_POINT('',(3.995230498448,4.441907186845));
#2322 = CARTESIAN_POINT('',(4.107044295748,4.457632862295));
#2323 = CARTESIAN_POINT('',(4.221691754379,4.472059204481));
#2324 = CARTESIAN_POINT('',(4.339501734048,4.483789453752));
#2325 = CARTESIAN_POINT('',(4.583472206188,4.499620481983));
#2326 = CARTESIAN_POINT('',(4.707495148279,4.503524671559));
#2327 = CARTESIAN_POINT('',(4.831795422422,4.502362299533));
#2328 = CARTESIAN_POINT('',(4.955385816915,4.495887820093));
#2329 = CARTESIAN_POINT('',(5.077218363404,4.485057512963));
#2330 = CARTESIAN_POINT('',(5.195951163739,4.471625126195));
#2331 = CARTESIAN_POINT('',(5.460546519142,4.43823314515));
#2332 = CARTESIAN_POINT('',(5.605349783288,4.417196011369));
#2333 = CARTESIAN_POINT('',(5.745524834272,4.39720964091));
#2334 = CARTESIAN_POINT('',(5.882278497242,4.380710102419));
#2335 = CARTESIAN_POINT('',(6.016754064432,4.369225216725));
#2336 = CARTESIAN_POINT('',(6.149977865715,4.363484845854));
#2337 = CARTESIAN_POINT('',(6.28318530718,4.363484845854));
#2338 = ( GEOMETRIC_REPRESENTATION_CONTEXT(2) 
PARAMETRIC_REPRESENTATION_CONTEXT() REPRESENTATION_CONTEXT('2D SPACE',''
  ) );
#2339 = PCURVE('',#2340,#2345);
#2340 = CYLINDRICAL_SURFACE('',#2341,4.5);
#2341 = AXIS2_PLACEMENT_3D('',#2342,#2343,#2344);
#2342 = CARTESIAN_POINT('',(-85.67827451206,-15.10739145702,2.5));
#2343 = DIRECTION('',(-0.,-0.,-1.));
#2344 = DIRECTION('',(1.,0.,0.));
#2345 = DEFINITIONAL_REPRESENTATION('',(#2346),#2397);
#2346 = B_SPLINE_CURVE_WITH_KNOTS('',7,(#2347,#2348,#2349,#2350,#2351,
    #2352,#2353,#2354,#2355,#2356,#2357,#2358,#2359,#2360,#2361,#2362,
    #2363,#2364,#2365,#2366,#2367,#2368,#2369,#2370,#2371,#2372,#2373,
    #2374,#2375,#2376,#2377,#2378,#2379,#2380,#2381,#2382,#2383,#2384,
    #2385,#2386,#2387,#2388,#2389,#2390,#2391,#2392,#2393,#2394,#2395,
    #2396),.UNSPECIFIED.,.T.,.F.,(8,6,6,6,6,6,6,6,8),(0.,0.122247020538,
    0.21197989571,0.334317155501,0.431889347762,0.590316495768,
    0.712578753151,0.835696730876,1.),.UNSPECIFIED.);
#2347 = CARTESIAN_POINT('',(-3.56307229335,-1.1));
#2348 = CARTESIAN_POINT('',(-3.56307229335,-1.210779617722));
#2349 = CARTESIAN_POINT('',(-3.560089460952,-1.321555782767));
#2350 = CARTESIAN_POINT('',(-3.554123645258,-1.431056307216));
#2351 = CARTESIAN_POINT('',(-3.545173907962,-1.537962887037));
#2352 = CARTESIAN_POINT('',(-3.533244741893,-1.640837982946));
#2353 = CARTESIAN_POINT('',(-3.518352121941,-1.738013755136));
#2354 = CARTESIAN_POINT('',(-3.487446982586,-1.893086761486));
#2355 = CARTESIAN_POINT('',(-3.472730050437,-1.95483656856));
#2356 = CARTESIAN_POINT('',(-3.456437946044,-2.011464828003));
#2357 = CARTESIAN_POINT('',(-3.438673915703,-2.061799352431));
#2358 = CARTESIAN_POINT('',(-3.419574090983,-2.104725813152));
#2359 = CARTESIAN_POINT('',(-3.399302705353,-2.139184463408));
#2360 = CARTESIAN_POINT('',(-3.349083490209,-2.198213180208));
#2361 = CARTESIAN_POINT('',(-3.318692635031,-2.214174750277));
#2362 = CARTESIAN_POINT('',(-3.287828839951,-2.209910864525));
#2363 = CARTESIAN_POINT('',(-3.257521341485,-2.185193739039));
#2364 = CARTESIAN_POINT('',(-3.228762575901,-2.141550298455));
#2365 = CARTESIAN_POINT('',(-3.202460292927,-2.082296281974));
#2366 = CARTESIAN_POINT('',(-3.160719438543,-1.957096353854));
#2367 = CARTESIAN_POINT('',(-3.143912833251,-1.894192859033));
#2368 = CARTESIAN_POINT('',(-3.128889080358,-1.825235355496));
#2369 = CARTESIAN_POINT('',(-3.115693203569,-1.751355399376));
#2370 = CARTESIAN_POINT('',(-3.104352010499,-1.673552445805));
#2371 = CARTESIAN_POINT('',(-3.094878465969,-1.59272200935));
#2372 = CARTESIAN_POINT('',(-3.074927553359,-1.37483603463));
#2373 = CARTESIAN_POINT('',(-3.067492689205,-1.233976044671));
#2374 = CARTESIAN_POINT('',(-3.064960781288,-1.090096975886));
#2375 = CARTESIAN_POINT('',(-3.067366412844,-0.945834089263));
#2376 = CARTESIAN_POINT('',(-3.074726308641,-0.80392980022));
#2377 = CARTESIAN_POINT('',(-3.087012402928,-0.667445944434));
#2378 = CARTESIAN_POINT('',(-3.117353884739,-0.441743182435));
#2379 = CARTESIAN_POINT('',(-3.133581339724,-0.347884968564));
#2380 = CARTESIAN_POINT('',(-3.152794981028,-0.261010016234));
#2381 = CARTESIAN_POINT('',(-3.17484869457,-0.18366669495));
#2382 = CARTESIAN_POINT('',(-3.199509098814,-0.118407038));
#2383 = CARTESIAN_POINT('',(-3.226462797681,-6.781229431333E-02));
#2384 = CARTESIAN_POINT('',(-3.284333441358,-1.072006206439E-03));
#2385 = CARTESIAN_POINT('',(-3.314757025733,1.423007429127E-02));
#2386 = CARTESIAN_POINT('',(-3.345620024257,9.277634847289E-03));
#2387 = CARTESIAN_POINT('',(-3.375896590959,-1.610636736127E-02));
#2388 = CARTESIAN_POINT('',(-3.404598943026,-6.035722191929E-02));
#2389 = CARTESIAN_POINT('',(-3.430825724787,-0.120133925053));
#2390 = CARTESIAN_POINT('',(-3.484832563631,-0.283731041295));
#2391 = CARTESIAN_POINT('',(-3.510840219946,-0.397543776594));
#2392 = CARTESIAN_POINT('',(-3.531731413713,-0.525562287815));
#2393 = CARTESIAN_POINT('',(-3.547413644961,-0.663251222404));
#2394 = CARTESIAN_POINT('',(-3.557853618964,-0.806925118888));
#2395 = CARTESIAN_POINT('',(-3.56307229335,-0.953471814388));
#2396 = CARTESIAN_POINT('',(-3.56307229335,-1.1));
#2397 = ( GEOMETRIC_REPRESENTATION_CONTEXT(2) 
PARAMETRIC_REPRESENTATION_CONTEXT() REPRESENTATION_CONTEXT('2D SPACE',''
  ) );
#2398 = ORIENTED_EDGE('',*,*,#2399,.T.);
#2399 = EDGE_CURVE('',#2231,#2208,#2400,.T.);
#2400 = SURFACE_CURVE('',#2401,(#2452,#2506),.PCURVE_S1.);
#2401 = B_SPLINE_CURVE_WITH_KNOTS('',7,(#2402,#2403,#2404,#2405,#2406,
    #2407,#2408,#2409,#2410,#2411,#2412,#2413,#2414,#2415,#2416,#2417,
    #2418,#2419,#2420,#2421,#2422,#2423,#2424,#2425,#2426,#2427,#2428,
    #2429,#2430,#2431,#2432,#2433,#2434,#2435,#2436,#2437,#2438,#2439,
    #2440,#2441,#2442,#2443,#2444,#2445,#2446,#2447,#2448,#2449,#2450,
    #2451),.UNSPECIFIED.,.T.,.F.,(8,6,6,6,6,6,6,6,8),(0.,0.122247020538,
    0.21197989571,0.334317155501,0.431889347762,0.590316495768,
    0.712578753151,0.835696730876,1.),.UNSPECIFIED.);
#2402 = CARTESIAN_POINT('',(-89.78445522297,-16.94839117709,3.6));
#2403 = CARTESIAN_POINT('',(-89.78445522297,-16.94839117709,
    3.710779617722));
#2404 = CARTESIAN_POINT('',(-89.78994683122,-16.93614317901,
    3.821555782767));
#2405 = CARTESIAN_POINT('',(-89.80092916719,-16.91164627552,
    3.931056307216));
#2406 = CARTESIAN_POINT('',(-89.81717643514,-16.87479414178,
    4.037962887037));
#2407 = CARTESIAN_POINT('',(-89.83821681043,-16.82539773082,
    4.140837982946));
#2408 = CARTESIAN_POINT('',(-89.86331998356,-16.76323770912,
    4.238013755136));
#2409 = CARTESIAN_POINT('',(-89.91217344253,-16.63302759343,
    4.393086761486));
#2410 = CARTESIAN_POINT('',(-89.9345959865,-16.57070619754,4.45483656856
    ));
#2411 = CARTESIAN_POINT('',(-89.95828329327,-16.50130654574,
    4.511464828003));
#2412 = CARTESIAN_POINT('',(-89.98263305578,-16.42513505454,
    4.561799352431));
#2413 = CARTESIAN_POINT('',(-90.00697879735,-16.34266508187,
    4.604725813152));
#2414 = CARTESIAN_POINT('',(-90.03065310759,-16.25453747576,
    4.639184463408));
#2415 = CARTESIAN_POINT('',(-90.08359348045,-16.03483949964,
    4.698213180208));
#2416 = CARTESIAN_POINT('',(-90.11134717212,-15.90085418824,
    4.714174750277));
#2417 = CARTESIAN_POINT('',(-90.13452018508,-15.76375820348,
    4.709910864525));
#2418 = CARTESIAN_POINT('',(-90.15199475792,-15.6283171866,4.68519373904
    ));
#2419 = CARTESIAN_POINT('',(-90.1638690116,-15.49935190403,
    4.641550298455));
#2420 = CARTESIAN_POINT('',(-90.17115306838,-15.38118177962,
    4.582296281974));
#2421 = CARTESIAN_POINT('',(-90.17822275867,-15.19348102654,
    4.457096353854));
#2422 = CARTESIAN_POINT('',(-90.17926977026,-15.11783704393,
    4.394192859033));
#2423 = CARTESIAN_POINT('',(-90.17881340288,-15.05021200483,
    4.325235355496));
#2424 = CARTESIAN_POINT('',(-90.17740259132,-14.99083616163,
    4.251355399376));
#2425 = CARTESIAN_POINT('',(-90.17550682467,-14.93983194232,
    4.173552445805));
#2426 = CARTESIAN_POINT('',(-90.17349534735,-14.89724732559,
    4.09272200935));
#2427 = CARTESIAN_POINT('',(-90.16862109433,-14.80760063203,
    3.87483603463));
#2428 = CARTESIAN_POINT('',(-90.16600562711,-14.77423649905,
    3.733976044671));
#2429 = CARTESIAN_POINT('',(-90.16493344569,-14.76289839393,
    3.590096975886));
#2430 = CARTESIAN_POINT('',(-90.16587248128,-14.77368033052,
    3.445834089264));
#2431 = CARTESIAN_POINT('',(-90.16862383628,-14.80668272979,
    3.30392980022));
#2432 = CARTESIAN_POINT('',(-90.17223267482,-14.86187378353,
    3.167445944434));
#2433 = CARTESIAN_POINT('',(-90.17734544162,-14.99831469149,
    2.941743182435));
#2434 = CARTESIAN_POINT('',(-90.17916331083,-15.07132205305,
    2.847884968564));
#2435 = CARTESIAN_POINT('',(-90.17981684072,-15.15780028472,
    2.761010016234));
#2436 = CARTESIAN_POINT('',(-90.17827821376,-15.2570868274,2.68366669495
    ));
#2437 = CARTESIAN_POINT('',(-90.17336327596,-15.36803881836,2.618407038)
  );
#2438 = CARTESIAN_POINT('',(-90.16393815375,-15.48904315585,
    2.567812294313));
#2439 = CARTESIAN_POINT('',(-90.13439121519,-15.74777942943,
    2.501072006206));
#2440 = CARTESIAN_POINT('',(-90.11445987577,-15.883299004,2.485769925709
    ));
#2441 = CARTESIAN_POINT('',(-90.08917239794,-16.0200175836,
    2.490722365153));
#2442 = CARTESIAN_POINT('',(-90.05913325587,-16.1530929828,
    2.516106367361));
#2443 = CARTESIAN_POINT('',(-90.02610134398,-16.27805701114,
    2.560357221919));
#2444 = CARTESIAN_POINT('',(-89.99250625055,-16.3912302213,
    2.620133925053));
#2445 = CARTESIAN_POINT('',(-89.91781996419,-16.62250044447,
    2.783731041295));
#2446 = CARTESIAN_POINT('',(-89.87709170795,-16.73233383861,
    2.897543776595));
#2447 = CARTESIAN_POINT('',(-89.84144751475,-16.81938518317,
    3.025562287815));
#2448 = CARTESIAN_POINT('',(-89.81328362579,-16.88409347936,
    3.163251222404));
#2449 = CARTESIAN_POINT('',(-89.79406261068,-16.92696245219,
    3.306925118888));
#2450 = CARTESIAN_POINT('',(-89.78445522297,-16.94839117709,
    3.453471814388));
#2451 = CARTESIAN_POINT('',(-89.78445522297,-16.94839117709,3.6));
#2452 = PCURVE('',#359,#2453);
#2453 = DEFINITIONAL_REPRESENTATION('',(#2454),#2505);
#2454 = B_SPLINE_CURVE_WITH_KNOTS('',7,(#2455,#2456,#2457,#2458,#2459,
    #2460,#2461,#2462,#2463,#2464,#2465,#2466,#2467,#2468,#2469,#2470,
    #2471,#2472,#2473,#2474,#2475,#2476,#2477,#2478,#2479,#2480,#2481,
    #2482,#2483,#2484,#2485,#2486,#2487,#2488,#2489,#2490,#2491,#2492,
    #2493,#2494,#2495,#2496,#2497,#2498,#2499,#2500,#2501,#2502,#2503,
    #2504),.UNSPECIFIED.,.F.,.F.,(8,6,6,6,6,6,6,6,8),(0.,0.122247020538,
    0.21197989571,0.334317155501,0.431889347762,0.590316495768,
    0.712578753151,0.835696730876,1.),.UNSPECIFIED.);
#2455 = CARTESIAN_POINT('',(0.,4.363484845854));
#2456 = CARTESIAN_POINT('',(0.100708743384,4.363484845854));
#2457 = CARTESIAN_POINT('',(0.201415271674,4.366766181684));
#2458 = CARTESIAN_POINT('',(0.302626379545,4.373327828646));
#2459 = CARTESIAN_POINT('',(0.4048229139,4.382928958222));
#2460 = CARTESIAN_POINT('',(0.508493066114,4.395072086189));
#2461 = CARTESIAN_POINT('',(0.614183213547,4.408999911214));
#2462 = CARTESIAN_POINT('',(0.802122661485,4.434500427067));
#2463 = CARTESIAN_POINT('',(0.883469884037,4.445760325385));
#2464 = CARTESIAN_POINT('',(0.966469553699,4.45703664568));
#2465 = CARTESIAN_POINT('',(1.051067758681,4.467789439948));
#2466 = CARTESIAN_POINT('',(1.13727190756,4.477444554527));
#2467 = CARTESIAN_POINT('',(1.225146899122,4.4854560006));
#2468 = CARTESIAN_POINT('',(1.437100946017,4.499441937043));
#2469 = CARTESIAN_POINT('',(1.561059041691,4.503507682622));
#2470 = CARTESIAN_POINT('',(1.685344112986,4.502522177526));
#2471 = CARTESIAN_POINT('',(1.808955228614,4.496212186577));
#2472 = CARTESIAN_POINT('',(1.930835440444,4.485511457357));
#2473 = CARTESIAN_POINT('',(2.049636812687,4.472164826188));
#2474 = CARTESIAN_POINT('',(2.25352382544,4.446533218279));
#2475 = CARTESIAN_POINT('',(2.341772189467,4.434428883681));
#2476 = CARTESIAN_POINT('',(2.428147442576,4.422236484737));
#2477 = CARTESIAN_POINT('',(2.51292313328,4.410536599607));
#2478 = CARTESIAN_POINT('',(2.596338140826,4.399812844182));
#2479 = CARTESIAN_POINT('',(2.678615026594,4.390437184624));
#2480 = CARTESIAN_POINT('',(2.892047741281,4.37006999749));
#2481 = CARTESIAN_POINT('',(3.021861013532,4.361700644209));
#2482 = CARTESIAN_POINT('',(3.150730138642,4.358675910337));
#2483 = CARTESIAN_POINT('',(3.279618746008,4.36147294351));
#2484 = CARTESIAN_POINT('',(3.409456311533,4.369913305733));
#2485 = CARTESIAN_POINT('',(3.541116173925,4.383051143816));
#2486 = CARTESIAN_POINT('',(3.779496922922,4.411778951229));
#2487 = CARTESIAN_POINT('',(3.886067067713,4.426246798205));
#2488 = CARTESIAN_POINT('',(3.995230498448,4.441907186845));
#2489 = CARTESIAN_POINT('',(4.107044295748,4.457632862295));
#2490 = CARTESIAN_POINT('',(4.221691754379,4.472059204481));
#2491 = CARTESIAN_POINT('',(4.339501734048,4.483789453752));
#2492 = CARTESIAN_POINT('',(4.583472206188,4.499620481983));
#2493 = CARTESIAN_POINT('',(4.707495148279,4.503524671559));
#2494 = CARTESIAN_POINT('',(4.831795422422,4.502362299533));
#2495 = CARTESIAN_POINT('',(4.955385816915,4.495887820093));
#2496 = CARTESIAN_POINT('',(5.077218363404,4.485057512963));
#2497 = CARTESIAN_POINT('',(5.195951163739,4.471625126195));
#2498 = CARTESIAN_POINT('',(5.460546519142,4.43823314515));
#2499 = CARTESIAN_POINT('',(5.605349783288,4.417196011369));
#2500 = CARTESIAN_POINT('',(5.745524834272,4.39720964091));
#2501 = CARTESIAN_POINT('',(5.882278497242,4.380710102419));
#2502 = CARTESIAN_POINT('',(6.016754064432,4.369225216725));
#2503 = CARTESIAN_POINT('',(6.149977865715,4.363484845854));
#2504 = CARTESIAN_POINT('',(6.28318530718,4.363484845854));
#2505 = ( GEOMETRIC_REPRESENTATION_CONTEXT(2) 
PARAMETRIC_REPRESENTATION_CONTEXT() REPRESENTATION_CONTEXT('2D SPACE',''
  ) );
#2506 = PCURVE('',#2340,#2507);
#2507 = DEFINITIONAL_REPRESENTATION('',(#2508),#2559);
#2508 = B_SPLINE_CURVE_WITH_KNOTS('',7,(#2509,#2510,#2511,#2512,#2513,
    #2514,#2515,#2516,#2517,#2518,#2519,#2520,#2521,#2522,#2523,#2524,
    #2525,#2526,#2527,#2528,#2529,#2530,#2531,#2532,#2533,#2534,#2535,
    #2536,#2537,#2538,#2539,#2540,#2541,#2542,#2543,#2544,#2545,#2546,
    #2547,#2548,#2549,#2550,#2551,#2552,#2553,#2554,#2555,#2556,#2557,
    #2558),.UNSPECIFIED.,.T.,.F.,(8,6,6,6,6,6,6,6,8),(0.,0.122247020538,
    0.21197989571,0.334317155501,0.431889347762,0.590316495768,
    0.712578753151,0.835696730876,1.),.UNSPECIFIED.);
#2509 = CARTESIAN_POINT('',(-3.56307229335,-1.1));
#2510 = CARTESIAN_POINT('',(-3.56307229335,-1.210779617722));
#2511 = CARTESIAN_POINT('',(-3.560089460952,-1.321555782767));
#2512 = CARTESIAN_POINT('',(-3.554123645258,-1.431056307216));
#2513 = CARTESIAN_POINT('',(-3.545173907962,-1.537962887037));
#2514 = CARTESIAN_POINT('',(-3.533244741893,-1.640837982946));
#2515 = CARTESIAN_POINT('',(-3.518352121941,-1.738013755136));
#2516 = CARTESIAN_POINT('',(-3.487446982586,-1.893086761486));
#2517 = CARTESIAN_POINT('',(-3.472730050437,-1.95483656856));
#2518 = CARTESIAN_POINT('',(-3.456437946044,-2.011464828003));
#2519 = CARTESIAN_POINT('',(-3.438673915703,-2.061799352431));
#2520 = CARTESIAN_POINT('',(-3.419574090983,-2.104725813152));
#2521 = CARTESIAN_POINT('',(-3.399302705353,-2.139184463408));
#2522 = CARTESIAN_POINT('',(-3.349083490209,-2.198213180208));
#2523 = CARTESIAN_POINT('',(-3.318692635031,-2.214174750277));
#2524 = CARTESIAN_POINT('',(-3.287828839951,-2.209910864525));
#2525 = CARTESIAN_POINT('',(-3.257521341485,-2.185193739039));
#2526 = CARTESIAN_POINT('',(-3.228762575901,-2.141550298455));
#2527 = CARTESIAN_POINT('',(-3.202460292927,-2.082296281974));
#2528 = CARTESIAN_POINT('',(-3.160719438543,-1.957096353854));
#2529 = CARTESIAN_POINT('',(-3.143912833251,-1.894192859033));
#2530 = CARTESIAN_POINT('',(-3.128889080358,-1.825235355496));
#2531 = CARTESIAN_POINT('',(-3.115693203569,-1.751355399376));
#2532 = CARTESIAN_POINT('',(-3.104352010499,-1.673552445805));
#2533 = CARTESIAN_POINT('',(-3.094878465969,-1.59272200935));
#2534 = CARTESIAN_POINT('',(-3.074927553359,-1.37483603463));
#2535 = CARTESIAN_POINT('',(-3.067492689205,-1.233976044671));
#2536 = CARTESIAN_POINT('',(-3.064960781288,-1.090096975886));
#2537 = CARTESIAN_POINT('',(-3.067366412844,-0.945834089263));
#2538 = CARTESIAN_POINT('',(-3.074726308641,-0.80392980022));
#2539 = CARTESIAN_POINT('',(-3.087012402928,-0.667445944434));
#2540 = CARTESIAN_POINT('',(-3.117353884739,-0.441743182435));
#2541 = CARTESIAN_POINT('',(-3.133581339724,-0.347884968564));
#2542 = CARTESIAN_POINT('',(-3.152794981028,-0.261010016234));
#2543 = CARTESIAN_POINT('',(-3.17484869457,-0.18366669495));
#2544 = CARTESIAN_POINT('',(-3.199509098814,-0.118407038));
#2545 = CARTESIAN_POINT('',(-3.226462797681,-6.781229431333E-02));
#2546 = CARTESIAN_POINT('',(-3.284333441358,-1.072006206439E-03));
#2547 = CARTESIAN_POINT('',(-3.314757025733,1.423007429127E-02));
#2548 = CARTESIAN_POINT('',(-3.345620024257,9.277634847289E-03));
#2549 = CARTESIAN_POINT('',(-3.375896590959,-1.610636736127E-02));
#2550 = CARTESIAN_POINT('',(-3.404598943026,-6.035722191929E-02));
#2551 = CARTESIAN_POINT('',(-3.430825724787,-0.120133925053));
#2552 = CARTESIAN_POINT('',(-3.484832563631,-0.283731041295));
#2553 = CARTESIAN_POINT('',(-3.510840219946,-0.397543776594));
#2554 = CARTESIAN_POINT('',(-3.531731413713,-0.525562287815));
#2555 = CARTESIAN_POINT('',(-3.547413644961,-0.663251222404));
#2556 = CARTESIAN_POINT('',(-3.557853618964,-0.806925118888));
#2557 = CARTESIAN_POINT('',(-3.56307229335,-0.953471814388));
#2558 = CARTESIAN_POINT('',(-3.56307229335,-1.1));
#2559 = ( GEOMETRIC_REPRESENTATION_CONTEXT(2) 
PARAMETRIC_REPRESENTATION_CONTEXT() REPRESENTATION_CONTEXT('2D SPACE',''
  ) );
#2560 = ORIENTED_EDGE('',*,*,#2207,.T.);
#2561 = ADVANCED_FACE('',(#2562),#512,.F.);
#2562 = FACE_BOUND('',#2563,.F.);
#2563 = EDGE_LOOP('',(#2564,#2565,#2588,#2739,#2883));
#2564 = ORIENTED_EDGE('',*,*,#414,.F.);
#2565 = ORIENTED_EDGE('',*,*,#2566,.F.);
#2566 = EDGE_CURVE('',#2567,#415,#2569,.T.);
#2567 = VERTEX_POINT('',#2568);
#2568 = CARTESIAN_POINT('',(-14.78181412046,90.166481213844,3.6));
#2569 = SEAM_CURVE('',#2570,(#2574,#2581),.PCURVE_S1.);
#2570 = LINE('',#2571,#2572);
#2571 = CARTESIAN_POINT('',(-14.02410292871,85.869287507496,3.6));
#2572 = VECTOR('',#2573,1.);
#2573 = DIRECTION('',(-0.173648177667,0.984807753012,0.));
#2574 = PCURVE('',#512,#2575);
#2575 = DEFINITIONAL_REPRESENTATION('',(#2576),#2580);
#2576 = LINE('',#2577,#2578);
#2577 = CARTESIAN_POINT('',(6.28318530718,-0.));
#2578 = VECTOR('',#2579,1.);
#2579 = DIRECTION('',(0.,1.));
#2580 = ( GEOMETRIC_REPRESENTATION_CONTEXT(2) 
PARAMETRIC_REPRESENTATION_CONTEXT() REPRESENTATION_CONTEXT('2D SPACE',''
  ) );
#2581 = PCURVE('',#512,#2582);
#2582 = DEFINITIONAL_REPRESENTATION('',(#2583),#2587);
#2583 = LINE('',#2584,#2585);
#2584 = CARTESIAN_POINT('',(0.,-0.));
#2585 = VECTOR('',#2586,1.);
#2586 = DIRECTION('',(0.,1.));
#2587 = ( GEOMETRIC_REPRESENTATION_CONTEXT(2) 
PARAMETRIC_REPRESENTATION_CONTEXT() REPRESENTATION_CONTEXT('2D SPACE',''
  ) );
#2588 = ORIENTED_EDGE('',*,*,#2589,.T.);
#2589 = EDGE_CURVE('',#2567,#2590,#2592,.T.);
#2590 = VERTEX_POINT('',#2591);
#2591 = CARTESIAN_POINT('',(-15.88880825652,90.109909400617,2.5));
#2592 = SURFACE_CURVE('',#2593,(#2638,#2686),.PCURVE_S1.);
#2593 = B_SPLINE_CURVE_WITH_KNOTS('',7,(#2594,#2595,#2596,#2597,#2598,
    #2599,#2600,#2601,#2602,#2603,#2604,#2605,#2606,#2607,#2608,#2609,
    #2610,#2611,#2612,#2613,#2614,#2615,#2616,#2617,#2618,#2619,#2620,
    #2621,#2622,#2623,#2624,#2625,#2626,#2627,#2628,#2629,#2630,#2631,
    #2632,#2633,#2634,#2635,#2636,#2637),.UNSPECIFIED.,.T.,.F.,(8,6,6,6,
    6,6,6,8),(0.,0.149766213519,0.287295950481,0.424957385149,
    0.575595213043,0.704363101038,0.831358406224,1.),.UNSPECIFIED.);
#2594 = CARTESIAN_POINT('',(-14.78181412046,90.166481213844,3.6));
#2595 = CARTESIAN_POINT('',(-14.78181412046,90.166481213844,
    3.466655245961));
#2596 = CARTESIAN_POINT('',(-14.80121139746,90.167888236983,
    3.333304704302));
#2597 = CARTESIAN_POINT('',(-14.84001044609,90.170703074809,
    3.202145683757));
#2598 = CARTESIAN_POINT('',(-14.89829161295,90.174399163585,
    3.075497950833));
#2599 = CARTESIAN_POINT('',(-14.9760587558,90.17791691532,2.956025841866
    ));
#2600 = CARTESIAN_POINT('',(-15.07312160911,90.179629853777,
    2.846938823272));
#2601 = CARTESIAN_POINT('',(-15.2949314239,90.175618940384,
    2.665653333645));
#2602 = CARTESIAN_POINT('',(-15.41953350303,90.170440464282,
    2.588908169881));
#2603 = CARTESIAN_POINT('',(-15.55951947402,90.160233638074,
    2.529839412759));
#2604 = CARTESIAN_POINT('',(-15.70949930992,90.143244121984,
    2.493493508163));
#2605 = CARTESIAN_POINT('',(-15.86315123757,90.118881253634,
    2.48246332274));
#2606 = CARTESIAN_POINT('',(-16.01409793171,90.088422812764,
    2.49695872965));
#2607 = CARTESIAN_POINT('',(-16.29957058199,90.019964833003,
    2.572194321219));
#2608 = CARTESIAN_POINT('',(-16.43026014753,89.982874787441,
    2.631971928899));
#2609 = CARTESIAN_POINT('',(-16.5464871222,89.94507199945,2.709881179716
    ));
#2610 = CARTESIAN_POINT('',(-16.646950575,89.90885820614,2.802254828314)
  );
#2611 = CARTESIAN_POINT('',(-16.7309701062,89.876281620697,
    2.905578129604));
#2612 = CARTESIAN_POINT('',(-16.79840003848,89.848835495371,
    3.016458280487));
#2613 = CARTESIAN_POINT('',(-16.90571771335,89.803771016298,
    3.257684925701));
#2614 = CARTESIAN_POINT('',(-16.94358403183,89.786830381141,
    3.391520390499));
#2615 = CARTESIAN_POINT('',(-16.9626315061,89.777942344868,
    3.529993614281));
#2616 = CARTESIAN_POINT('',(-16.9626315061,89.777942344867,
    3.670006385718));
#2617 = CARTESIAN_POINT('',(-16.94358403183,89.786830381141,
    3.808479609501));
#2618 = CARTESIAN_POINT('',(-16.90571771335,89.803771016298,3.9423150743
    ));
#2619 = CARTESIAN_POINT('',(-16.801710608,89.847445332093,4.176100283802
    ));
#2620 = CARTESIAN_POINT('',(-16.73971793421,89.872716982809,
    4.279846084761));
#2621 = CARTESIAN_POINT('',(-16.66337400941,89.902468803645,
    4.377120873365));
#2622 = CARTESIAN_POINT('',(-16.57271876272,89.935552358994,
    4.465293682418));
#2623 = CARTESIAN_POINT('',(-16.4681474009,89.970405948478,
    4.541572488325));
#2624 = CARTESIAN_POINT('',(-16.35049206163,90.005221779171,
    4.602970621431));
#2625 = CARTESIAN_POINT('',(-16.09394651256,90.0707675369,4.688759151643
    ));
#2626 = CARTESIAN_POINT('',(-15.95701039582,90.101127885036,
    4.713099278574));
#2627 = CARTESIAN_POINT('',(-15.81496280638,90.127068129756,
    4.716003778901));
#2628 = CARTESIAN_POINT('',(-15.67317075768,90.14698662716,
    4.696628087498));
#2629 = CARTESIAN_POINT('',(-15.53720406552,90.160725462312,
    4.656264193339));
#2630 = CARTESIAN_POINT('',(-15.41216709262,90.169305015369,
    4.59837567574));
#2631 = CARTESIAN_POINT('',(-15.15482371945,90.180422882157,
    4.436316533616));
#2632 = CARTESIAN_POINT('',(-15.03070195635,90.180182293519,
    4.321380867666));
#2633 = CARTESIAN_POINT('',(-14.93102390488,90.176434494871,
    4.190772295786));
#2634 = CARTESIAN_POINT('',(-14.85630823726,90.171886047171,
    4.04952169711));
#2635 = CARTESIAN_POINT('',(-14.80662561124,90.168280802644,
    3.901718004724));
#2636 = CARTESIAN_POINT('',(-14.78181412046,90.166481213844,
    3.750811104226));
#2637 = CARTESIAN_POINT('',(-14.78181412046,90.166481213844,3.6));
#2638 = PCURVE('',#512,#2639);
#2639 = DEFINITIONAL_REPRESENTATION('',(#2640),#2685);
#2640 = B_SPLINE_CURVE_WITH_KNOTS('',7,(#2641,#2642,#2643,#2644,#2645,
    #2646,#2647,#2648,#2649,#2650,#2651,#2652,#2653,#2654,#2655,#2656,
    #2657,#2658,#2659,#2660,#2661,#2662,#2663,#2664,#2665,#2666,#2667,
    #2668,#2669,#2670,#2671,#2672,#2673,#2674,#2675,#2676,#2677,#2678,
    #2679,#2680,#2681,#2682,#2683,#2684),.UNSPECIFIED.,.F.,.F.,(8,6,6,6,
    6,6,6,8),(0.,0.149766213519,0.287295950481,0.424957385149,
    0.575595213043,0.704363101038,0.831358406224,1.),.UNSPECIFIED.);
#2641 = CARTESIAN_POINT('',(0.,4.363484845854));
#2642 = CARTESIAN_POINT('',(0.121222503671,4.363484845854));
#2643 = CARTESIAN_POINT('',(0.242449992521,4.368238794952));
#2644 = CARTESIAN_POINT('',(0.364596269669,4.377748253155));
#2645 = CARTESIAN_POINT('',(0.488457940094,4.391508608457));
#2646 = CARTESIAN_POINT('',(0.614903987175,4.408477040276));
#2647 = CARTESIAN_POINT('',(0.744865679938,4.427018742945));
#2648 = CARTESIAN_POINT('',(1.003414139395,4.461585634466));
#2649 = CARTESIAN_POINT('',(1.134470279187,4.478122755028));
#2650 = CARTESIAN_POINT('',(1.269599260585,4.492379302205));
#2651 = CARTESIAN_POINT('',(1.40713368763,4.50169162023));
#2652 = CARTESIAN_POINT('',(1.545849472483,4.504380255826));
#2653 = CARTESIAN_POINT('',(1.6846769354,4.500596165474));
#2654 = CARTESIAN_POINT('',(1.959702161053,4.482750021744));
#2655 = CARTESIAN_POINT('',(2.092216271053,4.468917462211));
#2656 = CARTESIAN_POINT('',(2.220647211514,4.451871585861));
#2657 = CARTESIAN_POINT('',(2.345546138929,4.433653256943));
#2658 = CARTESIAN_POINT('',(2.467287634494,4.416161421513));
#2659 = CARTESIAN_POINT('',(2.586042394276,4.400841349362));
#2660 = CARTESIAN_POINT('',(2.828405782503,4.375097019659));
#2661 = CARTESIAN_POINT('',(2.954067204793,4.364989168014));
#2662 = CARTESIAN_POINT('',(3.079148387914,4.35954372018));
#2663 = CARTESIAN_POINT('',(3.204036919265,4.35954372018));
#2664 = CARTESIAN_POINT('',(3.329118102387,4.364989168014));
#2665 = CARTESIAN_POINT('',(3.454779524678,4.375097019659));
#2666 = CARTESIAN_POINT('',(3.689666410584,4.400047180152));
#2667 = CARTESIAN_POINT('',(3.800334050178,4.414169982877));
#2668 = CARTESIAN_POINT('',(3.91352396642,4.430212823286));
#2669 = CARTESIAN_POINT('',(4.02946179326,4.447051646706));
#2670 = CARTESIAN_POINT('',(4.148510730576,4.463217105433));
#2671 = CARTESIAN_POINT('',(4.271165369111,4.477073370171));
#2672 = CARTESIAN_POINT('',(4.523544928616,4.497074673475));
#2673 = CARTESIAN_POINT('',(4.651536344371,4.503195072576));
#2674 = CARTESIAN_POINT('',(4.780410812518,4.504074921642));
#2675 = CARTESIAN_POINT('',(4.908946412505,4.49906888145));
#2676 = CARTESIAN_POINT('',(5.035907094601,4.488988624508));
#2677 = CARTESIAN_POINT('',(5.159765989452,4.47572539239));
#2678 = CARTESIAN_POINT('',(5.434717698139,4.441987146014));
#2679 = CARTESIAN_POINT('',(5.584498427974,4.420196694488));
#2680 = CARTESIAN_POINT('',(5.729263073073,4.399196921332));
#2681 = CARTESIAN_POINT('',(5.870317137968,4.381743335248));
#2682 = CARTESIAN_POINT('',(6.008897026156,4.369565565014));
#2683 = CARTESIAN_POINT('',(6.146084303338,4.363484845854));
#2684 = CARTESIAN_POINT('',(6.28318530718,4.363484845854));
#2685 = ( GEOMETRIC_REPRESENTATION_CONTEXT(2) 
PARAMETRIC_REPRESENTATION_CONTEXT() REPRESENTATION_CONTEXT('2D SPACE',''
  ) );
#2686 = PCURVE('',#2687,#2692);
#2687 = CYLINDRICAL_SURFACE('',#2688,4.5);
#2688 = AXIS2_PLACEMENT_3D('',#2689,#2690,#2691);
#2689 = CARTESIAN_POINT('',(-15.10739145702,85.678274512062,2.5));
#2690 = DIRECTION('',(-0.,-0.,-1.));
#2691 = DIRECTION('',(1.,0.,0.));
#2692 = DEFINITIONAL_REPRESENTATION('',(#2693),#2738);
#2693 = B_SPLINE_CURVE_WITH_KNOTS('',7,(#2694,#2695,#2696,#2697,#2698,
    #2699,#2700,#2701,#2702,#2703,#2704,#2705,#2706,#2707,#2708,#2709,
    #2710,#2711,#2712,#2713,#2714,#2715,#2716,#2717,#2718,#2719,#2720,
    #2721,#2722,#2723,#2724,#2725,#2726,#2727,#2728,#2729,#2730,#2731,
    #2732,#2733,#2734,#2735,#2736,#2737),.UNSPECIFIED.,.T.,.F.,(8,6,6,6,
    6,6,6,8),(0.,0.149766213519,0.287295950481,0.424957385149,
    0.575595213043,0.704363101038,0.831358406224,1.),.UNSPECIFIED.);
#2694 = CARTESIAN_POINT('',(-1.498382537434,-1.1));
#2695 = CARTESIAN_POINT('',(-1.498382537434,-0.966655245961));
#2696 = CARTESIAN_POINT('',(-1.502704384389,-0.833304704302));
#2697 = CARTESIAN_POINT('',(-1.511348974697,-0.702145683757));
#2698 = CARTESIAN_POINT('',(-1.524326040071,-0.575497950833));
#2699 = CARTESIAN_POINT('',(-1.541618491498,-0.456025841866));
#2700 = CARTESIAN_POINT('',(-1.563177589545,-0.346938823272));
#2701 = CARTESIAN_POINT('',(-1.612476717508,-0.165653333645));
#2702 = CARTESIAN_POINT('',(-1.640182192985,-8.890816988057E-02));
#2703 = CARTESIAN_POINT('',(-1.671348454658,-2.98394127589E-02));
#2704 = CARTESIAN_POINT('',(-1.704835450994,6.506491836564E-03));
#2705 = CARTESIAN_POINT('',(-1.739357309647,1.753667725964E-02));
#2706 = CARTESIAN_POINT('',(-1.773554758703,3.041270350201E-03));
#2707 = CARTESIAN_POINT('',(-1.838791697815,-7.219432121853E-02));
#2708 = CARTESIAN_POINT('',(-1.868955171506,-0.131971928899));
#2709 = CARTESIAN_POINT('',(-1.896087090656,-0.209881179716));
#2710 = CARTESIAN_POINT('',(-1.919804928,-0.302254828315));
#2711 = CARTESIAN_POINT('',(-1.939825565844,-0.405578129604));
#2712 = CARTESIAN_POINT('',(-1.956002754245,-0.516458280487));
#2713 = CARTESIAN_POINT('',(-1.981868400094,-0.757684925701));
#2714 = CARTESIAN_POINT('',(-1.991084355942,-0.891520390499));
#2715 = CARTESIAN_POINT('',(-1.99575594146,-1.029993614281));
#2716 = CARTESIAN_POINT('',(-1.99575594146,-1.170006385718));
#2717 = CARTESIAN_POINT('',(-1.991084355942,-1.308479609501));
#2718 = CARTESIAN_POINT('',(-1.981868400094,-1.4423150743));
#2719 = CARTESIAN_POINT('',(-1.956800665854,-1.676100283802));
#2720 = CARTESIAN_POINT('',(-1.94192461198,-1.779846084762));
#2721 = CARTESIAN_POINT('',(-1.923720210598,-1.877120873365));
#2722 = CARTESIAN_POINT('',(-1.902285099319,-1.965293682418));
#2723 = CARTESIAN_POINT('',(-1.877810470984,-2.041572488324));
#2724 = CARTESIAN_POINT('',(-1.850563378624,-2.102970621431));
#2725 = CARTESIAN_POINT('',(-1.79172194487,-2.188759151643));
#2726 = CARTESIAN_POINT('',(-1.760568612432,-2.213099278574));
#2727 = CARTESIAN_POINT('',(-1.728517491734,-2.216003778901));
#2728 = CARTESIAN_POINT('',(-1.696746021226,-2.196628087498));
#2729 = CARTESIAN_POINT('',(-1.666402896206,-2.156264193339));
#2730 = CARTESIAN_POINT('',(-1.638560573439,-2.09837567574));
#2731 = CARTESIAN_POINT('',(-1.581319813259,-1.936316533616));
#2732 = CARTESIAN_POINT('',(-1.553765275629,-1.821380867666));
#2733 = CARTESIAN_POINT('',(-1.531613960255,-1.690772295786));
#2734 = CARTESIAN_POINT('',(-1.514980048591,-1.54952169711));
#2735 = CARTESIAN_POINT('',(-1.503910745878,-1.401718004724));
#2736 = CARTESIAN_POINT('',(-1.498382537434,-1.250811104226));
#2737 = CARTESIAN_POINT('',(-1.498382537434,-1.1));
#2738 = ( GEOMETRIC_REPRESENTATION_CONTEXT(2) 
PARAMETRIC_REPRESENTATION_CONTEXT() REPRESENTATION_CONTEXT('2D SPACE',''
  ) );
#2739 = ORIENTED_EDGE('',*,*,#2740,.T.);
#2740 = EDGE_CURVE('',#2590,#2567,#2741,.T.);
#2741 = SURFACE_CURVE('',#2742,(#2787,#2835),.PCURVE_S1.);
#2742 = B_SPLINE_CURVE_WITH_KNOTS('',7,(#2743,#2744,#2745,#2746,#2747,
    #2748,#2749,#2750,#2751,#2752,#2753,#2754,#2755,#2756,#2757,#2758,
    #2759,#2760,#2761,#2762,#2763,#2764,#2765,#2766,#2767,#2768,#2769,
    #2770,#2771,#2772,#2773,#2774,#2775,#2776,#2777,#2778,#2779,#2780,
    #2781,#2782,#2783,#2784,#2785,#2786),.UNSPECIFIED.,.T.,.F.,(8,6,6,6,
    6,6,6,8),(0.,0.149766213519,0.287295950481,0.424957385149,
    0.575595213043,0.704363101038,0.831358406224,1.),.UNSPECIFIED.);
#2743 = CARTESIAN_POINT('',(-14.78181412046,90.166481213844,3.6));
#2744 = CARTESIAN_POINT('',(-14.78181412046,90.166481213844,
    3.466655245961));
#2745 = CARTESIAN_POINT('',(-14.80121139746,90.167888236983,
    3.333304704302));
#2746 = CARTESIAN_POINT('',(-14.84001044609,90.170703074809,
    3.202145683757));
#2747 = CARTESIAN_POINT('',(-14.89829161295,90.174399163585,
    3.075497950833));
#2748 = CARTESIAN_POINT('',(-14.9760587558,90.17791691532,2.956025841866
    ));
#2749 = CARTESIAN_POINT('',(-15.07312160911,90.179629853777,
    2.846938823272));
#2750 = CARTESIAN_POINT('',(-15.2949314239,90.175618940384,
    2.665653333645));
#2751 = CARTESIAN_POINT('',(-15.41953350303,90.170440464282,
    2.588908169881));
#2752 = CARTESIAN_POINT('',(-15.55951947402,90.160233638074,
    2.529839412759));
#2753 = CARTESIAN_POINT('',(-15.70949930992,90.143244121984,
    2.493493508163));
#2754 = CARTESIAN_POINT('',(-15.86315123757,90.118881253634,
    2.48246332274));
#2755 = CARTESIAN_POINT('',(-16.01409793171,90.088422812764,
    2.49695872965));
#2756 = CARTESIAN_POINT('',(-16.29957058199,90.019964833003,
    2.572194321219));
#2757 = CARTESIAN_POINT('',(-16.43026014753,89.982874787441,
    2.631971928899));
#2758 = CARTESIAN_POINT('',(-16.5464871222,89.94507199945,2.709881179716
    ));
#2759 = CARTESIAN_POINT('',(-16.646950575,89.90885820614,2.802254828314)
  );
#2760 = CARTESIAN_POINT('',(-16.7309701062,89.876281620697,
    2.905578129604));
#2761 = CARTESIAN_POINT('',(-16.79840003848,89.848835495371,
    3.016458280487));
#2762 = CARTESIAN_POINT('',(-16.90571771335,89.803771016298,
    3.257684925701));
#2763 = CARTESIAN_POINT('',(-16.94358403183,89.786830381141,
    3.391520390499));
#2764 = CARTESIAN_POINT('',(-16.9626315061,89.777942344868,
    3.529993614281));
#2765 = CARTESIAN_POINT('',(-16.9626315061,89.777942344867,
    3.670006385718));
#2766 = CARTESIAN_POINT('',(-16.94358403183,89.786830381141,
    3.808479609501));
#2767 = CARTESIAN_POINT('',(-16.90571771335,89.803771016298,3.9423150743
    ));
#2768 = CARTESIAN_POINT('',(-16.801710608,89.847445332093,4.176100283802
    ));
#2769 = CARTESIAN_POINT('',(-16.73971793421,89.872716982809,
    4.279846084761));
#2770 = CARTESIAN_POINT('',(-16.66337400941,89.902468803645,
    4.377120873365));
#2771 = CARTESIAN_POINT('',(-16.57271876272,89.935552358994,
    4.465293682418));
#2772 = CARTESIAN_POINT('',(-16.4681474009,89.970405948478,
    4.541572488325));
#2773 = CARTESIAN_POINT('',(-16.35049206163,90.005221779171,
    4.602970621431));
#2774 = CARTESIAN_POINT('',(-16.09394651256,90.0707675369,4.688759151643
    ));
#2775 = CARTESIAN_POINT('',(-15.95701039582,90.101127885036,
    4.713099278574));
#2776 = CARTESIAN_POINT('',(-15.81496280638,90.127068129756,
    4.716003778901));
#2777 = CARTESIAN_POINT('',(-15.67317075768,90.14698662716,
    4.696628087498));
#2778 = CARTESIAN_POINT('',(-15.53720406552,90.160725462312,
    4.656264193339));
#2779 = CARTESIAN_POINT('',(-15.41216709262,90.169305015369,
    4.59837567574));
#2780 = CARTESIAN_POINT('',(-15.15482371945,90.180422882157,
    4.436316533616));
#2781 = CARTESIAN_POINT('',(-15.03070195635,90.180182293519,
    4.321380867666));
#2782 = CARTESIAN_POINT('',(-14.93102390488,90.176434494871,
    4.190772295786));
#2783 = CARTESIAN_POINT('',(-14.85630823726,90.171886047171,
    4.04952169711));
#2784 = CARTESIAN_POINT('',(-14.80662561124,90.168280802644,
    3.901718004724));
#2785 = CARTESIAN_POINT('',(-14.78181412046,90.166481213844,
    3.750811104226));
#2786 = CARTESIAN_POINT('',(-14.78181412046,90.166481213844,3.6));
#2787 = PCURVE('',#512,#2788);
#2788 = DEFINITIONAL_REPRESENTATION('',(#2789),#2834);
#2789 = B_SPLINE_CURVE_WITH_KNOTS('',7,(#2790,#2791,#2792,#2793,#2794,
    #2795,#2796,#2797,#2798,#2799,#2800,#2801,#2802,#2803,#2804,#2805,
    #2806,#2807,#2808,#2809,#2810,#2811,#2812,#2813,#2814,#2815,#2816,
    #2817,#2818,#2819,#2820,#2821,#2822,#2823,#2824,#2825,#2826,#2827,
    #2828,#2829,#2830,#2831,#2832,#2833),.UNSPECIFIED.,.F.,.F.,(8,6,6,6,
    6,6,6,8),(0.,0.149766213519,0.287295950481,0.424957385149,
    0.575595213043,0.704363101038,0.831358406224,1.),.UNSPECIFIED.);
#2790 = CARTESIAN_POINT('',(0.,4.363484845854));
#2791 = CARTESIAN_POINT('',(0.121222503671,4.363484845854));
#2792 = CARTESIAN_POINT('',(0.242449992521,4.368238794952));
#2793 = CARTESIAN_POINT('',(0.364596269669,4.377748253155));
#2794 = CARTESIAN_POINT('',(0.488457940094,4.391508608457));
#2795 = CARTESIAN_POINT('',(0.614903987175,4.408477040276));
#2796 = CARTESIAN_POINT('',(0.744865679938,4.427018742945));
#2797 = CARTESIAN_POINT('',(1.003414139395,4.461585634466));
#2798 = CARTESIAN_POINT('',(1.134470279187,4.478122755028));
#2799 = CARTESIAN_POINT('',(1.269599260585,4.492379302205));
#2800 = CARTESIAN_POINT('',(1.40713368763,4.50169162023));
#2801 = CARTESIAN_POINT('',(1.545849472483,4.504380255826));
#2802 = CARTESIAN_POINT('',(1.6846769354,4.500596165474));
#2803 = CARTESIAN_POINT('',(1.959702161053,4.482750021744));
#2804 = CARTESIAN_POINT('',(2.092216271053,4.468917462211));
#2805 = CARTESIAN_POINT('',(2.220647211514,4.451871585861));
#2806 = CARTESIAN_POINT('',(2.345546138929,4.433653256943));
#2807 = CARTESIAN_POINT('',(2.467287634494,4.416161421513));
#2808 = CARTESIAN_POINT('',(2.586042394276,4.400841349362));
#2809 = CARTESIAN_POINT('',(2.828405782503,4.375097019659));
#2810 = CARTESIAN_POINT('',(2.954067204793,4.364989168014));
#2811 = CARTESIAN_POINT('',(3.079148387914,4.35954372018));
#2812 = CARTESIAN_POINT('',(3.204036919265,4.35954372018));
#2813 = CARTESIAN_POINT('',(3.329118102387,4.364989168014));
#2814 = CARTESIAN_POINT('',(3.454779524678,4.375097019659));
#2815 = CARTESIAN_POINT('',(3.689666410584,4.400047180152));
#2816 = CARTESIAN_POINT('',(3.800334050178,4.414169982877));
#2817 = CARTESIAN_POINT('',(3.91352396642,4.430212823286));
#2818 = CARTESIAN_POINT('',(4.02946179326,4.447051646706));
#2819 = CARTESIAN_POINT('',(4.148510730576,4.463217105433));
#2820 = CARTESIAN_POINT('',(4.271165369111,4.477073370171));
#2821 = CARTESIAN_POINT('',(4.523544928616,4.497074673475));
#2822 = CARTESIAN_POINT('',(4.651536344371,4.503195072576));
#2823 = CARTESIAN_POINT('',(4.780410812518,4.504074921642));
#2824 = CARTESIAN_POINT('',(4.908946412505,4.49906888145));
#2825 = CARTESIAN_POINT('',(5.035907094601,4.488988624508));
#2826 = CARTESIAN_POINT('',(5.159765989452,4.47572539239));
#2827 = CARTESIAN_POINT('',(5.434717698139,4.441987146014));
#2828 = CARTESIAN_POINT('',(5.584498427974,4.420196694488));
#2829 = CARTESIAN_POINT('',(5.729263073073,4.399196921332));
#2830 = CARTESIAN_POINT('',(5.870317137968,4.381743335248));
#2831 = CARTESIAN_POINT('',(6.008897026156,4.369565565014));
#2832 = CARTESIAN_POINT('',(6.146084303338,4.363484845854));
#2833 = CARTESIAN_POINT('',(6.28318530718,4.363484845854));
#2834 = ( GEOMETRIC_REPRESENTATION_CONTEXT(2) 
PARAMETRIC_REPRESENTATION_CONTEXT() REPRESENTATION_CONTEXT('2D SPACE',''
  ) );
#2835 = PCURVE('',#2687,#2836);
#2836 = DEFINITIONAL_REPRESENTATION('',(#2837),#2882);
#2837 = B_SPLINE_CURVE_WITH_KNOTS('',7,(#2838,#2839,#2840,#2841,#2842,
    #2843,#2844,#2845,#2846,#2847,#2848,#2849,#2850,#2851,#2852,#2853,
    #2854,#2855,#2856,#2857,#2858,#2859,#2860,#2861,#2862,#2863,#2864,
    #2865,#2866,#2867,#2868,#2869,#2870,#2871,#2872,#2873,#2874,#2875,
    #2876,#2877,#2878,#2879,#2880,#2881),.UNSPECIFIED.,.T.,.F.,(8,6,6,6,
    6,6,6,8),(0.,0.149766213519,0.287295950481,0.424957385149,
    0.575595213043,0.704363101038,0.831358406224,1.),.UNSPECIFIED.);
#2838 = CARTESIAN_POINT('',(-1.498382537434,-1.1));
#2839 = CARTESIAN_POINT('',(-1.498382537434,-0.966655245961));
#2840 = CARTESIAN_POINT('',(-1.502704384389,-0.833304704302));
#2841 = CARTESIAN_POINT('',(-1.511348974697,-0.702145683757));
#2842 = CARTESIAN_POINT('',(-1.524326040071,-0.575497950833));
#2843 = CARTESIAN_POINT('',(-1.541618491498,-0.456025841866));
#2844 = CARTESIAN_POINT('',(-1.563177589545,-0.346938823272));
#2845 = CARTESIAN_POINT('',(-1.612476717508,-0.165653333645));
#2846 = CARTESIAN_POINT('',(-1.640182192985,-8.890816988057E-02));
#2847 = CARTESIAN_POINT('',(-1.671348454658,-2.98394127589E-02));
#2848 = CARTESIAN_POINT('',(-1.704835450994,6.506491836564E-03));
#2849 = CARTESIAN_POINT('',(-1.739357309647,1.753667725964E-02));
#2850 = CARTESIAN_POINT('',(-1.773554758703,3.041270350201E-03));
#2851 = CARTESIAN_POINT('',(-1.838791697815,-7.219432121853E-02));
#2852 = CARTESIAN_POINT('',(-1.868955171506,-0.131971928899));
#2853 = CARTESIAN_POINT('',(-1.896087090656,-0.209881179716));
#2854 = CARTESIAN_POINT('',(-1.919804928,-0.302254828315));
#2855 = CARTESIAN_POINT('',(-1.939825565844,-0.405578129604));
#2856 = CARTESIAN_POINT('',(-1.956002754245,-0.516458280487));
#2857 = CARTESIAN_POINT('',(-1.981868400094,-0.757684925701));
#2858 = CARTESIAN_POINT('',(-1.991084355942,-0.891520390499));
#2859 = CARTESIAN_POINT('',(-1.99575594146,-1.029993614281));
#2860 = CARTESIAN_POINT('',(-1.99575594146,-1.170006385718));
#2861 = CARTESIAN_POINT('',(-1.991084355942,-1.308479609501));
#2862 = CARTESIAN_POINT('',(-1.981868400094,-1.4423150743));
#2863 = CARTESIAN_POINT('',(-1.956800665854,-1.676100283802));
#2864 = CARTESIAN_POINT('',(-1.94192461198,-1.779846084762));
#2865 = CARTESIAN_POINT('',(-1.923720210598,-1.877120873365));
#2866 = CARTESIAN_POINT('',(-1.902285099319,-1.965293682418));
#2867 = CARTESIAN_POINT('',(-1.877810470984,-2.041572488324));
#2868 = CARTESIAN_POINT('',(-1.850563378624,-2.102970621431));
#2869 = CARTESIAN_POINT('',(-1.79172194487,-2.188759151643));
#2870 = CARTESIAN_POINT('',(-1.760568612432,-2.213099278574));
#2871 = CARTESIAN_POINT('',(-1.728517491734,-2.216003778901));
#2872 = CARTESIAN_POINT('',(-1.696746021226,-2.196628087498));
#2873 = CARTESIAN_POINT('',(-1.666402896206,-2.156264193339));
#2874 = CARTESIAN_POINT('',(-1.638560573439,-2.09837567574));
#2875 = CARTESIAN_POINT('',(-1.581319813259,-1.936316533616));
#2876 = CARTESIAN_POINT('',(-1.553765275629,-1.821380867666));
#2877 = CARTESIAN_POINT('',(-1.531613960255,-1.690772295786));
#2878 = CARTESIAN_POINT('',(-1.514980048591,-1.54952169711));
#2879 = CARTESIAN_POINT('',(-1.503910745878,-1.401718004724));
#2880 = CARTESIAN_POINT('',(-1.498382537434,-1.250811104226));
#2881 = CARTESIAN_POINT('',(-1.498382537434,-1.1));
#2882 = ( GEOMETRIC_REPRESENTATION_CONTEXT(2) 
PARAMETRIC_REPRESENTATION_CONTEXT() REPRESENTATION_CONTEXT('2D SPACE',''
  ) );
#2883 = ORIENTED_EDGE('',*,*,#2566,.T.);
#2884 = ADVANCED_FACE('',(#2885),#665,.F.);
#2885 = FACE_BOUND('',#2886,.F.);
#2886 = EDGE_LOOP('',(#2887,#2888,#2911,#3062,#3206));
#2887 = ORIENTED_EDGE('',*,*,#567,.F.);
#2888 = ORIENTED_EDGE('',*,*,#2889,.F.);
#2889 = EDGE_CURVE('',#2890,#568,#2892,.T.);
#2890 = VERTEX_POINT('',#2891);
#2891 = CARTESIAN_POINT('',(14.781814120469,-90.16648121384,3.6));
#2892 = SEAM_CURVE('',#2893,(#2897,#2904),.PCURVE_S1.);
#2893 = LINE('',#2894,#2895);
#2894 = CARTESIAN_POINT('',(14.024102928709,-85.86928750749,3.6));
#2895 = VECTOR('',#2896,1.);
#2896 = DIRECTION('',(0.173648177667,-0.984807753012,0.));
#2897 = PCURVE('',#665,#2898);
#2898 = DEFINITIONAL_REPRESENTATION('',(#2899),#2903);
#2899 = LINE('',#2900,#2901);
#2900 = CARTESIAN_POINT('',(6.28318530718,-0.));
#2901 = VECTOR('',#2902,1.);
#2902 = DIRECTION('',(0.,1.));
#2903 = ( GEOMETRIC_REPRESENTATION_CONTEXT(2) 
PARAMETRIC_REPRESENTATION_CONTEXT() REPRESENTATION_CONTEXT('2D SPACE',''
  ) );
#2904 = PCURVE('',#665,#2905);
#2905 = DEFINITIONAL_REPRESENTATION('',(#2906),#2910);
#2906 = LINE('',#2907,#2908);
#2907 = CARTESIAN_POINT('',(0.,-0.));
#2908 = VECTOR('',#2909,1.);
#2909 = DIRECTION('',(0.,1.));
#2910 = ( GEOMETRIC_REPRESENTATION_CONTEXT(2) 
PARAMETRIC_REPRESENTATION_CONTEXT() REPRESENTATION_CONTEXT('2D SPACE',''
  ) );
#2911 = ORIENTED_EDGE('',*,*,#2912,.T.);
#2912 = EDGE_CURVE('',#2890,#2913,#2915,.T.);
#2913 = VERTEX_POINT('',#2914);
#2914 = CARTESIAN_POINT('',(15.888808256524,-90.10990940061,2.5));
#2915 = SURFACE_CURVE('',#2916,(#2961,#3009),.PCURVE_S1.);
#2916 = B_SPLINE_CURVE_WITH_KNOTS('',7,(#2917,#2918,#2919,#2920,#2921,
    #2922,#2923,#2924,#2925,#2926,#2927,#2928,#2929,#2930,#2931,#2932,
    #2933,#2934,#2935,#2936,#2937,#2938,#2939,#2940,#2941,#2942,#2943,
    #2944,#2945,#2946,#2947,#2948,#2949,#2950,#2951,#2952,#2953,#2954,
    #2955,#2956,#2957,#2958,#2959,#2960),.UNSPECIFIED.,.T.,.F.,(8,6,6,6,
    6,6,6,8),(0.,0.149766213518,0.287295950479,0.424957385146,
    0.575595213041,0.704363101037,0.831358406224,1.),.UNSPECIFIED.);
#2917 = CARTESIAN_POINT('',(14.781814120469,-90.16648121384,3.6));
#2918 = CARTESIAN_POINT('',(14.781814120469,-90.16648121384,
    3.466655245961));
#2919 = CARTESIAN_POINT('',(14.801211397465,-90.16788823698,
    3.333304704302));
#2920 = CARTESIAN_POINT('',(14.840010446091,-90.1707030748,
    3.202145683757));
#2921 = CARTESIAN_POINT('',(14.898291612959,-90.17439916358,
    3.075497950833));
#2922 = CARTESIAN_POINT('',(14.976058755803,-90.17791691532,
    2.956025841866));
#2923 = CARTESIAN_POINT('',(15.073121609112,-90.17962985377,
    2.846938823272));
#2924 = CARTESIAN_POINT('',(15.294931423903,-90.17561894038,
    2.665653333645));
#2925 = CARTESIAN_POINT('',(15.419533503037,-90.17044046428,
    2.58890816988));
#2926 = CARTESIAN_POINT('',(15.559519474023,-90.16023363807,
    2.529839412759));
#2927 = CARTESIAN_POINT('',(15.709499309923,-90.14324412198,
    2.493493508163));
#2928 = CARTESIAN_POINT('',(15.863151237579,-90.11888125363,
    2.48246332274));
#2929 = CARTESIAN_POINT('',(16.014097931714,-90.08842281276,
    2.49695872965));
#2930 = CARTESIAN_POINT('',(16.299570581992,-90.019964833,2.572194321219
    ));
#2931 = CARTESIAN_POINT('',(16.430260147533,-89.98287478744,
    2.631971928899));
#2932 = CARTESIAN_POINT('',(16.546487122208,-89.94507199945,
    2.709881179716));
#2933 = CARTESIAN_POINT('',(16.646950575003,-89.90885820614,
    2.802254828315));
#2934 = CARTESIAN_POINT('',(16.730970106203,-89.87628162069,
    2.905578129604));
#2935 = CARTESIAN_POINT('',(16.798400038483,-89.84883549537,
    3.016458280487));
#2936 = CARTESIAN_POINT('',(16.905717713353,-89.80377101629,
    3.257684925702));
#2937 = CARTESIAN_POINT('',(16.943584031834,-89.78683038114,3.3915203905
    ));
#2938 = CARTESIAN_POINT('',(16.962631506108,-89.77794234486,
    3.529993614281));
#2939 = CARTESIAN_POINT('',(16.962631506109,-89.77794234486,
    3.670006385717));
#2940 = CARTESIAN_POINT('',(16.943584031834,-89.78683038114,3.8084796095
    ));
#2941 = CARTESIAN_POINT('',(16.905717713352,-89.80377101629,3.9423150743
    ));
#2942 = CARTESIAN_POINT('',(16.801710608,-89.84744533209,4.176100283802)
  );
#2943 = CARTESIAN_POINT('',(16.739717934214,-89.8727169828,
    4.279846084762));
#2944 = CARTESIAN_POINT('',(16.663374009419,-89.90246880364,
    4.377120873364));
#2945 = CARTESIAN_POINT('',(16.572718762722,-89.93555235899,
    4.465293682418));
#2946 = CARTESIAN_POINT('',(16.468147400902,-89.97040594847,
    4.541572488324));
#2947 = CARTESIAN_POINT('',(16.350492061633,-90.00522177917,
    4.602970621431));
#2948 = CARTESIAN_POINT('',(16.093946512561,-90.0707675369,
    4.688759151643));
#2949 = CARTESIAN_POINT('',(15.957010395826,-90.10112788503,
    4.713099278574));
#2950 = CARTESIAN_POINT('',(15.814962806382,-90.12706812975,
    4.716003778901));
#2951 = CARTESIAN_POINT('',(15.673170757684,-90.14698662716,
    4.696628087499));
#2952 = CARTESIAN_POINT('',(15.537204065523,-90.16072546231,
    4.656264193339));
#2953 = CARTESIAN_POINT('',(15.412167092622,-90.16930501536,
    4.59837567574));
#2954 = CARTESIAN_POINT('',(15.154823719454,-90.18042288215,
    4.436316533616));
#2955 = CARTESIAN_POINT('',(15.030701956357,-90.18018229351,
    4.321380867667));
#2956 = CARTESIAN_POINT('',(14.931023904886,-90.17643449487,
    4.190772295785));
#2957 = CARTESIAN_POINT('',(14.85630823727,-90.17188604717,
    4.049521697111));
#2958 = CARTESIAN_POINT('',(14.80662561124,-90.16828080264,
    3.901718004724));
#2959 = CARTESIAN_POINT('',(14.781814120469,-90.16648121384,
    3.750811104226));
#2960 = CARTESIAN_POINT('',(14.781814120469,-90.16648121384,3.6));
#2961 = PCURVE('',#665,#2962);
#2962 = DEFINITIONAL_REPRESENTATION('',(#2963),#3008);
#2963 = B_SPLINE_CURVE_WITH_KNOTS('',7,(#2964,#2965,#2966,#2967,#2968,
    #2969,#2970,#2971,#2972,#2973,#2974,#2975,#2976,#2977,#2978,#2979,
    #2980,#2981,#2982,#2983,#2984,#2985,#2986,#2987,#2988,#2989,#2990,
    #2991,#2992,#2993,#2994,#2995,#2996,#2997,#2998,#2999,#3000,#3001,
    #3002,#3003,#3004,#3005,#3006,#3007),.UNSPECIFIED.,.F.,.F.,(8,6,6,6,
    6,6,6,8),(0.,0.149766213518,0.287295950479,0.424957385146,
    0.575595213041,0.704363101037,0.831358406224,1.),.UNSPECIFIED.);
#2964 = CARTESIAN_POINT('',(0.,4.363484845854));
#2965 = CARTESIAN_POINT('',(0.121222503671,4.363484845854));
#2966 = CARTESIAN_POINT('',(0.242449992521,4.368238794952));
#2967 = CARTESIAN_POINT('',(0.364596269669,4.377748253155));
#2968 = CARTESIAN_POINT('',(0.488457940094,4.391508608457));
#2969 = CARTESIAN_POINT('',(0.614903987175,4.408477040276));
#2970 = CARTESIAN_POINT('',(0.744865679938,4.427018742945));
#2971 = CARTESIAN_POINT('',(1.003414139395,4.461585634466));
#2972 = CARTESIAN_POINT('',(1.134470279188,4.478122755028));
#2973 = CARTESIAN_POINT('',(1.269599260585,4.492379302205));
#2974 = CARTESIAN_POINT('',(1.40713368763,4.50169162023));
#2975 = CARTESIAN_POINT('',(1.545849472483,4.504380255826));
#2976 = CARTESIAN_POINT('',(1.6846769354,4.500596165474));
#2977 = CARTESIAN_POINT('',(1.959702161053,4.482750021744));
#2978 = CARTESIAN_POINT('',(2.092216271054,4.468917462211));
#2979 = CARTESIAN_POINT('',(2.220647211513,4.451871585861));
#2980 = CARTESIAN_POINT('',(2.34554613893,4.433653256943));
#2981 = CARTESIAN_POINT('',(2.467287634493,4.416161421513));
#2982 = CARTESIAN_POINT('',(2.586042394276,4.400841349362));
#2983 = CARTESIAN_POINT('',(2.828405782504,4.375097019658));
#2984 = CARTESIAN_POINT('',(2.954067204794,4.364989168014));
#2985 = CARTESIAN_POINT('',(3.079148387914,4.35954372018));
#2986 = CARTESIAN_POINT('',(3.204036919264,4.35954372018));
#2987 = CARTESIAN_POINT('',(3.329118102386,4.364989168014));
#2988 = CARTESIAN_POINT('',(3.454779524677,4.375097019659));
#2989 = CARTESIAN_POINT('',(3.689666410584,4.400047180152));
#2990 = CARTESIAN_POINT('',(3.800334050178,4.414169982877));
#2991 = CARTESIAN_POINT('',(3.91352396642,4.430212823286));
#2992 = CARTESIAN_POINT('',(4.02946179326,4.447051646706));
#2993 = CARTESIAN_POINT('',(4.148510730576,4.463217105433));
#2994 = CARTESIAN_POINT('',(4.271165369111,4.477073370171));
#2995 = CARTESIAN_POINT('',(4.523544928616,4.497074673475));
#2996 = CARTESIAN_POINT('',(4.651536344371,4.503195072576));
#2997 = CARTESIAN_POINT('',(4.780410812518,4.504074921642));
#2998 = CARTESIAN_POINT('',(4.908946412505,4.49906888145));
#2999 = CARTESIAN_POINT('',(5.035907094601,4.488988624508));
#3000 = CARTESIAN_POINT('',(5.159765989452,4.47572539239));
#3001 = CARTESIAN_POINT('',(5.434717698139,4.441987146014));
#3002 = CARTESIAN_POINT('',(5.584498427974,4.420196694488));
#3003 = CARTESIAN_POINT('',(5.729263073074,4.399196921332));
#3004 = CARTESIAN_POINT('',(5.870317137967,4.381743335248));
#3005 = CARTESIAN_POINT('',(6.008897026156,4.369565565014));
#3006 = CARTESIAN_POINT('',(6.146084303338,4.363484845854));
#3007 = CARTESIAN_POINT('',(6.28318530718,4.363484845854));
#3008 = ( GEOMETRIC_REPRESENTATION_CONTEXT(2) 
PARAMETRIC_REPRESENTATION_CONTEXT() REPRESENTATION_CONTEXT('2D SPACE',''
  ) );
#3009 = PCURVE('',#3010,#3015);
#3010 = CYLINDRICAL_SURFACE('',#3011,4.5);
#3011 = AXIS2_PLACEMENT_3D('',#3012,#3013,#3014);
#3012 = CARTESIAN_POINT('',(15.107391457023,-85.67827451206,2.5));
#3013 = DIRECTION('',(-0.,-0.,-1.));
#3014 = DIRECTION('',(1.,0.,0.));
#3015 = DEFINITIONAL_REPRESENTATION('',(#3016),#3061);
#3016 = B_SPLINE_CURVE_WITH_KNOTS('',7,(#3017,#3018,#3019,#3020,#3021,
    #3022,#3023,#3024,#3025,#3026,#3027,#3028,#3029,#3030,#3031,#3032,
    #3033,#3034,#3035,#3036,#3037,#3038,#3039,#3040,#3041,#3042,#3043,
    #3044,#3045,#3046,#3047,#3048,#3049,#3050,#3051,#3052,#3053,#3054,
    #3055,#3056,#3057,#3058,#3059,#3060),.UNSPECIFIED.,.F.,.F.,(8,6,6,6,
    6,6,6,8),(0.,0.149766213518,0.287295950479,0.424957385146,
    0.575595213041,0.704363101037,0.831358406224,1.),.UNSPECIFIED.);
#3017 = CARTESIAN_POINT('',(-4.639975191024,-1.1));
#3018 = CARTESIAN_POINT('',(-4.639975191024,-0.966655245961));
#3019 = CARTESIAN_POINT('',(-4.644297037979,-0.833304704302));
#3020 = CARTESIAN_POINT('',(-4.652941628286,-0.702145683757));
#3021 = CARTESIAN_POINT('',(-4.665918693661,-0.575497950833));
#3022 = CARTESIAN_POINT('',(-4.683211145088,-0.456025841866));
#3023 = CARTESIAN_POINT('',(-4.704770243135,-0.346938823272));
#3024 = CARTESIAN_POINT('',(-4.754069371098,-0.165653333645));
#3025 = CARTESIAN_POINT('',(-4.781774846574,-8.89081698804E-02));
#3026 = CARTESIAN_POINT('',(-4.812941108248,-2.983941275923E-02));
#3027 = CARTESIAN_POINT('',(-4.846428104584,6.506491836864E-03));
#3028 = CARTESIAN_POINT('',(-4.880949963237,1.753667725953E-02));
#3029 = CARTESIAN_POINT('',(-4.915147412293,3.041270350201E-03));
#3030 = CARTESIAN_POINT('',(-4.980384351405,-7.219432121851E-02));
#3031 = CARTESIAN_POINT('',(-5.010547825095,-0.131971928899));
#3032 = CARTESIAN_POINT('',(-5.037679744246,-0.209881179716));
#3033 = CARTESIAN_POINT('',(-5.06139758159,-0.302254828315));
#3034 = CARTESIAN_POINT('',(-5.081418219434,-0.405578129604));
#3035 = CARTESIAN_POINT('',(-5.097595407834,-0.516458280487));
#3036 = CARTESIAN_POINT('',(-5.123461053684,-0.757684925702));
#3037 = CARTESIAN_POINT('',(-5.132677009532,-0.8915203905));
#3038 = CARTESIAN_POINT('',(-5.137348595049,-1.029993614281));
#3039 = CARTESIAN_POINT('',(-5.137348595049,-1.170006385717));
#3040 = CARTESIAN_POINT('',(-5.132677009532,-1.3084796095));
#3041 = CARTESIAN_POINT('',(-5.123461053684,-1.4423150743));
#3042 = CARTESIAN_POINT('',(-5.098393319444,-1.676100283802));
#3043 = CARTESIAN_POINT('',(-5.083517265569,-1.779846084762));
#3044 = CARTESIAN_POINT('',(-5.065312864188,-1.877120873365));
#3045 = CARTESIAN_POINT('',(-5.043877752909,-1.965293682418));
#3046 = CARTESIAN_POINT('',(-5.019403124574,-2.041572488324));
#3047 = CARTESIAN_POINT('',(-4.992156032213,-2.102970621431));
#3048 = CARTESIAN_POINT('',(-4.93331459846,-2.188759151643));
#3049 = CARTESIAN_POINT('',(-4.902161266022,-2.213099278574));
#3050 = CARTESIAN_POINT('',(-4.870110145324,-2.216003778901));
#3051 = CARTESIAN_POINT('',(-4.838338674815,-2.196628087499));
#3052 = CARTESIAN_POINT('',(-4.807995549796,-2.156264193339));
#3053 = CARTESIAN_POINT('',(-4.780153227028,-2.09837567574));
#3054 = CARTESIAN_POINT('',(-4.722912466849,-1.936316533616));
#3055 = CARTESIAN_POINT('',(-4.695357929219,-1.821380867667));
#3056 = CARTESIAN_POINT('',(-4.673206613845,-1.690772295785));
#3057 = CARTESIAN_POINT('',(-4.656572702181,-1.549521697111));
#3058 = CARTESIAN_POINT('',(-4.645503399468,-1.401718004724));
#3059 = CARTESIAN_POINT('',(-4.639975191024,-1.250811104226));
#3060 = CARTESIAN_POINT('',(-4.639975191024,-1.1));
#3061 = ( GEOMETRIC_REPRESENTATION_CONTEXT(2) 
PARAMETRIC_REPRESENTATION_CONTEXT() REPRESENTATION_CONTEXT('2D SPACE',''
  ) );
#3062 = ORIENTED_EDGE('',*,*,#3063,.T.);
#3063 = EDGE_CURVE('',#2913,#2890,#3064,.T.);
#3064 = SURFACE_CURVE('',#3065,(#3110,#3158),.PCURVE_S1.);
#3065 = B_SPLINE_CURVE_WITH_KNOTS('',7,(#3066,#3067,#3068,#3069,#3070,
    #3071,#3072,#3073,#3074,#3075,#3076,#3077,#3078,#3079,#3080,#3081,
    #3082,#3083,#3084,#3085,#3086,#3087,#3088,#3089,#3090,#3091,#3092,
    #3093,#3094,#3095,#3096,#3097,#3098,#3099,#3100,#3101,#3102,#3103,
    #3104,#3105,#3106,#3107,#3108,#3109),.UNSPECIFIED.,.T.,.F.,(8,6,6,6,
    6,6,6,8),(0.,0.149766213518,0.287295950479,0.424957385146,
    0.575595213041,0.704363101037,0.831358406224,1.),.UNSPECIFIED.);
#3066 = CARTESIAN_POINT('',(14.781814120469,-90.16648121384,3.6));
#3067 = CARTESIAN_POINT('',(14.781814120469,-90.16648121384,
    3.466655245961));
#3068 = CARTESIAN_POINT('',(14.801211397465,-90.16788823698,
    3.333304704302));
#3069 = CARTESIAN_POINT('',(14.840010446091,-90.1707030748,
    3.202145683757));
#3070 = CARTESIAN_POINT('',(14.898291612959,-90.17439916358,
    3.075497950833));
#3071 = CARTESIAN_POINT('',(14.976058755803,-90.17791691532,
    2.956025841866));
#3072 = CARTESIAN_POINT('',(15.073121609112,-90.17962985377,
    2.846938823272));
#3073 = CARTESIAN_POINT('',(15.294931423903,-90.17561894038,
    2.665653333645));
#3074 = CARTESIAN_POINT('',(15.419533503037,-90.17044046428,
    2.58890816988));
#3075 = CARTESIAN_POINT('',(15.559519474023,-90.16023363807,
    2.529839412759));
#3076 = CARTESIAN_POINT('',(15.709499309923,-90.14324412198,
    2.493493508163));
#3077 = CARTESIAN_POINT('',(15.863151237579,-90.11888125363,
    2.48246332274));
#3078 = CARTESIAN_POINT('',(16.014097931714,-90.08842281276,
    2.49695872965));
#3079 = CARTESIAN_POINT('',(16.299570581992,-90.019964833,2.572194321219
    ));
#3080 = CARTESIAN_POINT('',(16.430260147533,-89.98287478744,
    2.631971928899));
#3081 = CARTESIAN_POINT('',(16.546487122208,-89.94507199945,
    2.709881179716));
#3082 = CARTESIAN_POINT('',(16.646950575003,-89.90885820614,
    2.802254828315));
#3083 = CARTESIAN_POINT('',(16.730970106203,-89.87628162069,
    2.905578129604));
#3084 = CARTESIAN_POINT('',(16.798400038483,-89.84883549537,
    3.016458280487));
#3085 = CARTESIAN_POINT('',(16.905717713353,-89.80377101629,
    3.257684925702));
#3086 = CARTESIAN_POINT('',(16.943584031834,-89.78683038114,3.3915203905
    ));
#3087 = CARTESIAN_POINT('',(16.962631506108,-89.77794234486,
    3.529993614281));
#3088 = CARTESIAN_POINT('',(16.962631506109,-89.77794234486,
    3.670006385717));
#3089 = CARTESIAN_POINT('',(16.943584031834,-89.78683038114,3.8084796095
    ));
#3090 = CARTESIAN_POINT('',(16.905717713352,-89.80377101629,3.9423150743
    ));
#3091 = CARTESIAN_POINT('',(16.801710608,-89.84744533209,4.176100283802)
  );
#3092 = CARTESIAN_POINT('',(16.739717934214,-89.8727169828,
    4.279846084762));
#3093 = CARTESIAN_POINT('',(16.663374009419,-89.90246880364,
    4.377120873364));
#3094 = CARTESIAN_POINT('',(16.572718762722,-89.93555235899,
    4.465293682418));
#3095 = CARTESIAN_POINT('',(16.468147400902,-89.97040594847,
    4.541572488324));
#3096 = CARTESIAN_POINT('',(16.350492061633,-90.00522177917,
    4.602970621431));
#3097 = CARTESIAN_POINT('',(16.093946512561,-90.0707675369,
    4.688759151643));
#3098 = CARTESIAN_POINT('',(15.957010395826,-90.10112788503,
    4.713099278574));
#3099 = CARTESIAN_POINT('',(15.814962806382,-90.12706812975,
    4.716003778901));
#3100 = CARTESIAN_POINT('',(15.673170757684,-90.14698662716,
    4.696628087499));
#3101 = CARTESIAN_POINT('',(15.537204065523,-90.16072546231,
    4.656264193339));
#3102 = CARTESIAN_POINT('',(15.412167092622,-90.16930501536,
    4.59837567574));
#3103 = CARTESIAN_POINT('',(15.154823719454,-90.18042288215,
    4.436316533616));
#3104 = CARTESIAN_POINT('',(15.030701956357,-90.18018229351,
    4.321380867667));
#3105 = CARTESIAN_POINT('',(14.931023904886,-90.17643449487,
    4.190772295785));
#3106 = CARTESIAN_POINT('',(14.85630823727,-90.17188604717,
    4.049521697111));
#3107 = CARTESIAN_POINT('',(14.80662561124,-90.16828080264,
    3.901718004724));
#3108 = CARTESIAN_POINT('',(14.781814120469,-90.16648121384,
    3.750811104226));
#3109 = CARTESIAN_POINT('',(14.781814120469,-90.16648121384,3.6));
#3110 = PCURVE('',#665,#3111);
#3111 = DEFINITIONAL_REPRESENTATION('',(#3112),#3157);
#3112 = B_SPLINE_CURVE_WITH_KNOTS('',7,(#3113,#3114,#3115,#3116,#3117,
    #3118,#3119,#3120,#3121,#3122,#3123,#3124,#3125,#3126,#3127,#3128,
    #3129,#3130,#3131,#3132,#3133,#3134,#3135,#3136,#3137,#3138,#3139,
    #3140,#3141,#3142,#3143,#3144,#3145,#3146,#3147,#3148,#3149,#3150,
    #3151,#3152,#3153,#3154,#3155,#3156),.UNSPECIFIED.,.F.,.F.,(8,6,6,6,
    6,6,6,8),(0.,0.149766213518,0.287295950479,0.424957385146,
    0.575595213041,0.704363101037,0.831358406224,1.),.UNSPECIFIED.);
#3113 = CARTESIAN_POINT('',(0.,4.363484845854));
#3114 = CARTESIAN_POINT('',(0.121222503671,4.363484845854));
#3115 = CARTESIAN_POINT('',(0.242449992521,4.368238794952));
#3116 = CARTESIAN_POINT('',(0.364596269669,4.377748253155));
#3117 = CARTESIAN_POINT('',(0.488457940094,4.391508608457));
#3118 = CARTESIAN_POINT('',(0.614903987175,4.408477040276));
#3119 = CARTESIAN_POINT('',(0.744865679938,4.427018742945));
#3120 = CARTESIAN_POINT('',(1.003414139395,4.461585634466));
#3121 = CARTESIAN_POINT('',(1.134470279188,4.478122755028));
#3122 = CARTESIAN_POINT('',(1.269599260585,4.492379302205));
#3123 = CARTESIAN_POINT('',(1.40713368763,4.50169162023));
#3124 = CARTESIAN_POINT('',(1.545849472483,4.504380255826));
#3125 = CARTESIAN_POINT('',(1.6846769354,4.500596165474));
#3126 = CARTESIAN_POINT('',(1.959702161053,4.482750021744));
#3127 = CARTESIAN_POINT('',(2.092216271054,4.468917462211));
#3128 = CARTESIAN_POINT('',(2.220647211513,4.451871585861));
#3129 = CARTESIAN_POINT('',(2.34554613893,4.433653256943));
#3130 = CARTESIAN_POINT('',(2.467287634493,4.416161421513));
#3131 = CARTESIAN_POINT('',(2.586042394276,4.400841349362));
#3132 = CARTESIAN_POINT('',(2.828405782504,4.375097019658));
#3133 = CARTESIAN_POINT('',(2.954067204794,4.364989168014));
#3134 = CARTESIAN_POINT('',(3.079148387914,4.35954372018));
#3135 = CARTESIAN_POINT('',(3.204036919264,4.35954372018));
#3136 = CARTESIAN_POINT('',(3.329118102386,4.364989168014));
#3137 = CARTESIAN_POINT('',(3.454779524677,4.375097019659));
#3138 = CARTESIAN_POINT('',(3.689666410584,4.400047180152));
#3139 = CARTESIAN_POINT('',(3.800334050178,4.414169982877));
#3140 = CARTESIAN_POINT('',(3.91352396642,4.430212823286));
#3141 = CARTESIAN_POINT('',(4.02946179326,4.447051646706));
#3142 = CARTESIAN_POINT('',(4.148510730576,4.463217105433));
#3143 = CARTESIAN_POINT('',(4.271165369111,4.477073370171));
#3144 = CARTESIAN_POINT('',(4.523544928616,4.497074673475));
#3145 = CARTESIAN_POINT('',(4.651536344371,4.503195072576));
#3146 = CARTESIAN_POINT('',(4.780410812518,4.504074921642));
#3147 = CARTESIAN_POINT('',(4.908946412505,4.49906888145));
#3148 = CARTESIAN_POINT('',(5.035907094601,4.488988624508));
#3149 = CARTESIAN_POINT('',(5.159765989452,4.47572539239));
#3150 = CARTESIAN_POINT('',(5.434717698139,4.441987146014));
#3151 = CARTESIAN_POINT('',(5.584498427974,4.420196694488));
#3152 = CARTESIAN_POINT('',(5.729263073074,4.399196921332));
#3153 = CARTESIAN_POINT('',(5.870317137967,4.381743335248));
#3154 = CARTESIAN_POINT('',(6.008897026156,4.369565565014));
#3155 = CARTESIAN_POINT('',(6.146084303338,4.363484845854));
#3156 = CARTESIAN_POINT('',(6.28318530718,4.363484845854));
#3157 = ( GEOMETRIC_REPRESENTATION_CONTEXT(2) 
PARAMETRIC_REPRESENTATION_CONTEXT() REPRESENTATION_CONTEXT('2D SPACE',''
  ) );
#3158 = PCURVE('',#3010,#3159);
#3159 = DEFINITIONAL_REPRESENTATION('',(#3160),#3205);
#3160 = B_SPLINE_CURVE_WITH_KNOTS('',7,(#3161,#3162,#3163,#3164,#3165,
    #3166,#3167,#3168,#3169,#3170,#3171,#3172,#3173,#3174,#3175,#3176,
    #3177,#3178,#3179,#3180,#3181,#3182,#3183,#3184,#3185,#3186,#3187,
    #3188,#3189,#3190,#3191,#3192,#3193,#3194,#3195,#3196,#3197,#3198,
    #3199,#3200,#3201,#3202,#3203,#3204),.UNSPECIFIED.,.F.,.F.,(8,6,6,6,
    6,6,6,8),(0.,0.149766213518,0.287295950479,0.424957385146,
    0.575595213041,0.704363101037,0.831358406224,1.),.UNSPECIFIED.);
#3161 = CARTESIAN_POINT('',(-4.639975191024,-1.1));
#3162 = CARTESIAN_POINT('',(-4.639975191024,-0.966655245961));
#3163 = CARTESIAN_POINT('',(-4.644297037979,-0.833304704302));
#3164 = CARTESIAN_POINT('',(-4.652941628286,-0.702145683757));
#3165 = CARTESIAN_POINT('',(-4.665918693661,-0.575497950833));
#3166 = CARTESIAN_POINT('',(-4.683211145088,-0.456025841866));
#3167 = CARTESIAN_POINT('',(-4.704770243135,-0.346938823272));
#3168 = CARTESIAN_POINT('',(-4.754069371098,-0.165653333645));
#3169 = CARTESIAN_POINT('',(-4.781774846574,-8.89081698804E-02));
#3170 = CARTESIAN_POINT('',(-4.812941108248,-2.983941275923E-02));
#3171 = CARTESIAN_POINT('',(-4.846428104584,6.506491836864E-03));
#3172 = CARTESIAN_POINT('',(-4.880949963237,1.753667725953E-02));
#3173 = CARTESIAN_POINT('',(-4.915147412293,3.041270350201E-03));
#3174 = CARTESIAN_POINT('',(-4.980384351405,-7.219432121851E-02));
#3175 = CARTESIAN_POINT('',(-5.010547825095,-0.131971928899));
#3176 = CARTESIAN_POINT('',(-5.037679744246,-0.209881179716));
#3177 = CARTESIAN_POINT('',(-5.06139758159,-0.302254828315));
#3178 = CARTESIAN_POINT('',(-5.081418219434,-0.405578129604));
#3179 = CARTESIAN_POINT('',(-5.097595407834,-0.516458280487));
#3180 = CARTESIAN_POINT('',(-5.123461053684,-0.757684925702));
#3181 = CARTESIAN_POINT('',(-5.132677009532,-0.8915203905));
#3182 = CARTESIAN_POINT('',(-5.137348595049,-1.029993614281));
#3183 = CARTESIAN_POINT('',(-5.137348595049,-1.170006385717));
#3184 = CARTESIAN_POINT('',(-5.132677009532,-1.3084796095));
#3185 = CARTESIAN_POINT('',(-5.123461053684,-1.4423150743));
#3186 = CARTESIAN_POINT('',(-5.098393319444,-1.676100283802));
#3187 = CARTESIAN_POINT('',(-5.083517265569,-1.779846084762));
#3188 = CARTESIAN_POINT('',(-5.065312864188,-1.877120873365));
#3189 = CARTESIAN_POINT('',(-5.043877752909,-1.965293682418));
#3190 = CARTESIAN_POINT('',(-5.019403124574,-2.041572488324));
#3191 = CARTESIAN_POINT('',(-4.992156032213,-2.102970621431));
#3192 = CARTESIAN_POINT('',(-4.93331459846,-2.188759151643));
#3193 = CARTESIAN_POINT('',(-4.902161266022,-2.213099278574));
#3194 = CARTESIAN_POINT('',(-4.870110145324,-2.216003778901));
#3195 = CARTESIAN_POINT('',(-4.838338674815,-2.196628087499));
#3196 = CARTESIAN_POINT('',(-4.807995549796,-2.156264193339));
#3197 = CARTESIAN_POINT('',(-4.780153227028,-2.09837567574));
#3198 = CARTESIAN_POINT('',(-4.722912466849,-1.936316533616));
#3199 = CARTESIAN_POINT('',(-4.695357929219,-1.821380867667));
#3200 = CARTESIAN_POINT('',(-4.673206613845,-1.690772295785));
#3201 = CARTESIAN_POINT('',(-4.656572702181,-1.549521697111));
#3202 = CARTESIAN_POINT('',(-4.645503399468,-1.401718004724));
#3203 = CARTESIAN_POINT('',(-4.639975191024,-1.250811104226));
#3204 = CARTESIAN_POINT('',(-4.639975191024,-1.1));
#3205 = ( GEOMETRIC_REPRESENTATION_CONTEXT(2) 
PARAMETRIC_REPRESENTATION_CONTEXT() REPRESENTATION_CONTEXT('2D SPACE',''
  ) );
#3206 = ORIENTED_EDGE('',*,*,#2889,.T.);
#3207 = ADVANCED_FACE('',(#3208),#741,.T.);
#3208 = FACE_BOUND('',#3209,.T.);
#3209 = EDGE_LOOP('',(#3210,#3233,#3261,#3282));
#3210 = ORIENTED_EDGE('',*,*,#3211,.F.);
#3211 = EDGE_CURVE('',#3212,#725,#3214,.T.);
#3212 = VERTEX_POINT('',#3213);
#3213 = CARTESIAN_POINT('',(-81.21121381927,-71.02887617018,10.));
#3214 = SURFACE_CURVE('',#3215,(#3219,#3226),.PCURVE_S1.);
#3215 = LINE('',#3216,#3217);
#3216 = CARTESIAN_POINT('',(-81.21121381927,-71.02887617018,10.));
#3217 = VECTOR('',#3218,1.);
#3218 = DIRECTION('',(0.,0.,1.));
#3219 = PCURVE('',#741,#3220);
#3220 = DEFINITIONAL_REPRESENTATION('',(#3221),#3225);
#3221 = LINE('',#3222,#3223);
#3222 = CARTESIAN_POINT('',(0.,1.3));
#3223 = VECTOR('',#3224,1.);
#3224 = DIRECTION('',(1.,0.));
#3225 = ( GEOMETRIC_REPRESENTATION_CONTEXT(2) 
PARAMETRIC_REPRESENTATION_CONTEXT() REPRESENTATION_CONTEXT('2D SPACE',''
  ) );
#3226 = PCURVE('',#817,#3227);
#3227 = DEFINITIONAL_REPRESENTATION('',(#3228),#3232);
#3228 = LINE('',#3229,#3230);
#3229 = CARTESIAN_POINT('',(0.,0.));
#3230 = VECTOR('',#3231,1.);
#3231 = DIRECTION('',(1.,0.));
#3232 = ( GEOMETRIC_REPRESENTATION_CONTEXT(2) 
PARAMETRIC_REPRESENTATION_CONTEXT() REPRESENTATION_CONTEXT('2D SPACE',''
  ) );
#3233 = ORIENTED_EDGE('',*,*,#3234,.F.);
#3234 = EDGE_CURVE('',#3235,#3212,#3237,.T.);
#3235 = VERTEX_POINT('',#3236);
#3236 = CARTESIAN_POINT('',(-80.29197500373,-70.10963735464,10.));
#3237 = SURFACE_CURVE('',#3238,(#3242,#3249),.PCURVE_S1.);
#3238 = LINE('',#3239,#3240);
#3239 = CARTESIAN_POINT('',(-80.29197500373,-70.10963735464,10.));
#3240 = VECTOR('',#3241,1.);
#3241 = DIRECTION('',(-0.707106781187,-0.707106781187,0.));
#3242 = PCURVE('',#741,#3243);
#3243 = DEFINITIONAL_REPRESENTATION('',(#3244),#3248);
#3244 = LINE('',#3245,#3246);
#3245 = CARTESIAN_POINT('',(0.,0.));
#3246 = VECTOR('',#3247,1.);
#3247 = DIRECTION('',(0.,1.));
#3248 = ( GEOMETRIC_REPRESENTATION_CONTEXT(2) 
PARAMETRIC_REPRESENTATION_CONTEXT() REPRESENTATION_CONTEXT('2D SPACE',''
  ) );
#3249 = PCURVE('',#3250,#3255);
#3250 = PLANE('',#3251);
#3251 = AXIS2_PLACEMENT_3D('',#3252,#3253,#3254);
#3252 = CARTESIAN_POINT('',(-80.29197500373,-70.10963735464,10.));
#3253 = DIRECTION('',(0.,0.,1.));
#3254 = DIRECTION('',(-0.707106781187,-0.707106781187,0.));
#3255 = DEFINITIONAL_REPRESENTATION('',(#3256),#3260);
#3256 = LINE('',#3257,#3258);
#3257 = CARTESIAN_POINT('',(0.,0.));
#3258 = VECTOR('',#3259,1.);
#3259 = DIRECTION('',(1.,0.));
#3260 = ( GEOMETRIC_REPRESENTATION_CONTEXT(2) 
PARAMETRIC_REPRESENTATION_CONTEXT() REPRESENTATION_CONTEXT('2D SPACE',''
  ) );
#3261 = ORIENTED_EDGE('',*,*,#3262,.T.);
#3262 = EDGE_CURVE('',#3235,#727,#3263,.T.);
#3263 = SURFACE_CURVE('',#3264,(#3268,#3275),.PCURVE_S1.);
#3264 = LINE('',#3265,#3266);
#3265 = CARTESIAN_POINT('',(-80.29197500373,-70.10963735464,10.));
#3266 = VECTOR('',#3267,1.);
#3267 = DIRECTION('',(0.,0.,1.));
#3268 = PCURVE('',#741,#3269);
#3269 = DEFINITIONAL_REPRESENTATION('',(#3270),#3274);
#3270 = LINE('',#3271,#3272);
#3271 = CARTESIAN_POINT('',(0.,0.));
#3272 = VECTOR('',#3273,1.);
#3273 = DIRECTION('',(1.,0.));
#3274 = ( GEOMETRIC_REPRESENTATION_CONTEXT(2) 
PARAMETRIC_REPRESENTATION_CONTEXT() REPRESENTATION_CONTEXT('2D SPACE',''
  ) );
#3275 = PCURVE('',#767,#3276);
#3276 = DEFINITIONAL_REPRESENTATION('',(#3277),#3281);
#3277 = LINE('',#3278,#3279);
#3278 = CARTESIAN_POINT('',(0.,0.));
#3279 = VECTOR('',#3280,1.);
#3280 = DIRECTION('',(1.,0.));
#3281 = ( GEOMETRIC_REPRESENTATION_CONTEXT(2) 
PARAMETRIC_REPRESENTATION_CONTEXT() REPRESENTATION_CONTEXT('2D SPACE',''
  ) );
#3282 = ORIENTED_EDGE('',*,*,#724,.F.);
#3283 = ADVANCED_FACE('',(#3284),#817,.F.);
#3284 = FACE_BOUND('',#3285,.F.);
#3285 = EDGE_LOOP('',(#3286,#3287,#3310,#3331));
#3286 = ORIENTED_EDGE('',*,*,#3211,.F.);
#3287 = ORIENTED_EDGE('',*,*,#3288,.T.);
#3288 = EDGE_CURVE('',#3212,#3289,#3291,.T.);
#3289 = VERTEX_POINT('',#3290);
#3290 = CARTESIAN_POINT('',(-71.02887617018,-81.21121381927,10.));
#3291 = SURFACE_CURVE('',#3292,(#3296,#3303),.PCURVE_S1.);
#3292 = LINE('',#3293,#3294);
#3293 = CARTESIAN_POINT('',(-81.21121381927,-71.02887617018,10.));
#3294 = VECTOR('',#3295,1.);
#3295 = DIRECTION('',(0.707106781187,-0.707106781187,0.));
#3296 = PCURVE('',#817,#3297);
#3297 = DEFINITIONAL_REPRESENTATION('',(#3298),#3302);
#3298 = LINE('',#3299,#3300);
#3299 = CARTESIAN_POINT('',(0.,0.));
#3300 = VECTOR('',#3301,1.);
#3301 = DIRECTION('',(0.,-1.));
#3302 = ( GEOMETRIC_REPRESENTATION_CONTEXT(2) 
PARAMETRIC_REPRESENTATION_CONTEXT() REPRESENTATION_CONTEXT('2D SPACE',''
  ) );
#3303 = PCURVE('',#3250,#3304);
#3304 = DEFINITIONAL_REPRESENTATION('',(#3305),#3309);
#3305 = LINE('',#3306,#3307);
#3306 = CARTESIAN_POINT('',(1.3,1.032507412901E-14));
#3307 = VECTOR('',#3308,1.);
#3308 = DIRECTION('',(0.,1.));
#3309 = ( GEOMETRIC_REPRESENTATION_CONTEXT(2) 
PARAMETRIC_REPRESENTATION_CONTEXT() REPRESENTATION_CONTEXT('2D SPACE',''
  ) );
#3310 = ORIENTED_EDGE('',*,*,#3311,.T.);
#3311 = EDGE_CURVE('',#3289,#779,#3312,.T.);
#3312 = SURFACE_CURVE('',#3313,(#3317,#3324),.PCURVE_S1.);
#3313 = LINE('',#3314,#3315);
#3314 = CARTESIAN_POINT('',(-71.02887617018,-81.21121381927,10.));
#3315 = VECTOR('',#3316,1.);
#3316 = DIRECTION('',(0.,0.,1.));
#3317 = PCURVE('',#817,#3318);
#3318 = DEFINITIONAL_REPRESENTATION('',(#3319),#3323);
#3319 = LINE('',#3320,#3321);
#3320 = CARTESIAN_POINT('',(0.,-14.4));
#3321 = VECTOR('',#3322,1.);
#3322 = DIRECTION('',(1.,0.));
#3323 = ( GEOMETRIC_REPRESENTATION_CONTEXT(2) 
PARAMETRIC_REPRESENTATION_CONTEXT() REPRESENTATION_CONTEXT('2D SPACE',''
  ) );
#3324 = PCURVE('',#793,#3325);
#3325 = DEFINITIONAL_REPRESENTATION('',(#3326),#3330);
#3326 = LINE('',#3327,#3328);
#3327 = CARTESIAN_POINT('',(0.,1.3));
#3328 = VECTOR('',#3329,1.);
#3329 = DIRECTION('',(1.,0.));
#3330 = ( GEOMETRIC_REPRESENTATION_CONTEXT(2) 
PARAMETRIC_REPRESENTATION_CONTEXT() REPRESENTATION_CONTEXT('2D SPACE',''
  ) );
#3331 = ORIENTED_EDGE('',*,*,#804,.F.);
#3332 = ADVANCED_FACE('',(#3333),#767,.T.);
#3333 = FACE_BOUND('',#3334,.T.);
#3334 = EDGE_LOOP('',(#3335,#3336,#3359,#3380));
#3335 = ORIENTED_EDGE('',*,*,#3262,.F.);
#3336 = ORIENTED_EDGE('',*,*,#3337,.T.);
#3337 = EDGE_CURVE('',#3235,#3338,#3340,.T.);
#3338 = VERTEX_POINT('',#3339);
#3339 = CARTESIAN_POINT('',(-70.10963735464,-80.29197500373,10.));
#3340 = SURFACE_CURVE('',#3341,(#3345,#3352),.PCURVE_S1.);
#3341 = LINE('',#3342,#3343);
#3342 = CARTESIAN_POINT('',(-80.29197500373,-70.10963735464,10.));
#3343 = VECTOR('',#3344,1.);
#3344 = DIRECTION('',(0.707106781187,-0.707106781187,0.));
#3345 = PCURVE('',#767,#3346);
#3346 = DEFINITIONAL_REPRESENTATION('',(#3347),#3351);
#3347 = LINE('',#3348,#3349);
#3348 = CARTESIAN_POINT('',(0.,0.));
#3349 = VECTOR('',#3350,1.);
#3350 = DIRECTION('',(0.,-1.));
#3351 = ( GEOMETRIC_REPRESENTATION_CONTEXT(2) 
PARAMETRIC_REPRESENTATION_CONTEXT() REPRESENTATION_CONTEXT('2D SPACE',''
  ) );
#3352 = PCURVE('',#3250,#3353);
#3353 = DEFINITIONAL_REPRESENTATION('',(#3354),#3358);
#3354 = LINE('',#3355,#3356);
#3355 = CARTESIAN_POINT('',(0.,0.));
#3356 = VECTOR('',#3357,1.);
#3357 = DIRECTION('',(0.,1.));
#3358 = ( GEOMETRIC_REPRESENTATION_CONTEXT(2) 
PARAMETRIC_REPRESENTATION_CONTEXT() REPRESENTATION_CONTEXT('2D SPACE',''
  ) );
#3359 = ORIENTED_EDGE('',*,*,#3360,.T.);
#3360 = EDGE_CURVE('',#3338,#753,#3361,.T.);
#3361 = SURFACE_CURVE('',#3362,(#3366,#3373),.PCURVE_S1.);
#3362 = LINE('',#3363,#3364);
#3363 = CARTESIAN_POINT('',(-70.10963735464,-80.29197500373,10.));
#3364 = VECTOR('',#3365,1.);
#3365 = DIRECTION('',(0.,0.,1.));
#3366 = PCURVE('',#767,#3367);
#3367 = DEFINITIONAL_REPRESENTATION('',(#3368),#3372);
#3368 = LINE('',#3369,#3370);
#3369 = CARTESIAN_POINT('',(0.,-14.4));
#3370 = VECTOR('',#3371,1.);
#3371 = DIRECTION('',(1.,0.));
#3372 = ( GEOMETRIC_REPRESENTATION_CONTEXT(2) 
PARAMETRIC_REPRESENTATION_CONTEXT() REPRESENTATION_CONTEXT('2D SPACE',''
  ) );
#3373 = PCURVE('',#793,#3374);
#3374 = DEFINITIONAL_REPRESENTATION('',(#3375),#3379);
#3375 = LINE('',#3376,#3377);
#3376 = CARTESIAN_POINT('',(0.,0.));
#3377 = VECTOR('',#3378,1.);
#3378 = DIRECTION('',(1.,0.));
#3379 = ( GEOMETRIC_REPRESENTATION_CONTEXT(2) 
PARAMETRIC_REPRESENTATION_CONTEXT() REPRESENTATION_CONTEXT('2D SPACE',''
  ) );
#3380 = ORIENTED_EDGE('',*,*,#752,.F.);
#3381 = ADVANCED_FACE('',(#3382),#793,.F.);
#3382 = FACE_BOUND('',#3383,.F.);
#3383 = EDGE_LOOP('',(#3384,#3385,#3406,#3407));
#3384 = ORIENTED_EDGE('',*,*,#3311,.F.);
#3385 = ORIENTED_EDGE('',*,*,#3386,.F.);
#3386 = EDGE_CURVE('',#3338,#3289,#3387,.T.);
#3387 = SURFACE_CURVE('',#3388,(#3392,#3399),.PCURVE_S1.);
#3388 = LINE('',#3389,#3390);
#3389 = CARTESIAN_POINT('',(-70.10963735464,-80.29197500373,10.));
#3390 = VECTOR('',#3391,1.);
#3391 = DIRECTION('',(-0.707106781187,-0.707106781187,0.));
#3392 = PCURVE('',#793,#3393);
#3393 = DEFINITIONAL_REPRESENTATION('',(#3394),#3398);
#3394 = LINE('',#3395,#3396);
#3395 = CARTESIAN_POINT('',(0.,0.));
#3396 = VECTOR('',#3397,1.);
#3397 = DIRECTION('',(0.,1.));
#3398 = ( GEOMETRIC_REPRESENTATION_CONTEXT(2) 
PARAMETRIC_REPRESENTATION_CONTEXT() REPRESENTATION_CONTEXT('2D SPACE',''
  ) );
#3399 = PCURVE('',#3250,#3400);
#3400 = DEFINITIONAL_REPRESENTATION('',(#3401),#3405);
#3401 = LINE('',#3402,#3403);
#3402 = CARTESIAN_POINT('',(-1.7763568394E-15,14.4));
#3403 = VECTOR('',#3404,1.);
#3404 = DIRECTION('',(1.,0.));
#3405 = ( GEOMETRIC_REPRESENTATION_CONTEXT(2) 
PARAMETRIC_REPRESENTATION_CONTEXT() REPRESENTATION_CONTEXT('2D SPACE',''
  ) );
#3406 = ORIENTED_EDGE('',*,*,#3360,.T.);
#3407 = ORIENTED_EDGE('',*,*,#778,.F.);
#3408 = ADVANCED_FACE('',(#3409),#847,.T.);
#3409 = FACE_BOUND('',#3410,.F.);
#3410 = EDGE_LOOP('',(#3411,#3412,#3435,#3464,#3493,#3515));
#3411 = ORIENTED_EDGE('',*,*,#830,.F.);
#3412 = ORIENTED_EDGE('',*,*,#3413,.T.);
#3413 = EDGE_CURVE('',#831,#3414,#3416,.T.);
#3414 = VERTEX_POINT('',#3415);
#3415 = CARTESIAN_POINT('',(-82.10254047305,-49.99999983612,30.));
#3416 = SEAM_CURVE('',#3417,(#3421,#3428),.PCURVE_S1.);
#3417 = LINE('',#3418,#3419);
#3418 = CARTESIAN_POINT('',(-82.10254047305,-49.99999983612,14.));
#3419 = VECTOR('',#3420,1.);
#3420 = DIRECTION('',(0.,0.,1.));
#3421 = PCURVE('',#847,#3422);
#3422 = DEFINITIONAL_REPRESENTATION('',(#3423),#3427);
#3423 = LINE('',#3424,#3425);
#3424 = CARTESIAN_POINT('',(-6.28318530718,0.));
#3425 = VECTOR('',#3426,1.);
#3426 = DIRECTION('',(-0.,-1.));
#3427 = ( GEOMETRIC_REPRESENTATION_CONTEXT(2) 
PARAMETRIC_REPRESENTATION_CONTEXT() REPRESENTATION_CONTEXT('2D SPACE',''
  ) );
#3428 = PCURVE('',#847,#3429);
#3429 = DEFINITIONAL_REPRESENTATION('',(#3430),#3434);
#3430 = LINE('',#3431,#3432);
#3431 = CARTESIAN_POINT('',(-0.,0.));
#3432 = VECTOR('',#3433,1.);
#3433 = DIRECTION('',(-0.,-1.));
#3434 = ( GEOMETRIC_REPRESENTATION_CONTEXT(2) 
PARAMETRIC_REPRESENTATION_CONTEXT() REPRESENTATION_CONTEXT('2D SPACE',''
  ) );
#3435 = ORIENTED_EDGE('',*,*,#3436,.T.);
#3436 = EDGE_CURVE('',#3414,#3437,#3439,.T.);
#3437 = VERTEX_POINT('',#3438);
#3438 = CARTESIAN_POINT('',(-88.85254046568,-46.10288551484,30.));
#3439 = SURFACE_CURVE('',#3440,(#3445,#3452),.PCURVE_S1.);
#3440 = CIRCLE('',#3441,4.5);
#3441 = AXIS2_PLACEMENT_3D('',#3442,#3443,#3444);
#3442 = CARTESIAN_POINT('',(-86.60254047305,-49.99999983612,30.));
#3443 = DIRECTION('',(0.,0.,1.));
#3444 = DIRECTION('',(1.,0.,0.));
#3445 = PCURVE('',#847,#3446);
#3446 = DEFINITIONAL_REPRESENTATION('',(#3447),#3451);
#3447 = LINE('',#3448,#3449);
#3448 = CARTESIAN_POINT('',(-0.,-16.));
#3449 = VECTOR('',#3450,1.);
#3450 = DIRECTION('',(-1.,0.));
#3451 = ( GEOMETRIC_REPRESENTATION_CONTEXT(2) 
PARAMETRIC_REPRESENTATION_CONTEXT() REPRESENTATION_CONTEXT('2D SPACE',''
  ) );
#3452 = PCURVE('',#3453,#3458);
#3453 = PLANE('',#3454);
#3454 = AXIS2_PLACEMENT_3D('',#3455,#3456,#3457);
#3455 = CARTESIAN_POINT('',(-1.215502340035E-15,-7.347880794884E-16,30.)
  );
#3456 = DIRECTION('',(0.,0.,1.));
#3457 = DIRECTION('',(1.,0.,-0.));
#3458 = DEFINITIONAL_REPRESENTATION('',(#3459),#3463);
#3459 = CIRCLE('',#3460,4.5);
#3460 = AXIS2_PLACEMENT_2D('',#3461,#3462);
#3461 = CARTESIAN_POINT('',(-86.60254047305,-49.99999983612));
#3462 = DIRECTION('',(1.,0.));
#3463 = ( GEOMETRIC_REPRESENTATION_CONTEXT(2) 
PARAMETRIC_REPRESENTATION_CONTEXT() REPRESENTATION_CONTEXT('2D SPACE',''
  ) );
#3464 = ORIENTED_EDGE('',*,*,#3465,.T.);
#3465 = EDGE_CURVE('',#3437,#3466,#3468,.T.);
#3466 = VERTEX_POINT('',#3467);
#3467 = CARTESIAN_POINT('',(-84.35254048042,-53.89711415741,30.));
#3468 = SURFACE_CURVE('',#3469,(#3474,#3481),.PCURVE_S1.);
#3469 = CIRCLE('',#3470,4.5);
#3470 = AXIS2_PLACEMENT_3D('',#3471,#3472,#3473);
#3471 = CARTESIAN_POINT('',(-86.60254047305,-49.99999983612,30.));
#3472 = DIRECTION('',(0.,0.,1.));
#3473 = DIRECTION('',(1.,0.,0.));
#3474 = PCURVE('',#847,#3475);
#3475 = DEFINITIONAL_REPRESENTATION('',(#3476),#3480);
#3476 = LINE('',#3477,#3478);
#3477 = CARTESIAN_POINT('',(-0.,-16.));
#3478 = VECTOR('',#3479,1.);
#3479 = DIRECTION('',(-1.,0.));
#3480 = ( GEOMETRIC_REPRESENTATION_CONTEXT(2) 
PARAMETRIC_REPRESENTATION_CONTEXT() REPRESENTATION_CONTEXT('2D SPACE',''
  ) );
#3481 = PCURVE('',#3482,#3487);
#3482 = PLANE('',#3483);
#3483 = AXIS2_PLACEMENT_3D('',#3484,#3485,#3486);
#3484 = CARTESIAN_POINT('',(-86.60254047305,-49.99999983612,30.));
#3485 = DIRECTION('',(0.,0.,1.));
#3486 = DIRECTION('',(1.,0.,-0.));
#3487 = DEFINITIONAL_REPRESENTATION('',(#3488),#3492);
#3488 = CIRCLE('',#3489,4.5);
#3489 = AXIS2_PLACEMENT_2D('',#3490,#3491);
#3490 = CARTESIAN_POINT('',(0.,0.));
#3491 = DIRECTION('',(1.,0.));
#3492 = ( GEOMETRIC_REPRESENTATION_CONTEXT(2) 
PARAMETRIC_REPRESENTATION_CONTEXT() REPRESENTATION_CONTEXT('2D SPACE',''
  ) );
#3493 = ORIENTED_EDGE('',*,*,#3494,.T.);
#3494 = EDGE_CURVE('',#3466,#3414,#3495,.T.);
#3495 = SURFACE_CURVE('',#3496,(#3501,#3508),.PCURVE_S1.);
#3496 = CIRCLE('',#3497,4.5);
#3497 = AXIS2_PLACEMENT_3D('',#3498,#3499,#3500);
#3498 = CARTESIAN_POINT('',(-86.60254047305,-49.99999983612,30.));
#3499 = DIRECTION('',(0.,0.,1.));
#3500 = DIRECTION('',(1.,0.,0.));
#3501 = PCURVE('',#847,#3502);
#3502 = DEFINITIONAL_REPRESENTATION('',(#3503),#3507);
#3503 = LINE('',#3504,#3505);
#3504 = CARTESIAN_POINT('',(-0.,-16.));
#3505 = VECTOR('',#3506,1.);
#3506 = DIRECTION('',(-1.,0.));
#3507 = ( GEOMETRIC_REPRESENTATION_CONTEXT(2) 
PARAMETRIC_REPRESENTATION_CONTEXT() REPRESENTATION_CONTEXT('2D SPACE',''
  ) );
#3508 = PCURVE('',#3453,#3509);
#3509 = DEFINITIONAL_REPRESENTATION('',(#3510),#3514);
#3510 = CIRCLE('',#3511,4.5);
#3511 = AXIS2_PLACEMENT_2D('',#3512,#3513);
#3512 = CARTESIAN_POINT('',(-86.60254047305,-49.99999983612));
#3513 = DIRECTION('',(1.,0.));
#3514 = ( GEOMETRIC_REPRESENTATION_CONTEXT(2) 
PARAMETRIC_REPRESENTATION_CONTEXT() REPRESENTATION_CONTEXT('2D SPACE',''
  ) );
#3515 = ORIENTED_EDGE('',*,*,#3413,.F.);
#3516 = ADVANCED_FACE('',(#3517),#878,.T.);
#3517 = FACE_BOUND('',#3518,.T.);
#3518 = EDGE_LOOP('',(#3519,#3542,#3570,#3591));
#3519 = ORIENTED_EDGE('',*,*,#3520,.F.);
#3520 = EDGE_CURVE('',#3521,#862,#3523,.T.);
#3521 = VERTEX_POINT('',#3522);
#3522 = CARTESIAN_POINT('',(-73.15019651374,-62.96785886466,10.));
#3523 = SURFACE_CURVE('',#3524,(#3528,#3535),.PCURVE_S1.);
#3524 = LINE('',#3525,#3526);
#3525 = CARTESIAN_POINT('',(-73.15019651374,-62.96785886466,10.));
#3526 = VECTOR('',#3527,1.);
#3527 = DIRECTION('',(0.,0.,1.));
#3528 = PCURVE('',#878,#3529);
#3529 = DEFINITIONAL_REPRESENTATION('',(#3530),#3534);
#3530 = LINE('',#3531,#3532);
#3531 = CARTESIAN_POINT('',(0.,1.3));
#3532 = VECTOR('',#3533,1.);
#3533 = DIRECTION('',(1.,0.));
#3534 = ( GEOMETRIC_REPRESENTATION_CONTEXT(2) 
PARAMETRIC_REPRESENTATION_CONTEXT() REPRESENTATION_CONTEXT('2D SPACE',''
  ) );
#3535 = PCURVE('',#954,#3536);
#3536 = DEFINITIONAL_REPRESENTATION('',(#3537),#3541);
#3537 = LINE('',#3538,#3539);
#3538 = CARTESIAN_POINT('',(0.,0.));
#3539 = VECTOR('',#3540,1.);
#3540 = DIRECTION('',(1.,0.));
#3541 = ( GEOMETRIC_REPRESENTATION_CONTEXT(2) 
PARAMETRIC_REPRESENTATION_CONTEXT() REPRESENTATION_CONTEXT('2D SPACE',''
  ) );
#3542 = ORIENTED_EDGE('',*,*,#3543,.F.);
#3543 = EDGE_CURVE('',#3544,#3521,#3546,.T.);
#3544 = VERTEX_POINT('',#3545);
#3545 = CARTESIAN_POINT('',(-72.2309576982,-62.04862004912,10.));
#3546 = SURFACE_CURVE('',#3547,(#3551,#3558),.PCURVE_S1.);
#3547 = LINE('',#3548,#3549);
#3548 = CARTESIAN_POINT('',(-72.2309576982,-62.04862004912,10.));
#3549 = VECTOR('',#3550,1.);
#3550 = DIRECTION('',(-0.707106781187,-0.707106781187,0.));
#3551 = PCURVE('',#878,#3552);
#3552 = DEFINITIONAL_REPRESENTATION('',(#3553),#3557);
#3553 = LINE('',#3554,#3555);
#3554 = CARTESIAN_POINT('',(0.,0.));
#3555 = VECTOR('',#3556,1.);
#3556 = DIRECTION('',(0.,1.));
#3557 = ( GEOMETRIC_REPRESENTATION_CONTEXT(2) 
PARAMETRIC_REPRESENTATION_CONTEXT() REPRESENTATION_CONTEXT('2D SPACE',''
  ) );
#3558 = PCURVE('',#3559,#3564);
#3559 = PLANE('',#3560);
#3560 = AXIS2_PLACEMENT_3D('',#3561,#3562,#3563);
#3561 = CARTESIAN_POINT('',(-72.2309576982,-62.04862004912,10.));
#3562 = DIRECTION('',(0.,0.,1.));
#3563 = DIRECTION('',(-0.707106781187,-0.707106781187,0.));
#3564 = DEFINITIONAL_REPRESENTATION('',(#3565),#3569);
#3565 = LINE('',#3566,#3567);
#3566 = CARTESIAN_POINT('',(0.,0.));
#3567 = VECTOR('',#3568,1.);
#3568 = DIRECTION('',(1.,0.));
#3569 = ( GEOMETRIC_REPRESENTATION_CONTEXT(2) 
PARAMETRIC_REPRESENTATION_CONTEXT() REPRESENTATION_CONTEXT('2D SPACE',''
  ) );
#3570 = ORIENTED_EDGE('',*,*,#3571,.T.);
#3571 = EDGE_CURVE('',#3544,#864,#3572,.T.);
#3572 = SURFACE_CURVE('',#3573,(#3577,#3584),.PCURVE_S1.);
#3573 = LINE('',#3574,#3575);
#3574 = CARTESIAN_POINT('',(-72.2309576982,-62.04862004912,10.));
#3575 = VECTOR('',#3576,1.);
#3576 = DIRECTION('',(0.,0.,1.));
#3577 = PCURVE('',#878,#3578);
#3578 = DEFINITIONAL_REPRESENTATION('',(#3579),#3583);
#3579 = LINE('',#3580,#3581);
#3580 = CARTESIAN_POINT('',(0.,0.));
#3581 = VECTOR('',#3582,1.);
#3582 = DIRECTION('',(1.,0.));
#3583 = ( GEOMETRIC_REPRESENTATION_CONTEXT(2) 
PARAMETRIC_REPRESENTATION_CONTEXT() REPRESENTATION_CONTEXT('2D SPACE',''
  ) );
#3584 = PCURVE('',#904,#3585);
#3585 = DEFINITIONAL_REPRESENTATION('',(#3586),#3590);
#3586 = LINE('',#3587,#3588);
#3587 = CARTESIAN_POINT('',(0.,0.));
#3588 = VECTOR('',#3589,1.);
#3589 = DIRECTION('',(1.,0.));
#3590 = ( GEOMETRIC_REPRESENTATION_CONTEXT(2) 
PARAMETRIC_REPRESENTATION_CONTEXT() REPRESENTATION_CONTEXT('2D SPACE',''
  ) );
#3591 = ORIENTED_EDGE('',*,*,#861,.F.);
#3592 = ADVANCED_FACE('',(#3593),#954,.F.);
#3593 = FACE_BOUND('',#3594,.F.);
#3594 = EDGE_LOOP('',(#3595,#3596,#3619,#3640));
#3595 = ORIENTED_EDGE('',*,*,#3520,.F.);
#3596 = ORIENTED_EDGE('',*,*,#3597,.T.);
#3597 = EDGE_CURVE('',#3521,#3598,#3600,.T.);
#3598 = VERTEX_POINT('',#3599);
#3599 = CARTESIAN_POINT('',(-62.96785886466,-73.15019651374,10.));
#3600 = SURFACE_CURVE('',#3601,(#3605,#3612),.PCURVE_S1.);
#3601 = LINE('',#3602,#3603);
#3602 = CARTESIAN_POINT('',(-73.15019651374,-62.96785886466,10.));
#3603 = VECTOR('',#3604,1.);
#3604 = DIRECTION('',(0.707106781187,-0.707106781187,0.));
#3605 = PCURVE('',#954,#3606);
#3606 = DEFINITIONAL_REPRESENTATION('',(#3607),#3611);
#3607 = LINE('',#3608,#3609);
#3608 = CARTESIAN_POINT('',(0.,0.));
#3609 = VECTOR('',#3610,1.);
#3610 = DIRECTION('',(0.,-1.));
#3611 = ( GEOMETRIC_REPRESENTATION_CONTEXT(2) 
PARAMETRIC_REPRESENTATION_CONTEXT() REPRESENTATION_CONTEXT('2D SPACE',''
  ) );
#3612 = PCURVE('',#3559,#3613);
#3613 = DEFINITIONAL_REPRESENTATION('',(#3614),#3618);
#3614 = LINE('',#3615,#3616);
#3615 = CARTESIAN_POINT('',(1.3,1.032507412901E-14));
#3616 = VECTOR('',#3617,1.);
#3617 = DIRECTION('',(0.,1.));
#3618 = ( GEOMETRIC_REPRESENTATION_CONTEXT(2) 
PARAMETRIC_REPRESENTATION_CONTEXT() REPRESENTATION_CONTEXT('2D SPACE',''
  ) );
#3619 = ORIENTED_EDGE('',*,*,#3620,.T.);
#3620 = EDGE_CURVE('',#3598,#916,#3621,.T.);
#3621 = SURFACE_CURVE('',#3622,(#3626,#3633),.PCURVE_S1.);
#3622 = LINE('',#3623,#3624);
#3623 = CARTESIAN_POINT('',(-62.96785886466,-73.15019651374,10.));
#3624 = VECTOR('',#3625,1.);
#3625 = DIRECTION('',(0.,0.,1.));
#3626 = PCURVE('',#954,#3627);
#3627 = DEFINITIONAL_REPRESENTATION('',(#3628),#3632);
#3628 = LINE('',#3629,#3630);
#3629 = CARTESIAN_POINT('',(0.,-14.4));
#3630 = VECTOR('',#3631,1.);
#3631 = DIRECTION('',(1.,0.));
#3632 = ( GEOMETRIC_REPRESENTATION_CONTEXT(2) 
PARAMETRIC_REPRESENTATION_CONTEXT() REPRESENTATION_CONTEXT('2D SPACE',''
  ) );
#3633 = PCURVE('',#930,#3634);
#3634 = DEFINITIONAL_REPRESENTATION('',(#3635),#3639);
#3635 = LINE('',#3636,#3637);
#3636 = CARTESIAN_POINT('',(0.,1.3));
#3637 = VECTOR('',#3638,1.);
#3638 = DIRECTION('',(1.,0.));
#3639 = ( GEOMETRIC_REPRESENTATION_CONTEXT(2) 
PARAMETRIC_REPRESENTATION_CONTEXT() REPRESENTATION_CONTEXT('2D SPACE',''
  ) );
#3640 = ORIENTED_EDGE('',*,*,#941,.F.);
#3641 = ADVANCED_FACE('',(#3642),#904,.T.);
#3642 = FACE_BOUND('',#3643,.T.);
#3643 = EDGE_LOOP('',(#3644,#3645,#3668,#3689));
#3644 = ORIENTED_EDGE('',*,*,#3571,.F.);
#3645 = ORIENTED_EDGE('',*,*,#3646,.T.);
#3646 = EDGE_CURVE('',#3544,#3647,#3649,.T.);
#3647 = VERTEX_POINT('',#3648);
#3648 = CARTESIAN_POINT('',(-62.04862004912,-72.2309576982,10.));
#3649 = SURFACE_CURVE('',#3650,(#3654,#3661),.PCURVE_S1.);
#3650 = LINE('',#3651,#3652);
#3651 = CARTESIAN_POINT('',(-72.2309576982,-62.04862004912,10.));
#3652 = VECTOR('',#3653,1.);
#3653 = DIRECTION('',(0.707106781187,-0.707106781187,0.));
#3654 = PCURVE('',#904,#3655);
#3655 = DEFINITIONAL_REPRESENTATION('',(#3656),#3660);
#3656 = LINE('',#3657,#3658);
#3657 = CARTESIAN_POINT('',(0.,0.));
#3658 = VECTOR('',#3659,1.);
#3659 = DIRECTION('',(0.,-1.));
#3660 = ( GEOMETRIC_REPRESENTATION_CONTEXT(2) 
PARAMETRIC_REPRESENTATION_CONTEXT() REPRESENTATION_CONTEXT('2D SPACE',''
  ) );
#3661 = PCURVE('',#3559,#3662);
#3662 = DEFINITIONAL_REPRESENTATION('',(#3663),#3667);
#3663 = LINE('',#3664,#3665);
#3664 = CARTESIAN_POINT('',(0.,0.));
#3665 = VECTOR('',#3666,1.);
#3666 = DIRECTION('',(0.,1.));
#3667 = ( GEOMETRIC_REPRESENTATION_CONTEXT(2) 
PARAMETRIC_REPRESENTATION_CONTEXT() REPRESENTATION_CONTEXT('2D SPACE',''
  ) );
#3668 = ORIENTED_EDGE('',*,*,#3669,.T.);
#3669 = EDGE_CURVE('',#3647,#890,#3670,.T.);
#3670 = SURFACE_CURVE('',#3671,(#3675,#3682),.PCURVE_S1.);
#3671 = LINE('',#3672,#3673);
#3672 = CARTESIAN_POINT('',(-62.04862004912,-72.2309576982,10.));
#3673 = VECTOR('',#3674,1.);
#3674 = DIRECTION('',(0.,0.,1.));
#3675 = PCURVE('',#904,#3676);
#3676 = DEFINITIONAL_REPRESENTATION('',(#3677),#3681);
#3677 = LINE('',#3678,#3679);
#3678 = CARTESIAN_POINT('',(0.,-14.4));
#3679 = VECTOR('',#3680,1.);
#3680 = DIRECTION('',(1.,0.));
#3681 = ( GEOMETRIC_REPRESENTATION_CONTEXT(2) 
PARAMETRIC_REPRESENTATION_CONTEXT() REPRESENTATION_CONTEXT('2D SPACE',''
  ) );
#3682 = PCURVE('',#930,#3683);
#3683 = DEFINITIONAL_REPRESENTATION('',(#3684),#3688);
#3684 = LINE('',#3685,#3686);
#3685 = CARTESIAN_POINT('',(0.,0.));
#3686 = VECTOR('',#3687,1.);
#3687 = DIRECTION('',(1.,0.));
#3688 = ( GEOMETRIC_REPRESENTATION_CONTEXT(2) 
PARAMETRIC_REPRESENTATION_CONTEXT() REPRESENTATION_CONTEXT('2D SPACE',''
  ) );
#3689 = ORIENTED_EDGE('',*,*,#889,.F.);
#3690 = ADVANCED_FACE('',(#3691),#930,.F.);
#3691 = FACE_BOUND('',#3692,.F.);
#3692 = EDGE_LOOP('',(#3693,#3694,#3715,#3716));
#3693 = ORIENTED_EDGE('',*,*,#3620,.F.);
#3694 = ORIENTED_EDGE('',*,*,#3695,.F.);
#3695 = EDGE_CURVE('',#3647,#3598,#3696,.T.);
#3696 = SURFACE_CURVE('',#3697,(#3701,#3708),.PCURVE_S1.);
#3697 = LINE('',#3698,#3699);
#3698 = CARTESIAN_POINT('',(-62.04862004912,-72.2309576982,10.));
#3699 = VECTOR('',#3700,1.);
#3700 = DIRECTION('',(-0.707106781187,-0.707106781187,0.));
#3701 = PCURVE('',#930,#3702);
#3702 = DEFINITIONAL_REPRESENTATION('',(#3703),#3707);
#3703 = LINE('',#3704,#3705);
#3704 = CARTESIAN_POINT('',(0.,0.));
#3705 = VECTOR('',#3706,1.);
#3706 = DIRECTION('',(0.,1.));
#3707 = ( GEOMETRIC_REPRESENTATION_CONTEXT(2) 
PARAMETRIC_REPRESENTATION_CONTEXT() REPRESENTATION_CONTEXT('2D SPACE',''
  ) );
#3708 = PCURVE('',#3559,#3709);
#3709 = DEFINITIONAL_REPRESENTATION('',(#3710),#3714);
#3710 = LINE('',#3711,#3712);
#3711 = CARTESIAN_POINT('',(2.6645352591E-15,14.4));
#3712 = VECTOR('',#3713,1.);
#3713 = DIRECTION('',(1.,0.));
#3714 = ( GEOMETRIC_REPRESENTATION_CONTEXT(2) 
PARAMETRIC_REPRESENTATION_CONTEXT() REPRESENTATION_CONTEXT('2D SPACE',''
  ) );
#3715 = ORIENTED_EDGE('',*,*,#3669,.T.);
#3716 = ORIENTED_EDGE('',*,*,#915,.F.);
#3717 = ADVANCED_FACE('',(#3718),#984,.T.);
#3718 = FACE_BOUND('',#3719,.T.);
#3719 = EDGE_LOOP('',(#3720,#3743,#3771,#3792));
#3720 = ORIENTED_EDGE('',*,*,#3721,.F.);
#3721 = EDGE_CURVE('',#3722,#968,#3724,.T.);
#3722 = VERTEX_POINT('',#3723);
#3723 = CARTESIAN_POINT('',(71.028876170189,-81.21121381927,10.));
#3724 = SURFACE_CURVE('',#3725,(#3729,#3736),.PCURVE_S1.);
#3725 = LINE('',#3726,#3727);
#3726 = CARTESIAN_POINT('',(71.028876170189,-81.21121381927,10.));
#3727 = VECTOR('',#3728,1.);
#3728 = DIRECTION('',(0.,0.,1.));
#3729 = PCURVE('',#984,#3730);
#3730 = DEFINITIONAL_REPRESENTATION('',(#3731),#3735);
#3731 = LINE('',#3732,#3733);
#3732 = CARTESIAN_POINT('',(0.,1.3));
#3733 = VECTOR('',#3734,1.);
#3734 = DIRECTION('',(1.,0.));
#3735 = ( GEOMETRIC_REPRESENTATION_CONTEXT(2) 
PARAMETRIC_REPRESENTATION_CONTEXT() REPRESENTATION_CONTEXT('2D SPACE',''
  ) );
#3736 = PCURVE('',#1060,#3737);
#3737 = DEFINITIONAL_REPRESENTATION('',(#3738),#3742);
#3738 = LINE('',#3739,#3740);
#3739 = CARTESIAN_POINT('',(0.,0.));
#3740 = VECTOR('',#3741,1.);
#3741 = DIRECTION('',(1.,0.));
#3742 = ( GEOMETRIC_REPRESENTATION_CONTEXT(2) 
PARAMETRIC_REPRESENTATION_CONTEXT() REPRESENTATION_CONTEXT('2D SPACE',''
  ) );
#3743 = ORIENTED_EDGE('',*,*,#3744,.F.);
#3744 = EDGE_CURVE('',#3745,#3722,#3747,.T.);
#3745 = VERTEX_POINT('',#3746);
#3746 = CARTESIAN_POINT('',(70.109637354646,-80.29197500373,10.));
#3747 = SURFACE_CURVE('',#3748,(#3752,#3759),.PCURVE_S1.);
#3748 = LINE('',#3749,#3750);
#3749 = CARTESIAN_POINT('',(70.109637354646,-80.29197500373,10.));
#3750 = VECTOR('',#3751,1.);
#3751 = DIRECTION('',(0.707106781187,-0.707106781187,0.));
#3752 = PCURVE('',#984,#3753);
#3753 = DEFINITIONAL_REPRESENTATION('',(#3754),#3758);
#3754 = LINE('',#3755,#3756);
#3755 = CARTESIAN_POINT('',(0.,0.));
#3756 = VECTOR('',#3757,1.);
#3757 = DIRECTION('',(0.,1.));
#3758 = ( GEOMETRIC_REPRESENTATION_CONTEXT(2) 
PARAMETRIC_REPRESENTATION_CONTEXT() REPRESENTATION_CONTEXT('2D SPACE',''
  ) );
#3759 = PCURVE('',#3760,#3765);
#3760 = PLANE('',#3761);
#3761 = AXIS2_PLACEMENT_3D('',#3762,#3763,#3764);
#3762 = CARTESIAN_POINT('',(70.109637354646,-80.29197500373,10.));
#3763 = DIRECTION('',(0.,0.,1.));
#3764 = DIRECTION('',(0.707106781187,-0.707106781187,0.));
#3765 = DEFINITIONAL_REPRESENTATION('',(#3766),#3770);
#3766 = LINE('',#3767,#3768);
#3767 = CARTESIAN_POINT('',(0.,0.));
#3768 = VECTOR('',#3769,1.);
#3769 = DIRECTION('',(1.,0.));
#3770 = ( GEOMETRIC_REPRESENTATION_CONTEXT(2) 
PARAMETRIC_REPRESENTATION_CONTEXT() REPRESENTATION_CONTEXT('2D SPACE',''
  ) );
#3771 = ORIENTED_EDGE('',*,*,#3772,.T.);
#3772 = EDGE_CURVE('',#3745,#970,#3773,.T.);
#3773 = SURFACE_CURVE('',#3774,(#3778,#3785),.PCURVE_S1.);
#3774 = LINE('',#3775,#3776);
#3775 = CARTESIAN_POINT('',(70.109637354646,-80.29197500373,10.));
#3776 = VECTOR('',#3777,1.);
#3777 = DIRECTION('',(0.,0.,1.));
#3778 = PCURVE('',#984,#3779);
#3779 = DEFINITIONAL_REPRESENTATION('',(#3780),#3784);
#3780 = LINE('',#3781,#3782);
#3781 = CARTESIAN_POINT('',(0.,0.));
#3782 = VECTOR('',#3783,1.);
#3783 = DIRECTION('',(1.,0.));
#3784 = ( GEOMETRIC_REPRESENTATION_CONTEXT(2) 
PARAMETRIC_REPRESENTATION_CONTEXT() REPRESENTATION_CONTEXT('2D SPACE',''
  ) );
#3785 = PCURVE('',#1010,#3786);
#3786 = DEFINITIONAL_REPRESENTATION('',(#3787),#3791);
#3787 = LINE('',#3788,#3789);
#3788 = CARTESIAN_POINT('',(0.,0.));
#3789 = VECTOR('',#3790,1.);
#3790 = DIRECTION('',(1.,0.));
#3791 = ( GEOMETRIC_REPRESENTATION_CONTEXT(2) 
PARAMETRIC_REPRESENTATION_CONTEXT() REPRESENTATION_CONTEXT('2D SPACE',''
  ) );
#3792 = ORIENTED_EDGE('',*,*,#967,.F.);
#3793 = ADVANCED_FACE('',(#3794),#1060,.F.);
#3794 = FACE_BOUND('',#3795,.F.);
#3795 = EDGE_LOOP('',(#3796,#3797,#3820,#3841));
#3796 = ORIENTED_EDGE('',*,*,#3721,.F.);
#3797 = ORIENTED_EDGE('',*,*,#3798,.T.);
#3798 = EDGE_CURVE('',#3722,#3799,#3801,.T.);
#3799 = VERTEX_POINT('',#3800);
#3800 = CARTESIAN_POINT('',(81.211213819275,-71.02887617018,10.));
#3801 = SURFACE_CURVE('',#3802,(#3806,#3813),.PCURVE_S1.);
#3802 = LINE('',#3803,#3804);
#3803 = CARTESIAN_POINT('',(71.028876170189,-81.21121381927,10.));
#3804 = VECTOR('',#3805,1.);
#3805 = DIRECTION('',(0.707106781187,0.707106781187,0.));
#3806 = PCURVE('',#1060,#3807);
#3807 = DEFINITIONAL_REPRESENTATION('',(#3808),#3812);
#3808 = LINE('',#3809,#3810);
#3809 = CARTESIAN_POINT('',(0.,0.));
#3810 = VECTOR('',#3811,1.);
#3811 = DIRECTION('',(0.,-1.));
#3812 = ( GEOMETRIC_REPRESENTATION_CONTEXT(2) 
PARAMETRIC_REPRESENTATION_CONTEXT() REPRESENTATION_CONTEXT('2D SPACE',''
  ) );
#3813 = PCURVE('',#3760,#3814);
#3814 = DEFINITIONAL_REPRESENTATION('',(#3815),#3819);
#3815 = LINE('',#3816,#3817);
#3816 = CARTESIAN_POINT('',(1.3,1.043609643148E-14));
#3817 = VECTOR('',#3818,1.);
#3818 = DIRECTION('',(0.,1.));
#3819 = ( GEOMETRIC_REPRESENTATION_CONTEXT(2) 
PARAMETRIC_REPRESENTATION_CONTEXT() REPRESENTATION_CONTEXT('2D SPACE',''
  ) );
#3820 = ORIENTED_EDGE('',*,*,#3821,.T.);
#3821 = EDGE_CURVE('',#3799,#1022,#3822,.T.);
#3822 = SURFACE_CURVE('',#3823,(#3827,#3834),.PCURVE_S1.);
#3823 = LINE('',#3824,#3825);
#3824 = CARTESIAN_POINT('',(81.211213819275,-71.02887617018,10.));
#3825 = VECTOR('',#3826,1.);
#3826 = DIRECTION('',(0.,0.,1.));
#3827 = PCURVE('',#1060,#3828);
#3828 = DEFINITIONAL_REPRESENTATION('',(#3829),#3833);
#3829 = LINE('',#3830,#3831);
#3830 = CARTESIAN_POINT('',(0.,-14.4));
#3831 = VECTOR('',#3832,1.);
#3832 = DIRECTION('',(1.,0.));
#3833 = ( GEOMETRIC_REPRESENTATION_CONTEXT(2) 
PARAMETRIC_REPRESENTATION_CONTEXT() REPRESENTATION_CONTEXT('2D SPACE',''
  ) );
#3834 = PCURVE('',#1036,#3835);
#3835 = DEFINITIONAL_REPRESENTATION('',(#3836),#3840);
#3836 = LINE('',#3837,#3838);
#3837 = CARTESIAN_POINT('',(0.,1.3));
#3838 = VECTOR('',#3839,1.);
#3839 = DIRECTION('',(1.,0.));
#3840 = ( GEOMETRIC_REPRESENTATION_CONTEXT(2) 
PARAMETRIC_REPRESENTATION_CONTEXT() REPRESENTATION_CONTEXT('2D SPACE',''
  ) );
#3841 = ORIENTED_EDGE('',*,*,#1047,.F.);
#3842 = ADVANCED_FACE('',(#3843),#1010,.T.);
#3843 = FACE_BOUND('',#3844,.T.);
#3844 = EDGE_LOOP('',(#3845,#3846,#3869,#3890));
#3845 = ORIENTED_EDGE('',*,*,#3772,.F.);
#3846 = ORIENTED_EDGE('',*,*,#3847,.T.);
#3847 = EDGE_CURVE('',#3745,#3848,#3850,.T.);
#3848 = VERTEX_POINT('',#3849);
#3849 = CARTESIAN_POINT('',(80.291975003732,-70.10963735464,10.));
#3850 = SURFACE_CURVE('',#3851,(#3855,#3862),.PCURVE_S1.);
#3851 = LINE('',#3852,#3853);
#3852 = CARTESIAN_POINT('',(70.109637354646,-80.29197500373,10.));
#3853 = VECTOR('',#3854,1.);
#3854 = DIRECTION('',(0.707106781187,0.707106781187,0.));
#3855 = PCURVE('',#1010,#3856);
#3856 = DEFINITIONAL_REPRESENTATION('',(#3857),#3861);
#3857 = LINE('',#3858,#3859);
#3858 = CARTESIAN_POINT('',(0.,0.));
#3859 = VECTOR('',#3860,1.);
#3860 = DIRECTION('',(0.,-1.));
#3861 = ( GEOMETRIC_REPRESENTATION_CONTEXT(2) 
PARAMETRIC_REPRESENTATION_CONTEXT() REPRESENTATION_CONTEXT('2D SPACE',''
  ) );
#3862 = PCURVE('',#3760,#3863);
#3863 = DEFINITIONAL_REPRESENTATION('',(#3864),#3868);
#3864 = LINE('',#3865,#3866);
#3865 = CARTESIAN_POINT('',(0.,0.));
#3866 = VECTOR('',#3867,1.);
#3867 = DIRECTION('',(0.,1.));
#3868 = ( GEOMETRIC_REPRESENTATION_CONTEXT(2) 
PARAMETRIC_REPRESENTATION_CONTEXT() REPRESENTATION_CONTEXT('2D SPACE',''
  ) );
#3869 = ORIENTED_EDGE('',*,*,#3870,.T.);
#3870 = EDGE_CURVE('',#3848,#996,#3871,.T.);
#3871 = SURFACE_CURVE('',#3872,(#3876,#3883),.PCURVE_S1.);
#3872 = LINE('',#3873,#3874);
#3873 = CARTESIAN_POINT('',(80.291975003732,-70.10963735464,10.));
#3874 = VECTOR('',#3875,1.);
#3875 = DIRECTION('',(0.,0.,1.));
#3876 = PCURVE('',#1010,#3877);
#3877 = DEFINITIONAL_REPRESENTATION('',(#3878),#3882);
#3878 = LINE('',#3879,#3880);
#3879 = CARTESIAN_POINT('',(0.,-14.4));
#3880 = VECTOR('',#3881,1.);
#3881 = DIRECTION('',(1.,0.));
#3882 = ( GEOMETRIC_REPRESENTATION_CONTEXT(2) 
PARAMETRIC_REPRESENTATION_CONTEXT() REPRESENTATION_CONTEXT('2D SPACE',''
  ) );
#3883 = PCURVE('',#1036,#3884);
#3884 = DEFINITIONAL_REPRESENTATION('',(#3885),#3889);
#3885 = LINE('',#3886,#3887);
#3886 = CARTESIAN_POINT('',(0.,0.));
#3887 = VECTOR('',#3888,1.);
#3888 = DIRECTION('',(1.,0.));
#3889 = ( GEOMETRIC_REPRESENTATION_CONTEXT(2) 
PARAMETRIC_REPRESENTATION_CONTEXT() REPRESENTATION_CONTEXT('2D SPACE',''
  ) );
#3890 = ORIENTED_EDGE('',*,*,#995,.F.);
#3891 = ADVANCED_FACE('',(#3892),#1036,.F.);
#3892 = FACE_BOUND('',#3893,.F.);
#3893 = EDGE_LOOP('',(#3894,#3895,#3916,#3917));
#3894 = ORIENTED_EDGE('',*,*,#3821,.F.);
#3895 = ORIENTED_EDGE('',*,*,#3896,.F.);
#3896 = EDGE_CURVE('',#3848,#3799,#3897,.T.);
#3897 = SURFACE_CURVE('',#3898,(#3902,#3909),.PCURVE_S1.);
#3898 = LINE('',#3899,#3900);
#3899 = CARTESIAN_POINT('',(80.291975003732,-70.10963735464,10.));
#3900 = VECTOR('',#3901,1.);
#3901 = DIRECTION('',(0.707106781187,-0.707106781187,0.));
#3902 = PCURVE('',#1036,#3903);
#3903 = DEFINITIONAL_REPRESENTATION('',(#3904),#3908);
#3904 = LINE('',#3905,#3906);
#3905 = CARTESIAN_POINT('',(0.,0.));
#3906 = VECTOR('',#3907,1.);
#3907 = DIRECTION('',(0.,1.));
#3908 = ( GEOMETRIC_REPRESENTATION_CONTEXT(2) 
PARAMETRIC_REPRESENTATION_CONTEXT() REPRESENTATION_CONTEXT('2D SPACE',''
  ) );
#3909 = PCURVE('',#3760,#3910);
#3910 = DEFINITIONAL_REPRESENTATION('',(#3911),#3915);
#3911 = LINE('',#3912,#3913);
#3912 = CARTESIAN_POINT('',(-3.552713678801E-15,14.4));
#3913 = VECTOR('',#3914,1.);
#3914 = DIRECTION('',(1.,0.));
#3915 = ( GEOMETRIC_REPRESENTATION_CONTEXT(2) 
PARAMETRIC_REPRESENTATION_CONTEXT() REPRESENTATION_CONTEXT('2D SPACE',''
  ) );
#3916 = ORIENTED_EDGE('',*,*,#3870,.T.);
#3917 = ORIENTED_EDGE('',*,*,#1021,.F.);
#3918 = ADVANCED_FACE('',(#3919),#1090,.T.);
#3919 = FACE_BOUND('',#3920,.T.);
#3920 = EDGE_LOOP('',(#3921,#3944,#3972,#3993));
#3921 = ORIENTED_EDGE('',*,*,#3922,.F.);
#3922 = EDGE_CURVE('',#3923,#1074,#3925,.T.);
#3923 = VERTEX_POINT('',#3924);
#3924 = CARTESIAN_POINT('',(62.967858864662,-73.15019651374,10.));
#3925 = SURFACE_CURVE('',#3926,(#3930,#3937),.PCURVE_S1.);
#3926 = LINE('',#3927,#3928);
#3927 = CARTESIAN_POINT('',(62.967858864662,-73.15019651374,10.));
#3928 = VECTOR('',#3929,1.);
#3929 = DIRECTION('',(0.,0.,1.));
#3930 = PCURVE('',#1090,#3931);
#3931 = DEFINITIONAL_REPRESENTATION('',(#3932),#3936);
#3932 = LINE('',#3933,#3934);
#3933 = CARTESIAN_POINT('',(0.,1.3));
#3934 = VECTOR('',#3935,1.);
#3935 = DIRECTION('',(1.,0.));
#3936 = ( GEOMETRIC_REPRESENTATION_CONTEXT(2) 
PARAMETRIC_REPRESENTATION_CONTEXT() REPRESENTATION_CONTEXT('2D SPACE',''
  ) );
#3937 = PCURVE('',#1166,#3938);
#3938 = DEFINITIONAL_REPRESENTATION('',(#3939),#3943);
#3939 = LINE('',#3940,#3941);
#3940 = CARTESIAN_POINT('',(0.,0.));
#3941 = VECTOR('',#3942,1.);
#3942 = DIRECTION('',(1.,0.));
#3943 = ( GEOMETRIC_REPRESENTATION_CONTEXT(2) 
PARAMETRIC_REPRESENTATION_CONTEXT() REPRESENTATION_CONTEXT('2D SPACE',''
  ) );
#3944 = ORIENTED_EDGE('',*,*,#3945,.F.);
#3945 = EDGE_CURVE('',#3946,#3923,#3948,.T.);
#3946 = VERTEX_POINT('',#3947);
#3947 = CARTESIAN_POINT('',(62.04862004912,-72.2309576982,10.));
#3948 = SURFACE_CURVE('',#3949,(#3953,#3960),.PCURVE_S1.);
#3949 = LINE('',#3950,#3951);
#3950 = CARTESIAN_POINT('',(62.04862004912,-72.2309576982,10.));
#3951 = VECTOR('',#3952,1.);
#3952 = DIRECTION('',(0.707106781187,-0.707106781187,0.));
#3953 = PCURVE('',#1090,#3954);
#3954 = DEFINITIONAL_REPRESENTATION('',(#3955),#3959);
#3955 = LINE('',#3956,#3957);
#3956 = CARTESIAN_POINT('',(0.,0.));
#3957 = VECTOR('',#3958,1.);
#3958 = DIRECTION('',(0.,1.));
#3959 = ( GEOMETRIC_REPRESENTATION_CONTEXT(2) 
PARAMETRIC_REPRESENTATION_CONTEXT() REPRESENTATION_CONTEXT('2D SPACE',''
  ) );
#3960 = PCURVE('',#3961,#3966);
#3961 = PLANE('',#3962);
#3962 = AXIS2_PLACEMENT_3D('',#3963,#3964,#3965);
#3963 = CARTESIAN_POINT('',(62.04862004912,-72.2309576982,10.));
#3964 = DIRECTION('',(0.,0.,1.));
#3965 = DIRECTION('',(0.707106781187,-0.707106781187,0.));
#3966 = DEFINITIONAL_REPRESENTATION('',(#3967),#3971);
#3967 = LINE('',#3968,#3969);
#3968 = CARTESIAN_POINT('',(0.,0.));
#3969 = VECTOR('',#3970,1.);
#3970 = DIRECTION('',(1.,0.));
#3971 = ( GEOMETRIC_REPRESENTATION_CONTEXT(2) 
PARAMETRIC_REPRESENTATION_CONTEXT() REPRESENTATION_CONTEXT('2D SPACE',''
  ) );
#3972 = ORIENTED_EDGE('',*,*,#3973,.T.);
#3973 = EDGE_CURVE('',#3946,#1076,#3974,.T.);
#3974 = SURFACE_CURVE('',#3975,(#3979,#3986),.PCURVE_S1.);
#3975 = LINE('',#3976,#3977);
#3976 = CARTESIAN_POINT('',(62.04862004912,-72.2309576982,10.));
#3977 = VECTOR('',#3978,1.);
#3978 = DIRECTION('',(0.,0.,1.));
#3979 = PCURVE('',#1090,#3980);
#3980 = DEFINITIONAL_REPRESENTATION('',(#3981),#3985);
#3981 = LINE('',#3982,#3983);
#3982 = CARTESIAN_POINT('',(0.,0.));
#3983 = VECTOR('',#3984,1.);
#3984 = DIRECTION('',(1.,0.));
#3985 = ( GEOMETRIC_REPRESENTATION_CONTEXT(2) 
PARAMETRIC_REPRESENTATION_CONTEXT() REPRESENTATION_CONTEXT('2D SPACE',''
  ) );
#3986 = PCURVE('',#1116,#3987);
#3987 = DEFINITIONAL_REPRESENTATION('',(#3988),#3992);
#3988 = LINE('',#3989,#3990);
#3989 = CARTESIAN_POINT('',(0.,0.));
#3990 = VECTOR('',#3991,1.);
#3991 = DIRECTION('',(1.,0.));
#3992 = ( GEOMETRIC_REPRESENTATION_CONTEXT(2) 
PARAMETRIC_REPRESENTATION_CONTEXT() REPRESENTATION_CONTEXT('2D SPACE',''
  ) );
#3993 = ORIENTED_EDGE('',*,*,#1073,.F.);
#3994 = ADVANCED_FACE('',(#3995),#1166,.F.);
#3995 = FACE_BOUND('',#3996,.F.);
#3996 = EDGE_LOOP('',(#3997,#3998,#4021,#4042));
#3997 = ORIENTED_EDGE('',*,*,#3922,.F.);
#3998 = ORIENTED_EDGE('',*,*,#3999,.T.);
#3999 = EDGE_CURVE('',#3923,#4000,#4002,.T.);
#4000 = VERTEX_POINT('',#4001);
#4001 = CARTESIAN_POINT('',(73.150196513748,-62.96785886466,10.));
#4002 = SURFACE_CURVE('',#4003,(#4007,#4014),.PCURVE_S1.);
#4003 = LINE('',#4004,#4005);
#4004 = CARTESIAN_POINT('',(62.967858864662,-73.15019651374,10.));
#4005 = VECTOR('',#4006,1.);
#4006 = DIRECTION('',(0.707106781187,0.707106781187,0.));
#4007 = PCURVE('',#1166,#4008);
#4008 = DEFINITIONAL_REPRESENTATION('',(#4009),#4013);
#4009 = LINE('',#4010,#4011);
#4010 = CARTESIAN_POINT('',(0.,0.));
#4011 = VECTOR('',#4012,1.);
#4012 = DIRECTION('',(0.,-1.));
#4013 = ( GEOMETRIC_REPRESENTATION_CONTEXT(2) 
PARAMETRIC_REPRESENTATION_CONTEXT() REPRESENTATION_CONTEXT('2D SPACE',''
  ) );
#4014 = PCURVE('',#3961,#4015);
#4015 = DEFINITIONAL_REPRESENTATION('',(#4016),#4020);
#4016 = LINE('',#4017,#4018);
#4017 = CARTESIAN_POINT('',(1.3,3.330669073875E-16));
#4018 = VECTOR('',#4019,1.);
#4019 = DIRECTION('',(0.,1.));
#4020 = ( GEOMETRIC_REPRESENTATION_CONTEXT(2) 
PARAMETRIC_REPRESENTATION_CONTEXT() REPRESENTATION_CONTEXT('2D SPACE',''
  ) );
#4021 = ORIENTED_EDGE('',*,*,#4022,.T.);
#4022 = EDGE_CURVE('',#4000,#1128,#4023,.T.);
#4023 = SURFACE_CURVE('',#4024,(#4028,#4035),.PCURVE_S1.);
#4024 = LINE('',#4025,#4026);
#4025 = CARTESIAN_POINT('',(73.150196513748,-62.96785886466,10.));
#4026 = VECTOR('',#4027,1.);
#4027 = DIRECTION('',(0.,0.,1.));
#4028 = PCURVE('',#1166,#4029);
#4029 = DEFINITIONAL_REPRESENTATION('',(#4030),#4034);
#4030 = LINE('',#4031,#4032);
#4031 = CARTESIAN_POINT('',(0.,-14.4));
#4032 = VECTOR('',#4033,1.);
#4033 = DIRECTION('',(1.,0.));
#4034 = ( GEOMETRIC_REPRESENTATION_CONTEXT(2) 
PARAMETRIC_REPRESENTATION_CONTEXT() REPRESENTATION_CONTEXT('2D SPACE',''
  ) );
#4035 = PCURVE('',#1142,#4036);
#4036 = DEFINITIONAL_REPRESENTATION('',(#4037),#4041);
#4037 = LINE('',#4038,#4039);
#4038 = CARTESIAN_POINT('',(0.,1.3));
#4039 = VECTOR('',#4040,1.);
#4040 = DIRECTION('',(1.,0.));
#4041 = ( GEOMETRIC_REPRESENTATION_CONTEXT(2) 
PARAMETRIC_REPRESENTATION_CONTEXT() REPRESENTATION_CONTEXT('2D SPACE',''
  ) );
#4042 = ORIENTED_EDGE('',*,*,#1153,.F.);
#4043 = ADVANCED_FACE('',(#4044),#1116,.T.);
#4044 = FACE_BOUND('',#4045,.T.);
#4045 = EDGE_LOOP('',(#4046,#4047,#4070,#4091));
#4046 = ORIENTED_EDGE('',*,*,#3973,.F.);
#4047 = ORIENTED_EDGE('',*,*,#4048,.T.);
#4048 = EDGE_CURVE('',#3946,#4049,#4051,.T.);
#4049 = VERTEX_POINT('',#4050);
#4050 = CARTESIAN_POINT('',(72.230957698206,-62.04862004912,10.));
#4051 = SURFACE_CURVE('',#4052,(#4056,#4063),.PCURVE_S1.);
#4052 = LINE('',#4053,#4054);
#4053 = CARTESIAN_POINT('',(62.04862004912,-72.2309576982,10.));
#4054 = VECTOR('',#4055,1.);
#4055 = DIRECTION('',(0.707106781187,0.707106781187,0.));
#4056 = PCURVE('',#1116,#4057);
#4057 = DEFINITIONAL_REPRESENTATION('',(#4058),#4062);
#4058 = LINE('',#4059,#4060);
#4059 = CARTESIAN_POINT('',(0.,0.));
#4060 = VECTOR('',#4061,1.);
#4061 = DIRECTION('',(0.,-1.));
#4062 = ( GEOMETRIC_REPRESENTATION_CONTEXT(2) 
PARAMETRIC_REPRESENTATION_CONTEXT() REPRESENTATION_CONTEXT('2D SPACE',''
  ) );
#4063 = PCURVE('',#3961,#4064);
#4064 = DEFINITIONAL_REPRESENTATION('',(#4065),#4069);
#4065 = LINE('',#4066,#4067);
#4066 = CARTESIAN_POINT('',(0.,0.));
#4067 = VECTOR('',#4068,1.);
#4068 = DIRECTION('',(0.,1.));
#4069 = ( GEOMETRIC_REPRESENTATION_CONTEXT(2) 
PARAMETRIC_REPRESENTATION_CONTEXT() REPRESENTATION_CONTEXT('2D SPACE',''
  ) );
#4070 = ORIENTED_EDGE('',*,*,#4071,.T.);
#4071 = EDGE_CURVE('',#4049,#1102,#4072,.T.);
#4072 = SURFACE_CURVE('',#4073,(#4077,#4084),.PCURVE_S1.);
#4073 = LINE('',#4074,#4075);
#4074 = CARTESIAN_POINT('',(72.230957698206,-62.04862004912,10.));
#4075 = VECTOR('',#4076,1.);
#4076 = DIRECTION('',(0.,0.,1.));
#4077 = PCURVE('',#1116,#4078);
#4078 = DEFINITIONAL_REPRESENTATION('',(#4079),#4083);
#4079 = LINE('',#4080,#4081);
#4080 = CARTESIAN_POINT('',(0.,-14.4));
#4081 = VECTOR('',#4082,1.);
#4082 = DIRECTION('',(1.,0.));
#4083 = ( GEOMETRIC_REPRESENTATION_CONTEXT(2) 
PARAMETRIC_REPRESENTATION_CONTEXT() REPRESENTATION_CONTEXT('2D SPACE',''
  ) );
#4084 = PCURVE('',#1142,#4085);
#4085 = DEFINITIONAL_REPRESENTATION('',(#4086),#4090);
#4086 = LINE('',#4087,#4088);
#4087 = CARTESIAN_POINT('',(0.,0.));
#4088 = VECTOR('',#4089,1.);
#4089 = DIRECTION('',(1.,0.));
#4090 = ( GEOMETRIC_REPRESENTATION_CONTEXT(2) 
PARAMETRIC_REPRESENTATION_CONTEXT() REPRESENTATION_CONTEXT('2D SPACE',''
  ) );
#4091 = ORIENTED_EDGE('',*,*,#1101,.F.);
#4092 = ADVANCED_FACE('',(#4093),#1142,.F.);
#4093 = FACE_BOUND('',#4094,.F.);
#4094 = EDGE_LOOP('',(#4095,#4096,#4117,#4118));
#4095 = ORIENTED_EDGE('',*,*,#4022,.F.);
#4096 = ORIENTED_EDGE('',*,*,#4097,.F.);
#4097 = EDGE_CURVE('',#4049,#4000,#4098,.T.);
#4098 = SURFACE_CURVE('',#4099,(#4103,#4110),.PCURVE_S1.);
#4099 = LINE('',#4100,#4101);
#4100 = CARTESIAN_POINT('',(72.230957698206,-62.04862004912,10.));
#4101 = VECTOR('',#4102,1.);
#4102 = DIRECTION('',(0.707106781187,-0.707106781187,0.));
#4103 = PCURVE('',#1142,#4104);
#4104 = DEFINITIONAL_REPRESENTATION('',(#4105),#4109);
#4105 = LINE('',#4106,#4107);
#4106 = CARTESIAN_POINT('',(0.,0.));
#4107 = VECTOR('',#4108,1.);
#4108 = DIRECTION('',(0.,1.));
#4109 = ( GEOMETRIC_REPRESENTATION_CONTEXT(2) 
PARAMETRIC_REPRESENTATION_CONTEXT() REPRESENTATION_CONTEXT('2D SPACE',''
  ) );
#4110 = PCURVE('',#3961,#4111);
#4111 = DEFINITIONAL_REPRESENTATION('',(#4112),#4116);
#4112 = LINE('',#4113,#4114);
#4113 = CARTESIAN_POINT('',(8.881784197001E-16,14.4));
#4114 = VECTOR('',#4115,1.);
#4115 = DIRECTION('',(1.,0.));
#4116 = ( GEOMETRIC_REPRESENTATION_CONTEXT(2) 
PARAMETRIC_REPRESENTATION_CONTEXT() REPRESENTATION_CONTEXT('2D SPACE',''
  ) );
#4117 = ORIENTED_EDGE('',*,*,#4071,.T.);
#4118 = ORIENTED_EDGE('',*,*,#1127,.F.);
#4119 = ADVANCED_FACE('',(#4120),#1196,.T.);
#4120 = FACE_BOUND('',#4121,.F.);
#4121 = EDGE_LOOP('',(#4122,#4123,#4146,#4175,#4199,#4221));
#4122 = ORIENTED_EDGE('',*,*,#1179,.F.);
#4123 = ORIENTED_EDGE('',*,*,#4124,.T.);
#4124 = EDGE_CURVE('',#1180,#4125,#4127,.T.);
#4125 = VERTEX_POINT('',#4126);
#4126 = CARTESIAN_POINT('',(91.102540473055,-49.99999983612,30.));
#4127 = SEAM_CURVE('',#4128,(#4132,#4139),.PCURVE_S1.);
#4128 = LINE('',#4129,#4130);
#4129 = CARTESIAN_POINT('',(91.102540473055,-49.99999983612,14.));
#4130 = VECTOR('',#4131,1.);
#4131 = DIRECTION('',(0.,0.,1.));
#4132 = PCURVE('',#1196,#4133);
#4133 = DEFINITIONAL_REPRESENTATION('',(#4134),#4138);
#4134 = LINE('',#4135,#4136);
#4135 = CARTESIAN_POINT('',(-6.28318530718,0.));
#4136 = VECTOR('',#4137,1.);
#4137 = DIRECTION('',(-0.,-1.));
#4138 = ( GEOMETRIC_REPRESENTATION_CONTEXT(2) 
PARAMETRIC_REPRESENTATION_CONTEXT() REPRESENTATION_CONTEXT('2D SPACE',''
  ) );
#4139 = PCURVE('',#1196,#4140);
#4140 = DEFINITIONAL_REPRESENTATION('',(#4141),#4145);
#4141 = LINE('',#4142,#4143);
#4142 = CARTESIAN_POINT('',(-0.,0.));
#4143 = VECTOR('',#4144,1.);
#4144 = DIRECTION('',(-0.,-1.));
#4145 = ( GEOMETRIC_REPRESENTATION_CONTEXT(2) 
PARAMETRIC_REPRESENTATION_CONTEXT() REPRESENTATION_CONTEXT('2D SPACE',''
  ) );
#4146 = ORIENTED_EDGE('',*,*,#4147,.T.);
#4147 = EDGE_CURVE('',#4125,#4148,#4150,.T.);
#4148 = VERTEX_POINT('',#4149);
#4149 = CARTESIAN_POINT('',(88.852540465681,-46.10288551484,30.));
#4150 = SURFACE_CURVE('',#4151,(#4156,#4163),.PCURVE_S1.);
#4151 = CIRCLE('',#4152,4.5);
#4152 = AXIS2_PLACEMENT_3D('',#4153,#4154,#4155);
#4153 = CARTESIAN_POINT('',(86.602540473055,-49.99999983612,30.));
#4154 = DIRECTION('',(0.,0.,1.));
#4155 = DIRECTION('',(1.,0.,0.));
#4156 = PCURVE('',#1196,#4157);
#4157 = DEFINITIONAL_REPRESENTATION('',(#4158),#4162);
#4158 = LINE('',#4159,#4160);
#4159 = CARTESIAN_POINT('',(-0.,-16.));
#4160 = VECTOR('',#4161,1.);
#4161 = DIRECTION('',(-1.,0.));
#4162 = ( GEOMETRIC_REPRESENTATION_CONTEXT(2) 
PARAMETRIC_REPRESENTATION_CONTEXT() REPRESENTATION_CONTEXT('2D SPACE',''
  ) );
#4163 = PCURVE('',#4164,#4169);
#4164 = PLANE('',#4165);
#4165 = AXIS2_PLACEMENT_3D('',#4166,#4167,#4168);
#4166 = CARTESIAN_POINT('',(86.602540473055,-49.99999983612,30.));
#4167 = DIRECTION('',(0.,0.,1.));
#4168 = DIRECTION('',(1.,0.,-0.));
#4169 = DEFINITIONAL_REPRESENTATION('',(#4170),#4174);
#4170 = CIRCLE('',#4171,4.5);
#4171 = AXIS2_PLACEMENT_2D('',#4172,#4173);
#4172 = CARTESIAN_POINT('',(-1.42108547152E-14,0.));
#4173 = DIRECTION('',(1.,0.));
#4174 = ( GEOMETRIC_REPRESENTATION_CONTEXT(2) 
PARAMETRIC_REPRESENTATION_CONTEXT() REPRESENTATION_CONTEXT('2D SPACE',''
  ) );
#4175 = ORIENTED_EDGE('',*,*,#4176,.T.);
#4176 = EDGE_CURVE('',#4148,#4177,#4179,.T.);
#4177 = VERTEX_POINT('',#4178);
#4178 = CARTESIAN_POINT('',(84.352540480429,-53.89711415741,30.));
#4179 = SURFACE_CURVE('',#4180,(#4185,#4192),.PCURVE_S1.);
#4180 = CIRCLE('',#4181,4.5);
#4181 = AXIS2_PLACEMENT_3D('',#4182,#4183,#4184);
#4182 = CARTESIAN_POINT('',(86.602540473055,-49.99999983612,30.));
#4183 = DIRECTION('',(0.,0.,1.));
#4184 = DIRECTION('',(1.,0.,0.));
#4185 = PCURVE('',#1196,#4186);
#4186 = DEFINITIONAL_REPRESENTATION('',(#4187),#4191);
#4187 = LINE('',#4188,#4189);
#4188 = CARTESIAN_POINT('',(-0.,-16.));
#4189 = VECTOR('',#4190,1.);
#4190 = DIRECTION('',(-1.,0.));
#4191 = ( GEOMETRIC_REPRESENTATION_CONTEXT(2) 
PARAMETRIC_REPRESENTATION_CONTEXT() REPRESENTATION_CONTEXT('2D SPACE',''
  ) );
#4192 = PCURVE('',#3453,#4193);
#4193 = DEFINITIONAL_REPRESENTATION('',(#4194),#4198);
#4194 = CIRCLE('',#4195,4.5);
#4195 = AXIS2_PLACEMENT_2D('',#4196,#4197);
#4196 = CARTESIAN_POINT('',(86.602540473055,-49.99999983612));
#4197 = DIRECTION('',(1.,0.));
#4198 = ( GEOMETRIC_REPRESENTATION_CONTEXT(2) 
PARAMETRIC_REPRESENTATION_CONTEXT() REPRESENTATION_CONTEXT('2D SPACE',''
  ) );
#4199 = ORIENTED_EDGE('',*,*,#4200,.T.);
#4200 = EDGE_CURVE('',#4177,#4125,#4201,.T.);
#4201 = SURFACE_CURVE('',#4202,(#4207,#4214),.PCURVE_S1.);
#4202 = CIRCLE('',#4203,4.5);
#4203 = AXIS2_PLACEMENT_3D('',#4204,#4205,#4206);
#4204 = CARTESIAN_POINT('',(86.602540473055,-49.99999983612,30.));
#4205 = DIRECTION('',(0.,0.,1.));
#4206 = DIRECTION('',(1.,0.,0.));
#4207 = PCURVE('',#1196,#4208);
#4208 = DEFINITIONAL_REPRESENTATION('',(#4209),#4213);
#4209 = LINE('',#4210,#4211);
#4210 = CARTESIAN_POINT('',(-0.,-16.));
#4211 = VECTOR('',#4212,1.);
#4212 = DIRECTION('',(-1.,0.));
#4213 = ( GEOMETRIC_REPRESENTATION_CONTEXT(2) 
PARAMETRIC_REPRESENTATION_CONTEXT() REPRESENTATION_CONTEXT('2D SPACE',''
  ) );
#4214 = PCURVE('',#4164,#4215);
#4215 = DEFINITIONAL_REPRESENTATION('',(#4216),#4220);
#4216 = CIRCLE('',#4217,4.5);
#4217 = AXIS2_PLACEMENT_2D('',#4218,#4219);
#4218 = CARTESIAN_POINT('',(-1.42108547152E-14,0.));
#4219 = DIRECTION('',(1.,0.));
#4220 = ( GEOMETRIC_REPRESENTATION_CONTEXT(2) 
PARAMETRIC_REPRESENTATION_CONTEXT() REPRESENTATION_CONTEXT('2D SPACE',''
  ) );
#4221 = ORIENTED_EDGE('',*,*,#4124,.F.);
#4222 = ADVANCED_FACE('',(#4223),#1231,.F.);
#4223 = FACE_BOUND('',#4224,.T.);
#4224 = EDGE_LOOP('',(#4225,#4258,#4279,#4280));
#4225 = ORIENTED_EDGE('',*,*,#4226,.T.);
#4226 = EDGE_CURVE('',#4227,#4227,#4229,.T.);
#4227 = VERTEX_POINT('',#4228);
#4228 = CARTESIAN_POINT('',(93.,0.,6.));
#4229 = SURFACE_CURVE('',#4230,(#4235,#4242),.PCURVE_S1.);
#4230 = CIRCLE('',#4231,93.);
#4231 = AXIS2_PLACEMENT_3D('',#4232,#4233,#4234);
#4232 = CARTESIAN_POINT('',(0.,0.,6.));
#4233 = DIRECTION('',(0.,0.,-1.));
#4234 = DIRECTION('',(1.,0.,0.));
#4235 = PCURVE('',#1231,#4236);
#4236 = DEFINITIONAL_REPRESENTATION('',(#4237),#4241);
#4237 = LINE('',#4238,#4239);
#4238 = CARTESIAN_POINT('',(-6.28318530718,-1.E-01));
#4239 = VECTOR('',#4240,1.);
#4240 = DIRECTION('',(1.,-0.));
#4241 = ( GEOMETRIC_REPRESENTATION_CONTEXT(2) 
PARAMETRIC_REPRESENTATION_CONTEXT() REPRESENTATION_CONTEXT('2D SPACE',''
  ) );
#4242 = PCURVE('',#4243,#4248);
#4243 = PLANE('',#4244);
#4244 = AXIS2_PLACEMENT_3D('',#4245,#4246,#4247);
#4245 = CARTESIAN_POINT('',(-9.72401872028E-15,-4.40872847693E-15,6.));
#4246 = DIRECTION('',(0.,0.,1.));
#4247 = DIRECTION('',(1.,0.,-0.));
#4248 = DEFINITIONAL_REPRESENTATION('',(#4249),#4257);
#4249 = ( BOUNDED_CURVE() B_SPLINE_CURVE(2,(#4250,#4251,#4252,#4253,
#4254,#4255,#4256),.UNSPECIFIED.,.T.,.F.) B_SPLINE_CURVE_WITH_KNOTS((1,2
    ,2,2,2,1),(-2.094395102393,0.,2.094395102393,4.188790204786,
6.28318530718,8.377580409573),.UNSPECIFIED.) CURVE() 
GEOMETRIC_REPRESENTATION_ITEM() RATIONAL_B_SPLINE_CURVE((1.,0.5,1.,0.5,
1.,0.5,1.)) REPRESENTATION_ITEM('') );
#4250 = CARTESIAN_POINT('',(93.,4.40872847693E-15));
#4251 = CARTESIAN_POINT('',(93.,-161.0807251039));
#4252 = CARTESIAN_POINT('',(-46.5,-80.54036255195));
#4253 = CARTESIAN_POINT('',(-186.,-1.836970198721E-14));
#4254 = CARTESIAN_POINT('',(-46.5,80.540362551953));
#4255 = CARTESIAN_POINT('',(93.,161.0807251039));
#4256 = CARTESIAN_POINT('',(93.,4.40872847693E-15));
#4257 = ( GEOMETRIC_REPRESENTATION_CONTEXT(2) 
PARAMETRIC_REPRESENTATION_CONTEXT() REPRESENTATION_CONTEXT('2D SPACE',''
  ) );
#4258 = ORIENTED_EDGE('',*,*,#4259,.T.);
#4259 = EDGE_CURVE('',#4227,#1211,#4260,.T.);
#4260 = SEAM_CURVE('',#4261,(#4265,#4272),.PCURVE_S1.);
#4261 = LINE('',#4262,#4263);
#4262 = CARTESIAN_POINT('',(93.,0.,5.9));
#4263 = VECTOR('',#4264,1.);
#4264 = DIRECTION('',(0.,0.,1.));
#4265 = PCURVE('',#1231,#4266);
#4266 = DEFINITIONAL_REPRESENTATION('',(#4267),#4271);
#4267 = LINE('',#4268,#4269);
#4268 = CARTESIAN_POINT('',(-6.28318530718,0.));
#4269 = VECTOR('',#4270,1.);
#4270 = DIRECTION('',(-0.,-1.));
#4271 = ( GEOMETRIC_REPRESENTATION_CONTEXT(2) 
PARAMETRIC_REPRESENTATION_CONTEXT() REPRESENTATION_CONTEXT('2D SPACE',''
  ) );
#4272 = PCURVE('',#1231,#4273);
#4273 = DEFINITIONAL_REPRESENTATION('',(#4274),#4278);
#4274 = LINE('',#4275,#4276);
#4275 = CARTESIAN_POINT('',(-0.,0.));
#4276 = VECTOR('',#4277,1.);
#4277 = DIRECTION('',(-0.,-1.));
#4278 = ( GEOMETRIC_REPRESENTATION_CONTEXT(2) 
PARAMETRIC_REPRESENTATION_CONTEXT() REPRESENTATION_CONTEXT('2D SPACE',''
  ) );
#4279 = ORIENTED_EDGE('',*,*,#1210,.F.);
#4280 = ORIENTED_EDGE('',*,*,#4259,.F.);
#4281 = ADVANCED_FACE('',(#4282),#1262,.T.);
#4282 = FACE_BOUND('',#4283,.T.);
#4283 = EDGE_LOOP('',(#4284,#4307,#4335,#4356));
#4284 = ORIENTED_EDGE('',*,*,#4285,.F.);
#4285 = EDGE_CURVE('',#4286,#1246,#4288,.T.);
#4286 = VERTEX_POINT('',#4287);
#4287 = CARTESIAN_POINT('',(-71.02887617018,81.211213819275,10.));
#4288 = SURFACE_CURVE('',#4289,(#4293,#4300),.PCURVE_S1.);
#4289 = LINE('',#4290,#4291);
#4290 = CARTESIAN_POINT('',(-71.02887617018,81.211213819275,10.));
#4291 = VECTOR('',#4292,1.);
#4292 = DIRECTION('',(0.,0.,1.));
#4293 = PCURVE('',#1262,#4294);
#4294 = DEFINITIONAL_REPRESENTATION('',(#4295),#4299);
#4295 = LINE('',#4296,#4297);
#4296 = CARTESIAN_POINT('',(0.,1.3));
#4297 = VECTOR('',#4298,1.);
#4298 = DIRECTION('',(1.,0.));
#4299 = ( GEOMETRIC_REPRESENTATION_CONTEXT(2) 
PARAMETRIC_REPRESENTATION_CONTEXT() REPRESENTATION_CONTEXT('2D SPACE',''
  ) );
#4300 = PCURVE('',#1338,#4301);
#4301 = DEFINITIONAL_REPRESENTATION('',(#4302),#4306);
#4302 = LINE('',#4303,#4304);
#4303 = CARTESIAN_POINT('',(0.,0.));
#4304 = VECTOR('',#4305,1.);
#4305 = DIRECTION('',(1.,0.));
#4306 = ( GEOMETRIC_REPRESENTATION_CONTEXT(2) 
PARAMETRIC_REPRESENTATION_CONTEXT() REPRESENTATION_CONTEXT('2D SPACE',''
  ) );
#4307 = ORIENTED_EDGE('',*,*,#4308,.F.);
#4308 = EDGE_CURVE('',#4309,#4286,#4311,.T.);
#4309 = VERTEX_POINT('',#4310);
#4310 = CARTESIAN_POINT('',(-70.10963735464,80.291975003732,10.));
#4311 = SURFACE_CURVE('',#4312,(#4316,#4323),.PCURVE_S1.);
#4312 = LINE('',#4313,#4314);
#4313 = CARTESIAN_POINT('',(-70.10963735464,80.291975003732,10.));
#4314 = VECTOR('',#4315,1.);
#4315 = DIRECTION('',(-0.707106781187,0.707106781187,0.));
#4316 = PCURVE('',#1262,#4317);
#4317 = DEFINITIONAL_REPRESENTATION('',(#4318),#4322);
#4318 = LINE('',#4319,#4320);
#4319 = CARTESIAN_POINT('',(0.,0.));
#4320 = VECTOR('',#4321,1.);
#4321 = DIRECTION('',(0.,1.));
#4322 = ( GEOMETRIC_REPRESENTATION_CONTEXT(2) 
PARAMETRIC_REPRESENTATION_CONTEXT() REPRESENTATION_CONTEXT('2D SPACE',''
  ) );
#4323 = PCURVE('',#4324,#4329);
#4324 = PLANE('',#4325);
#4325 = AXIS2_PLACEMENT_3D('',#4326,#4327,#4328);
#4326 = CARTESIAN_POINT('',(-70.10963735464,80.291975003732,10.));
#4327 = DIRECTION('',(0.,0.,1.));
#4328 = DIRECTION('',(-0.707106781187,0.707106781187,0.));
#4329 = DEFINITIONAL_REPRESENTATION('',(#4330),#4334);
#4330 = LINE('',#4331,#4332);
#4331 = CARTESIAN_POINT('',(0.,0.));
#4332 = VECTOR('',#4333,1.);
#4333 = DIRECTION('',(1.,0.));
#4334 = ( GEOMETRIC_REPRESENTATION_CONTEXT(2) 
PARAMETRIC_REPRESENTATION_CONTEXT() REPRESENTATION_CONTEXT('2D SPACE',''
  ) );
#4335 = ORIENTED_EDGE('',*,*,#4336,.T.);
#4336 = EDGE_CURVE('',#4309,#1248,#4337,.T.);
#4337 = SURFACE_CURVE('',#4338,(#4342,#4349),.PCURVE_S1.);
#4338 = LINE('',#4339,#4340);
#4339 = CARTESIAN_POINT('',(-70.10963735464,80.291975003732,10.));
#4340 = VECTOR('',#4341,1.);
#4341 = DIRECTION('',(0.,0.,1.));
#4342 = PCURVE('',#1262,#4343);
#4343 = DEFINITIONAL_REPRESENTATION('',(#4344),#4348);
#4344 = LINE('',#4345,#4346);
#4345 = CARTESIAN_POINT('',(0.,0.));
#4346 = VECTOR('',#4347,1.);
#4347 = DIRECTION('',(1.,0.));
#4348 = ( GEOMETRIC_REPRESENTATION_CONTEXT(2) 
PARAMETRIC_REPRESENTATION_CONTEXT() REPRESENTATION_CONTEXT('2D SPACE',''
  ) );
#4349 = PCURVE('',#1288,#4350);
#4350 = DEFINITIONAL_REPRESENTATION('',(#4351),#4355);
#4351 = LINE('',#4352,#4353);
#4352 = CARTESIAN_POINT('',(0.,0.));
#4353 = VECTOR('',#4354,1.);
#4354 = DIRECTION('',(1.,0.));
#4355 = ( GEOMETRIC_REPRESENTATION_CONTEXT(2) 
PARAMETRIC_REPRESENTATION_CONTEXT() REPRESENTATION_CONTEXT('2D SPACE',''
  ) );
#4356 = ORIENTED_EDGE('',*,*,#1245,.F.);
#4357 = ADVANCED_FACE('',(#4358),#1338,.F.);
#4358 = FACE_BOUND('',#4359,.F.);
#4359 = EDGE_LOOP('',(#4360,#4361,#4384,#4405));
#4360 = ORIENTED_EDGE('',*,*,#4285,.F.);
#4361 = ORIENTED_EDGE('',*,*,#4362,.T.);
#4362 = EDGE_CURVE('',#4286,#4363,#4365,.T.);
#4363 = VERTEX_POINT('',#4364);
#4364 = CARTESIAN_POINT('',(-81.21121381927,71.028876170189,10.));
#4365 = SURFACE_CURVE('',#4366,(#4370,#4377),.PCURVE_S1.);
#4366 = LINE('',#4367,#4368);
#4367 = CARTESIAN_POINT('',(-71.02887617018,81.211213819275,10.));
#4368 = VECTOR('',#4369,1.);
#4369 = DIRECTION('',(-0.707106781187,-0.707106781187,0.));
#4370 = PCURVE('',#1338,#4371);
#4371 = DEFINITIONAL_REPRESENTATION('',(#4372),#4376);
#4372 = LINE('',#4373,#4374);
#4373 = CARTESIAN_POINT('',(0.,0.));
#4374 = VECTOR('',#4375,1.);
#4375 = DIRECTION('',(0.,-1.));
#4376 = ( GEOMETRIC_REPRESENTATION_CONTEXT(2) 
PARAMETRIC_REPRESENTATION_CONTEXT() REPRESENTATION_CONTEXT('2D SPACE',''
  ) );
#4377 = PCURVE('',#4324,#4378);
#4378 = DEFINITIONAL_REPRESENTATION('',(#4379),#4383);
#4379 = LINE('',#4380,#4381);
#4380 = CARTESIAN_POINT('',(1.3,1.110223024625E-16));
#4381 = VECTOR('',#4382,1.);
#4382 = DIRECTION('',(0.,1.));
#4383 = ( GEOMETRIC_REPRESENTATION_CONTEXT(2) 
PARAMETRIC_REPRESENTATION_CONTEXT() REPRESENTATION_CONTEXT('2D SPACE',''
  ) );
#4384 = ORIENTED_EDGE('',*,*,#4385,.T.);
#4385 = EDGE_CURVE('',#4363,#1300,#4386,.T.);
#4386 = SURFACE_CURVE('',#4387,(#4391,#4398),.PCURVE_S1.);
#4387 = LINE('',#4388,#4389);
#4388 = CARTESIAN_POINT('',(-81.21121381927,71.028876170189,10.));
#4389 = VECTOR('',#4390,1.);
#4390 = DIRECTION('',(0.,0.,1.));
#4391 = PCURVE('',#1338,#4392);
#4392 = DEFINITIONAL_REPRESENTATION('',(#4393),#4397);
#4393 = LINE('',#4394,#4395);
#4394 = CARTESIAN_POINT('',(0.,-14.4));
#4395 = VECTOR('',#4396,1.);
#4396 = DIRECTION('',(1.,0.));
#4397 = ( GEOMETRIC_REPRESENTATION_CONTEXT(2) 
PARAMETRIC_REPRESENTATION_CONTEXT() REPRESENTATION_CONTEXT('2D SPACE',''
  ) );
#4398 = PCURVE('',#1314,#4399);
#4399 = DEFINITIONAL_REPRESENTATION('',(#4400),#4404);
#4400 = LINE('',#4401,#4402);
#4401 = CARTESIAN_POINT('',(0.,1.3));
#4402 = VECTOR('',#4403,1.);
#4403 = DIRECTION('',(1.,0.));
#4404 = ( GEOMETRIC_REPRESENTATION_CONTEXT(2) 
PARAMETRIC_REPRESENTATION_CONTEXT() REPRESENTATION_CONTEXT('2D SPACE',''
  ) );
#4405 = ORIENTED_EDGE('',*,*,#1325,.F.);
#4406 = ADVANCED_FACE('',(#4407),#1288,.T.);
#4407 = FACE_BOUND('',#4408,.T.);
#4408 = EDGE_LOOP('',(#4409,#4410,#4433,#4454));
#4409 = ORIENTED_EDGE('',*,*,#4336,.F.);
#4410 = ORIENTED_EDGE('',*,*,#4411,.T.);
#4411 = EDGE_CURVE('',#4309,#4412,#4414,.T.);
#4412 = VERTEX_POINT('',#4413);
#4413 = CARTESIAN_POINT('',(-80.29197500373,70.109637354646,10.));
#4414 = SURFACE_CURVE('',#4415,(#4419,#4426),.PCURVE_S1.);
#4415 = LINE('',#4416,#4417);
#4416 = CARTESIAN_POINT('',(-70.10963735464,80.291975003732,10.));
#4417 = VECTOR('',#4418,1.);
#4418 = DIRECTION('',(-0.707106781187,-0.707106781187,0.));
#4419 = PCURVE('',#1288,#4420);
#4420 = DEFINITIONAL_REPRESENTATION('',(#4421),#4425);
#4421 = LINE('',#4422,#4423);
#4422 = CARTESIAN_POINT('',(0.,0.));
#4423 = VECTOR('',#4424,1.);
#4424 = DIRECTION('',(0.,-1.));
#4425 = ( GEOMETRIC_REPRESENTATION_CONTEXT(2) 
PARAMETRIC_REPRESENTATION_CONTEXT() REPRESENTATION_CONTEXT('2D SPACE',''
  ) );
#4426 = PCURVE('',#4324,#4427);
#4427 = DEFINITIONAL_REPRESENTATION('',(#4428),#4432);
#4428 = LINE('',#4429,#4430);
#4429 = CARTESIAN_POINT('',(0.,0.));
#4430 = VECTOR('',#4431,1.);
#4431 = DIRECTION('',(0.,1.));
#4432 = ( GEOMETRIC_REPRESENTATION_CONTEXT(2) 
PARAMETRIC_REPRESENTATION_CONTEXT() REPRESENTATION_CONTEXT('2D SPACE',''
  ) );
#4433 = ORIENTED_EDGE('',*,*,#4434,.T.);
#4434 = EDGE_CURVE('',#4412,#1274,#4435,.T.);
#4435 = SURFACE_CURVE('',#4436,(#4440,#4447),.PCURVE_S1.);
#4436 = LINE('',#4437,#4438);
#4437 = CARTESIAN_POINT('',(-80.29197500373,70.109637354646,10.));
#4438 = VECTOR('',#4439,1.);
#4439 = DIRECTION('',(0.,0.,1.));
#4440 = PCURVE('',#1288,#4441);
#4441 = DEFINITIONAL_REPRESENTATION('',(#4442),#4446);
#4442 = LINE('',#4443,#4444);
#4443 = CARTESIAN_POINT('',(0.,-14.4));
#4444 = VECTOR('',#4445,1.);
#4445 = DIRECTION('',(1.,0.));
#4446 = ( GEOMETRIC_REPRESENTATION_CONTEXT(2) 
PARAMETRIC_REPRESENTATION_CONTEXT() REPRESENTATION_CONTEXT('2D SPACE',''
  ) );
#4447 = PCURVE('',#1314,#4448);
#4448 = DEFINITIONAL_REPRESENTATION('',(#4449),#4453);
#4449 = LINE('',#4450,#4451);
#4450 = CARTESIAN_POINT('',(0.,0.));
#4451 = VECTOR('',#4452,1.);
#4452 = DIRECTION('',(1.,0.));
#4453 = ( GEOMETRIC_REPRESENTATION_CONTEXT(2) 
PARAMETRIC_REPRESENTATION_CONTEXT() REPRESENTATION_CONTEXT('2D SPACE',''
  ) );
#4454 = ORIENTED_EDGE('',*,*,#1273,.F.);
#4455 = ADVANCED_FACE('',(#4456),#1314,.F.);
#4456 = FACE_BOUND('',#4457,.F.);
#4457 = EDGE_LOOP('',(#4458,#4459,#4480,#4481));
#4458 = ORIENTED_EDGE('',*,*,#4385,.F.);
#4459 = ORIENTED_EDGE('',*,*,#4460,.F.);
#4460 = EDGE_CURVE('',#4412,#4363,#4461,.T.);
#4461 = SURFACE_CURVE('',#4462,(#4466,#4473),.PCURVE_S1.);
#4462 = LINE('',#4463,#4464);
#4463 = CARTESIAN_POINT('',(-80.29197500373,70.109637354646,10.));
#4464 = VECTOR('',#4465,1.);
#4465 = DIRECTION('',(-0.707106781187,0.707106781187,0.));
#4466 = PCURVE('',#1314,#4467);
#4467 = DEFINITIONAL_REPRESENTATION('',(#4468),#4472);
#4468 = LINE('',#4469,#4470);
#4469 = CARTESIAN_POINT('',(0.,0.));
#4470 = VECTOR('',#4471,1.);
#4471 = DIRECTION('',(0.,1.));
#4472 = ( GEOMETRIC_REPRESENTATION_CONTEXT(2) 
PARAMETRIC_REPRESENTATION_CONTEXT() REPRESENTATION_CONTEXT('2D SPACE',''
  ) );
#4473 = PCURVE('',#4324,#4474);
#4474 = DEFINITIONAL_REPRESENTATION('',(#4475),#4479);
#4475 = LINE('',#4476,#4477);
#4476 = CARTESIAN_POINT('',(-8.881784197001E-16,14.4));
#4477 = VECTOR('',#4478,1.);
#4478 = DIRECTION('',(1.,0.));
#4479 = ( GEOMETRIC_REPRESENTATION_CONTEXT(2) 
PARAMETRIC_REPRESENTATION_CONTEXT() REPRESENTATION_CONTEXT('2D SPACE',''
  ) );
#4480 = ORIENTED_EDGE('',*,*,#4434,.T.);
#4481 = ORIENTED_EDGE('',*,*,#1299,.F.);
#4482 = ADVANCED_FACE('',(#4483),#1368,.T.);
#4483 = FACE_BOUND('',#4484,.T.);
#4484 = EDGE_LOOP('',(#4485,#4508,#4536,#4557));
#4485 = ORIENTED_EDGE('',*,*,#4486,.F.);
#4486 = EDGE_CURVE('',#4487,#1352,#4489,.T.);
#4487 = VERTEX_POINT('',#4488);
#4488 = CARTESIAN_POINT('',(-62.96785886466,73.150196513748,10.));
#4489 = SURFACE_CURVE('',#4490,(#4494,#4501),.PCURVE_S1.);
#4490 = LINE('',#4491,#4492);
#4491 = CARTESIAN_POINT('',(-62.96785886466,73.150196513748,10.));
#4492 = VECTOR('',#4493,1.);
#4493 = DIRECTION('',(0.,0.,1.));
#4494 = PCURVE('',#1368,#4495);
#4495 = DEFINITIONAL_REPRESENTATION('',(#4496),#4500);
#4496 = LINE('',#4497,#4498);
#4497 = CARTESIAN_POINT('',(0.,1.3));
#4498 = VECTOR('',#4499,1.);
#4499 = DIRECTION('',(1.,0.));
#4500 = ( GEOMETRIC_REPRESENTATION_CONTEXT(2) 
PARAMETRIC_REPRESENTATION_CONTEXT() REPRESENTATION_CONTEXT('2D SPACE',''
  ) );
#4501 = PCURVE('',#1444,#4502);
#4502 = DEFINITIONAL_REPRESENTATION('',(#4503),#4507);
#4503 = LINE('',#4504,#4505);
#4504 = CARTESIAN_POINT('',(0.,0.));
#4505 = VECTOR('',#4506,1.);
#4506 = DIRECTION('',(1.,0.));
#4507 = ( GEOMETRIC_REPRESENTATION_CONTEXT(2) 
PARAMETRIC_REPRESENTATION_CONTEXT() REPRESENTATION_CONTEXT('2D SPACE',''
  ) );
#4508 = ORIENTED_EDGE('',*,*,#4509,.F.);
#4509 = EDGE_CURVE('',#4510,#4487,#4512,.T.);
#4510 = VERTEX_POINT('',#4511);
#4511 = CARTESIAN_POINT('',(-62.04862004912,72.230957698206,10.));
#4512 = SURFACE_CURVE('',#4513,(#4517,#4524),.PCURVE_S1.);
#4513 = LINE('',#4514,#4515);
#4514 = CARTESIAN_POINT('',(-62.04862004912,72.230957698206,10.));
#4515 = VECTOR('',#4516,1.);
#4516 = DIRECTION('',(-0.707106781187,0.707106781187,0.));
#4517 = PCURVE('',#1368,#4518);
#4518 = DEFINITIONAL_REPRESENTATION('',(#4519),#4523);
#4519 = LINE('',#4520,#4521);
#4520 = CARTESIAN_POINT('',(0.,0.));
#4521 = VECTOR('',#4522,1.);
#4522 = DIRECTION('',(0.,1.));
#4523 = ( GEOMETRIC_REPRESENTATION_CONTEXT(2) 
PARAMETRIC_REPRESENTATION_CONTEXT() REPRESENTATION_CONTEXT('2D SPACE',''
  ) );
#4524 = PCURVE('',#4525,#4530);
#4525 = PLANE('',#4526);
#4526 = AXIS2_PLACEMENT_3D('',#4527,#4528,#4529);
#4527 = CARTESIAN_POINT('',(-62.04862004912,72.230957698206,10.));
#4528 = DIRECTION('',(0.,0.,1.));
#4529 = DIRECTION('',(-0.707106781187,0.707106781187,0.));
#4530 = DEFINITIONAL_REPRESENTATION('',(#4531),#4535);
#4531 = LINE('',#4532,#4533);
#4532 = CARTESIAN_POINT('',(0.,0.));
#4533 = VECTOR('',#4534,1.);
#4534 = DIRECTION('',(1.,0.));
#4535 = ( GEOMETRIC_REPRESENTATION_CONTEXT(2) 
PARAMETRIC_REPRESENTATION_CONTEXT() REPRESENTATION_CONTEXT('2D SPACE',''
  ) );
#4536 = ORIENTED_EDGE('',*,*,#4537,.T.);
#4537 = EDGE_CURVE('',#4510,#1354,#4538,.T.);
#4538 = SURFACE_CURVE('',#4539,(#4543,#4550),.PCURVE_S1.);
#4539 = LINE('',#4540,#4541);
#4540 = CARTESIAN_POINT('',(-62.04862004912,72.230957698206,10.));
#4541 = VECTOR('',#4542,1.);
#4542 = DIRECTION('',(0.,0.,1.));
#4543 = PCURVE('',#1368,#4544);
#4544 = DEFINITIONAL_REPRESENTATION('',(#4545),#4549);
#4545 = LINE('',#4546,#4547);
#4546 = CARTESIAN_POINT('',(0.,0.));
#4547 = VECTOR('',#4548,1.);
#4548 = DIRECTION('',(1.,0.));
#4549 = ( GEOMETRIC_REPRESENTATION_CONTEXT(2) 
PARAMETRIC_REPRESENTATION_CONTEXT() REPRESENTATION_CONTEXT('2D SPACE',''
  ) );
#4550 = PCURVE('',#1394,#4551);
#4551 = DEFINITIONAL_REPRESENTATION('',(#4552),#4556);
#4552 = LINE('',#4553,#4554);
#4553 = CARTESIAN_POINT('',(0.,0.));
#4554 = VECTOR('',#4555,1.);
#4555 = DIRECTION('',(1.,0.));
#4556 = ( GEOMETRIC_REPRESENTATION_CONTEXT(2) 
PARAMETRIC_REPRESENTATION_CONTEXT() REPRESENTATION_CONTEXT('2D SPACE',''
  ) );
#4557 = ORIENTED_EDGE('',*,*,#1351,.F.);
#4558 = ADVANCED_FACE('',(#4559),#1444,.F.);
#4559 = FACE_BOUND('',#4560,.F.);
#4560 = EDGE_LOOP('',(#4561,#4562,#4585,#4606));
#4561 = ORIENTED_EDGE('',*,*,#4486,.F.);
#4562 = ORIENTED_EDGE('',*,*,#4563,.T.);
#4563 = EDGE_CURVE('',#4487,#4564,#4566,.T.);
#4564 = VERTEX_POINT('',#4565);
#4565 = CARTESIAN_POINT('',(-73.15019651374,62.967858864662,10.));
#4566 = SURFACE_CURVE('',#4567,(#4571,#4578),.PCURVE_S1.);
#4567 = LINE('',#4568,#4569);
#4568 = CARTESIAN_POINT('',(-62.96785886466,73.150196513748,10.));
#4569 = VECTOR('',#4570,1.);
#4570 = DIRECTION('',(-0.707106781187,-0.707106781187,0.));
#4571 = PCURVE('',#1444,#4572);
#4572 = DEFINITIONAL_REPRESENTATION('',(#4573),#4577);
#4573 = LINE('',#4574,#4575);
#4574 = CARTESIAN_POINT('',(0.,0.));
#4575 = VECTOR('',#4576,1.);
#4576 = DIRECTION('',(0.,-1.));
#4577 = ( GEOMETRIC_REPRESENTATION_CONTEXT(2) 
PARAMETRIC_REPRESENTATION_CONTEXT() REPRESENTATION_CONTEXT('2D SPACE',''
  ) );
#4578 = PCURVE('',#4525,#4579);
#4579 = DEFINITIONAL_REPRESENTATION('',(#4580),#4584);
#4580 = LINE('',#4581,#4582);
#4581 = CARTESIAN_POINT('',(1.3,1.110223024625E-16));
#4582 = VECTOR('',#4583,1.);
#4583 = DIRECTION('',(0.,1.));
#4584 = ( GEOMETRIC_REPRESENTATION_CONTEXT(2) 
PARAMETRIC_REPRESENTATION_CONTEXT() REPRESENTATION_CONTEXT('2D SPACE',''
  ) );
#4585 = ORIENTED_EDGE('',*,*,#4586,.T.);
#4586 = EDGE_CURVE('',#4564,#1406,#4587,.T.);
#4587 = SURFACE_CURVE('',#4588,(#4592,#4599),.PCURVE_S1.);
#4588 = LINE('',#4589,#4590);
#4589 = CARTESIAN_POINT('',(-73.15019651374,62.967858864662,10.));
#4590 = VECTOR('',#4591,1.);
#4591 = DIRECTION('',(0.,0.,1.));
#4592 = PCURVE('',#1444,#4593);
#4593 = DEFINITIONAL_REPRESENTATION('',(#4594),#4598);
#4594 = LINE('',#4595,#4596);
#4595 = CARTESIAN_POINT('',(0.,-14.4));
#4596 = VECTOR('',#4597,1.);
#4597 = DIRECTION('',(1.,0.));
#4598 = ( GEOMETRIC_REPRESENTATION_CONTEXT(2) 
PARAMETRIC_REPRESENTATION_CONTEXT() REPRESENTATION_CONTEXT('2D SPACE',''
  ) );
#4599 = PCURVE('',#1420,#4600);
#4600 = DEFINITIONAL_REPRESENTATION('',(#4601),#4605);
#4601 = LINE('',#4602,#4603);
#4602 = CARTESIAN_POINT('',(0.,1.3));
#4603 = VECTOR('',#4604,1.);
#4604 = DIRECTION('',(1.,0.));
#4605 = ( GEOMETRIC_REPRESENTATION_CONTEXT(2) 
PARAMETRIC_REPRESENTATION_CONTEXT() REPRESENTATION_CONTEXT('2D SPACE',''
  ) );
#4606 = ORIENTED_EDGE('',*,*,#1431,.F.);
#4607 = ADVANCED_FACE('',(#4608),#1394,.T.);
#4608 = FACE_BOUND('',#4609,.T.);
#4609 = EDGE_LOOP('',(#4610,#4611,#4634,#4655));
#4610 = ORIENTED_EDGE('',*,*,#4537,.F.);
#4611 = ORIENTED_EDGE('',*,*,#4612,.T.);
#4612 = EDGE_CURVE('',#4510,#4613,#4615,.T.);
#4613 = VERTEX_POINT('',#4614);
#4614 = CARTESIAN_POINT('',(-72.2309576982,62.04862004912,10.));
#4615 = SURFACE_CURVE('',#4616,(#4620,#4627),.PCURVE_S1.);
#4616 = LINE('',#4617,#4618);
#4617 = CARTESIAN_POINT('',(-62.04862004912,72.230957698206,10.));
#4618 = VECTOR('',#4619,1.);
#4619 = DIRECTION('',(-0.707106781187,-0.707106781187,0.));
#4620 = PCURVE('',#1394,#4621);
#4621 = DEFINITIONAL_REPRESENTATION('',(#4622),#4626);
#4622 = LINE('',#4623,#4624);
#4623 = CARTESIAN_POINT('',(0.,0.));
#4624 = VECTOR('',#4625,1.);
#4625 = DIRECTION('',(0.,-1.));
#4626 = ( GEOMETRIC_REPRESENTATION_CONTEXT(2) 
PARAMETRIC_REPRESENTATION_CONTEXT() REPRESENTATION_CONTEXT('2D SPACE',''
  ) );
#4627 = PCURVE('',#4525,#4628);
#4628 = DEFINITIONAL_REPRESENTATION('',(#4629),#4633);
#4629 = LINE('',#4630,#4631);
#4630 = CARTESIAN_POINT('',(0.,0.));
#4631 = VECTOR('',#4632,1.);
#4632 = DIRECTION('',(0.,1.));
#4633 = ( GEOMETRIC_REPRESENTATION_CONTEXT(2) 
PARAMETRIC_REPRESENTATION_CONTEXT() REPRESENTATION_CONTEXT('2D SPACE',''
  ) );
#4634 = ORIENTED_EDGE('',*,*,#4635,.T.);
#4635 = EDGE_CURVE('',#4613,#1380,#4636,.T.);
#4636 = SURFACE_CURVE('',#4637,(#4641,#4648),.PCURVE_S1.);
#4637 = LINE('',#4638,#4639);
#4638 = CARTESIAN_POINT('',(-72.2309576982,62.04862004912,10.));
#4639 = VECTOR('',#4640,1.);
#4640 = DIRECTION('',(0.,0.,1.));
#4641 = PCURVE('',#1394,#4642);
#4642 = DEFINITIONAL_REPRESENTATION('',(#4643),#4647);
#4643 = LINE('',#4644,#4645);
#4644 = CARTESIAN_POINT('',(0.,-14.4));
#4645 = VECTOR('',#4646,1.);
#4646 = DIRECTION('',(1.,0.));
#4647 = ( GEOMETRIC_REPRESENTATION_CONTEXT(2) 
PARAMETRIC_REPRESENTATION_CONTEXT() REPRESENTATION_CONTEXT('2D SPACE',''
  ) );
#4648 = PCURVE('',#1420,#4649);
#4649 = DEFINITIONAL_REPRESENTATION('',(#4650),#4654);
#4650 = LINE('',#4651,#4652);
#4651 = CARTESIAN_POINT('',(0.,0.));
#4652 = VECTOR('',#4653,1.);
#4653 = DIRECTION('',(1.,0.));
#4654 = ( GEOMETRIC_REPRESENTATION_CONTEXT(2) 
PARAMETRIC_REPRESENTATION_CONTEXT() REPRESENTATION_CONTEXT('2D SPACE',''
  ) );
#4655 = ORIENTED_EDGE('',*,*,#1379,.F.);
#4656 = ADVANCED_FACE('',(#4657),#1420,.F.);
#4657 = FACE_BOUND('',#4658,.F.);
#4658 = EDGE_LOOP('',(#4659,#4660,#4681,#4682));
#4659 = ORIENTED_EDGE('',*,*,#4586,.F.);
#4660 = ORIENTED_EDGE('',*,*,#4661,.F.);
#4661 = EDGE_CURVE('',#4613,#4564,#4662,.T.);
#4662 = SURFACE_CURVE('',#4663,(#4667,#4674),.PCURVE_S1.);
#4663 = LINE('',#4664,#4665);
#4664 = CARTESIAN_POINT('',(-72.2309576982,62.04862004912,10.));
#4665 = VECTOR('',#4666,1.);
#4666 = DIRECTION('',(-0.707106781187,0.707106781187,0.));
#4667 = PCURVE('',#1420,#4668);
#4668 = DEFINITIONAL_REPRESENTATION('',(#4669),#4673);
#4669 = LINE('',#4670,#4671);
#4670 = CARTESIAN_POINT('',(0.,0.));
#4671 = VECTOR('',#4672,1.);
#4672 = DIRECTION('',(0.,1.));
#4673 = ( GEOMETRIC_REPRESENTATION_CONTEXT(2) 
PARAMETRIC_REPRESENTATION_CONTEXT() REPRESENTATION_CONTEXT('2D SPACE',''
  ) );
#4674 = PCURVE('',#4525,#4675);
#4675 = DEFINITIONAL_REPRESENTATION('',(#4676),#4680);
#4676 = LINE('',#4677,#4678);
#4677 = CARTESIAN_POINT('',(4.440892098501E-15,14.4));
#4678 = VECTOR('',#4679,1.);
#4679 = DIRECTION('',(1.,0.));
#4680 = ( GEOMETRIC_REPRESENTATION_CONTEXT(2) 
PARAMETRIC_REPRESENTATION_CONTEXT() REPRESENTATION_CONTEXT('2D SPACE',''
  ) );
#4681 = ORIENTED_EDGE('',*,*,#4635,.T.);
#4682 = ORIENTED_EDGE('',*,*,#1405,.F.);
#4683 = ADVANCED_FACE('',(#4684),#1474,.T.);
#4684 = FACE_BOUND('',#4685,.F.);
#4685 = EDGE_LOOP('',(#4686,#4687,#4710,#4739,#4761));
#4686 = ORIENTED_EDGE('',*,*,#1457,.F.);
#4687 = ORIENTED_EDGE('',*,*,#4688,.T.);
#4688 = EDGE_CURVE('',#1458,#4689,#4691,.T.);
#4689 = VERTEX_POINT('',#4690);
#4690 = CARTESIAN_POINT('',(4.5,100.,30.));
#4691 = SEAM_CURVE('',#4692,(#4696,#4703),.PCURVE_S1.);
#4692 = LINE('',#4693,#4694);
#4693 = CARTESIAN_POINT('',(4.5,100.,14.));
#4694 = VECTOR('',#4695,1.);
#4695 = DIRECTION('',(0.,0.,1.));
#4696 = PCURVE('',#1474,#4697);
#4697 = DEFINITIONAL_REPRESENTATION('',(#4698),#4702);
#4698 = LINE('',#4699,#4700);
#4699 = CARTESIAN_POINT('',(-6.28318530718,0.));
#4700 = VECTOR('',#4701,1.);
#4701 = DIRECTION('',(-0.,-1.));
#4702 = ( GEOMETRIC_REPRESENTATION_CONTEXT(2) 
PARAMETRIC_REPRESENTATION_CONTEXT() REPRESENTATION_CONTEXT('2D SPACE',''
  ) );
#4703 = PCURVE('',#1474,#4704);
#4704 = DEFINITIONAL_REPRESENTATION('',(#4705),#4709);
#4705 = LINE('',#4706,#4707);
#4706 = CARTESIAN_POINT('',(-0.,0.));
#4707 = VECTOR('',#4708,1.);
#4708 = DIRECTION('',(-0.,-1.));
#4709 = ( GEOMETRIC_REPRESENTATION_CONTEXT(2) 
PARAMETRIC_REPRESENTATION_CONTEXT() REPRESENTATION_CONTEXT('2D SPACE',''
  ) );
#4710 = ORIENTED_EDGE('',*,*,#4711,.T.);
#4711 = EDGE_CURVE('',#4689,#4712,#4714,.T.);
#4712 = VERTEX_POINT('',#4713);
#4713 = CARTESIAN_POINT('',(-4.5,100.,30.));
#4714 = SURFACE_CURVE('',#4715,(#4720,#4727),.PCURVE_S1.);
#4715 = CIRCLE('',#4716,4.5);
#4716 = AXIS2_PLACEMENT_3D('',#4717,#4718,#4719);
#4717 = CARTESIAN_POINT('',(0.,100.,30.));
#4718 = DIRECTION('',(0.,0.,1.));
#4719 = DIRECTION('',(1.,0.,0.));
#4720 = PCURVE('',#1474,#4721);
#4721 = DEFINITIONAL_REPRESENTATION('',(#4722),#4726);
#4722 = LINE('',#4723,#4724);
#4723 = CARTESIAN_POINT('',(-0.,-16.));
#4724 = VECTOR('',#4725,1.);
#4725 = DIRECTION('',(-1.,0.));
#4726 = ( GEOMETRIC_REPRESENTATION_CONTEXT(2) 
PARAMETRIC_REPRESENTATION_CONTEXT() REPRESENTATION_CONTEXT('2D SPACE',''
  ) );
#4727 = PCURVE('',#4728,#4733);
#4728 = PLANE('',#4729);
#4729 = AXIS2_PLACEMENT_3D('',#4730,#4731,#4732);
#4730 = CARTESIAN_POINT('',(-3.038755850088E-16,100.,30.));
#4731 = DIRECTION('',(0.,0.,1.));
#4732 = DIRECTION('',(1.,0.,-0.));
#4733 = DEFINITIONAL_REPRESENTATION('',(#4734),#4738);
#4734 = CIRCLE('',#4735,4.5);
#4735 = AXIS2_PLACEMENT_2D('',#4736,#4737);
#4736 = CARTESIAN_POINT('',(3.038755850088E-16,1.42108547152E-14));
#4737 = DIRECTION('',(1.,0.));
#4738 = ( GEOMETRIC_REPRESENTATION_CONTEXT(2) 
PARAMETRIC_REPRESENTATION_CONTEXT() REPRESENTATION_CONTEXT('2D SPACE',''
  ) );
#4739 = ORIENTED_EDGE('',*,*,#4740,.T.);
#4740 = EDGE_CURVE('',#4712,#4689,#4741,.T.);
#4741 = SURFACE_CURVE('',#4742,(#4747,#4754),.PCURVE_S1.);
#4742 = CIRCLE('',#4743,4.5);
#4743 = AXIS2_PLACEMENT_3D('',#4744,#4745,#4746);
#4744 = CARTESIAN_POINT('',(0.,100.,30.));
#4745 = DIRECTION('',(0.,0.,1.));
#4746 = DIRECTION('',(1.,0.,0.));
#4747 = PCURVE('',#1474,#4748);
#4748 = DEFINITIONAL_REPRESENTATION('',(#4749),#4753);
#4749 = LINE('',#4750,#4751);
#4750 = CARTESIAN_POINT('',(-0.,-16.));
#4751 = VECTOR('',#4752,1.);
#4752 = DIRECTION('',(-1.,0.));
#4753 = ( GEOMETRIC_REPRESENTATION_CONTEXT(2) 
PARAMETRIC_REPRESENTATION_CONTEXT() REPRESENTATION_CONTEXT('2D SPACE',''
  ) );
#4754 = PCURVE('',#3453,#4755);
#4755 = DEFINITIONAL_REPRESENTATION('',(#4756),#4760);
#4756 = CIRCLE('',#4757,4.5);
#4757 = AXIS2_PLACEMENT_2D('',#4758,#4759);
#4758 = CARTESIAN_POINT('',(1.215502340035E-15,100.));
#4759 = DIRECTION('',(1.,0.));
#4760 = ( GEOMETRIC_REPRESENTATION_CONTEXT(2) 
PARAMETRIC_REPRESENTATION_CONTEXT() REPRESENTATION_CONTEXT('2D SPACE',''
  ) );
#4761 = ORIENTED_EDGE('',*,*,#4688,.F.);
#4762 = ADVANCED_FACE('',(#4763),#1505,.T.);
#4763 = FACE_BOUND('',#4764,.T.);
#4764 = EDGE_LOOP('',(#4765,#4788,#4816,#4837));
#4765 = ORIENTED_EDGE('',*,*,#4766,.F.);
#4766 = EDGE_CURVE('',#4767,#1489,#4769,.T.);
#4767 = VERTEX_POINT('',#4768);
#4768 = CARTESIAN_POINT('',(73.150196513748,62.967858864662,10.));
#4769 = SURFACE_CURVE('',#4770,(#4774,#4781),.PCURVE_S1.);
#4770 = LINE('',#4771,#4772);
#4771 = CARTESIAN_POINT('',(73.150196513748,62.967858864662,10.));
#4772 = VECTOR('',#4773,1.);
#4773 = DIRECTION('',(0.,0.,1.));
#4774 = PCURVE('',#1505,#4775);
#4775 = DEFINITIONAL_REPRESENTATION('',(#4776),#4780);
#4776 = LINE('',#4777,#4778);
#4777 = CARTESIAN_POINT('',(0.,1.3));
#4778 = VECTOR('',#4779,1.);
#4779 = DIRECTION('',(1.,0.));
#4780 = ( GEOMETRIC_REPRESENTATION_CONTEXT(2) 
PARAMETRIC_REPRESENTATION_CONTEXT() REPRESENTATION_CONTEXT('2D SPACE',''
  ) );
#4781 = PCURVE('',#1581,#4782);
#4782 = DEFINITIONAL_REPRESENTATION('',(#4783),#4787);
#4783 = LINE('',#4784,#4785);
#4784 = CARTESIAN_POINT('',(0.,0.));
#4785 = VECTOR('',#4786,1.);
#4786 = DIRECTION('',(1.,0.));
#4787 = ( GEOMETRIC_REPRESENTATION_CONTEXT(2) 
PARAMETRIC_REPRESENTATION_CONTEXT() REPRESENTATION_CONTEXT('2D SPACE',''
  ) );
#4788 = ORIENTED_EDGE('',*,*,#4789,.F.);
#4789 = EDGE_CURVE('',#4790,#4767,#4792,.T.);
#4790 = VERTEX_POINT('',#4791);
#4791 = CARTESIAN_POINT('',(72.230957698206,62.04862004912,10.));
#4792 = SURFACE_CURVE('',#4793,(#4797,#4804),.PCURVE_S1.);
#4793 = LINE('',#4794,#4795);
#4794 = CARTESIAN_POINT('',(72.230957698206,62.04862004912,10.));
#4795 = VECTOR('',#4796,1.);
#4796 = DIRECTION('',(0.707106781187,0.707106781187,0.));
#4797 = PCURVE('',#1505,#4798);
#4798 = DEFINITIONAL_REPRESENTATION('',(#4799),#4803);
#4799 = LINE('',#4800,#4801);
#4800 = CARTESIAN_POINT('',(0.,0.));
#4801 = VECTOR('',#4802,1.);
#4802 = DIRECTION('',(0.,1.));
#4803 = ( GEOMETRIC_REPRESENTATION_CONTEXT(2) 
PARAMETRIC_REPRESENTATION_CONTEXT() REPRESENTATION_CONTEXT('2D SPACE',''
  ) );
#4804 = PCURVE('',#4805,#4810);
#4805 = PLANE('',#4806);
#4806 = AXIS2_PLACEMENT_3D('',#4807,#4808,#4809);
#4807 = CARTESIAN_POINT('',(72.230957698206,62.04862004912,10.));
#4808 = DIRECTION('',(0.,0.,1.));
#4809 = DIRECTION('',(0.707106781187,0.707106781187,0.));
#4810 = DEFINITIONAL_REPRESENTATION('',(#4811),#4815);
#4811 = LINE('',#4812,#4813);
#4812 = CARTESIAN_POINT('',(0.,0.));
#4813 = VECTOR('',#4814,1.);
#4814 = DIRECTION('',(1.,0.));
#4815 = ( GEOMETRIC_REPRESENTATION_CONTEXT(2) 
PARAMETRIC_REPRESENTATION_CONTEXT() REPRESENTATION_CONTEXT('2D SPACE',''
  ) );
#4816 = ORIENTED_EDGE('',*,*,#4817,.T.);
#4817 = EDGE_CURVE('',#4790,#1491,#4818,.T.);
#4818 = SURFACE_CURVE('',#4819,(#4823,#4830),.PCURVE_S1.);
#4819 = LINE('',#4820,#4821);
#4820 = CARTESIAN_POINT('',(72.230957698206,62.04862004912,10.));
#4821 = VECTOR('',#4822,1.);
#4822 = DIRECTION('',(0.,0.,1.));
#4823 = PCURVE('',#1505,#4824);
#4824 = DEFINITIONAL_REPRESENTATION('',(#4825),#4829);
#4825 = LINE('',#4826,#4827);
#4826 = CARTESIAN_POINT('',(0.,0.));
#4827 = VECTOR('',#4828,1.);
#4828 = DIRECTION('',(1.,0.));
#4829 = ( GEOMETRIC_REPRESENTATION_CONTEXT(2) 
PARAMETRIC_REPRESENTATION_CONTEXT() REPRESENTATION_CONTEXT('2D SPACE',''
  ) );
#4830 = PCURVE('',#1531,#4831);
#4831 = DEFINITIONAL_REPRESENTATION('',(#4832),#4836);
#4832 = LINE('',#4833,#4834);
#4833 = CARTESIAN_POINT('',(0.,0.));
#4834 = VECTOR('',#4835,1.);
#4835 = DIRECTION('',(1.,0.));
#4836 = ( GEOMETRIC_REPRESENTATION_CONTEXT(2) 
PARAMETRIC_REPRESENTATION_CONTEXT() REPRESENTATION_CONTEXT('2D SPACE',''
  ) );
#4837 = ORIENTED_EDGE('',*,*,#1488,.F.);
#4838 = ADVANCED_FACE('',(#4839),#1581,.F.);
#4839 = FACE_BOUND('',#4840,.F.);
#4840 = EDGE_LOOP('',(#4841,#4842,#4865,#4886));
#4841 = ORIENTED_EDGE('',*,*,#4766,.F.);
#4842 = ORIENTED_EDGE('',*,*,#4843,.T.);
#4843 = EDGE_CURVE('',#4767,#4844,#4846,.T.);
#4844 = VERTEX_POINT('',#4845);
#4845 = CARTESIAN_POINT('',(62.967858864662,73.150196513748,10.));
#4846 = SURFACE_CURVE('',#4847,(#4851,#4858),.PCURVE_S1.);
#4847 = LINE('',#4848,#4849);
#4848 = CARTESIAN_POINT('',(73.150196513748,62.967858864662,10.));
#4849 = VECTOR('',#4850,1.);
#4850 = DIRECTION('',(-0.707106781187,0.707106781187,0.));
#4851 = PCURVE('',#1581,#4852);
#4852 = DEFINITIONAL_REPRESENTATION('',(#4853),#4857);
#4853 = LINE('',#4854,#4855);
#4854 = CARTESIAN_POINT('',(0.,0.));
#4855 = VECTOR('',#4856,1.);
#4856 = DIRECTION('',(0.,-1.));
#4857 = ( GEOMETRIC_REPRESENTATION_CONTEXT(2) 
PARAMETRIC_REPRESENTATION_CONTEXT() REPRESENTATION_CONTEXT('2D SPACE',''
  ) );
#4858 = PCURVE('',#4805,#4859);
#4859 = DEFINITIONAL_REPRESENTATION('',(#4860),#4864);
#4860 = LINE('',#4861,#4862);
#4861 = CARTESIAN_POINT('',(1.3,0.));
#4862 = VECTOR('',#4863,1.);
#4863 = DIRECTION('',(0.,1.));
#4864 = ( GEOMETRIC_REPRESENTATION_CONTEXT(2) 
PARAMETRIC_REPRESENTATION_CONTEXT() REPRESENTATION_CONTEXT('2D SPACE',''
  ) );
#4865 = ORIENTED_EDGE('',*,*,#4866,.T.);
#4866 = EDGE_CURVE('',#4844,#1543,#4867,.T.);
#4867 = SURFACE_CURVE('',#4868,(#4872,#4879),.PCURVE_S1.);
#4868 = LINE('',#4869,#4870);
#4869 = CARTESIAN_POINT('',(62.967858864662,73.150196513748,10.));
#4870 = VECTOR('',#4871,1.);
#4871 = DIRECTION('',(0.,0.,1.));
#4872 = PCURVE('',#1581,#4873);
#4873 = DEFINITIONAL_REPRESENTATION('',(#4874),#4878);
#4874 = LINE('',#4875,#4876);
#4875 = CARTESIAN_POINT('',(0.,-14.4));
#4876 = VECTOR('',#4877,1.);
#4877 = DIRECTION('',(1.,0.));
#4878 = ( GEOMETRIC_REPRESENTATION_CONTEXT(2) 
PARAMETRIC_REPRESENTATION_CONTEXT() REPRESENTATION_CONTEXT('2D SPACE',''
  ) );
#4879 = PCURVE('',#1557,#4880);
#4880 = DEFINITIONAL_REPRESENTATION('',(#4881),#4885);
#4881 = LINE('',#4882,#4883);
#4882 = CARTESIAN_POINT('',(0.,1.3));
#4883 = VECTOR('',#4884,1.);
#4884 = DIRECTION('',(1.,0.));
#4885 = ( GEOMETRIC_REPRESENTATION_CONTEXT(2) 
PARAMETRIC_REPRESENTATION_CONTEXT() REPRESENTATION_CONTEXT('2D SPACE',''
  ) );
#4886 = ORIENTED_EDGE('',*,*,#1568,.F.);
#4887 = ADVANCED_FACE('',(#4888),#1531,.T.);
#4888 = FACE_BOUND('',#4889,.T.);
#4889 = EDGE_LOOP('',(#4890,#4891,#4914,#4935));
#4890 = ORIENTED_EDGE('',*,*,#4817,.F.);
#4891 = ORIENTED_EDGE('',*,*,#4892,.T.);
#4892 = EDGE_CURVE('',#4790,#4893,#4895,.T.);
#4893 = VERTEX_POINT('',#4894);
#4894 = CARTESIAN_POINT('',(62.04862004912,72.230957698206,10.));
#4895 = SURFACE_CURVE('',#4896,(#4900,#4907),.PCURVE_S1.);
#4896 = LINE('',#4897,#4898);
#4897 = CARTESIAN_POINT('',(72.230957698206,62.04862004912,10.));
#4898 = VECTOR('',#4899,1.);
#4899 = DIRECTION('',(-0.707106781187,0.707106781187,0.));
#4900 = PCURVE('',#1531,#4901);
#4901 = DEFINITIONAL_REPRESENTATION('',(#4902),#4906);
#4902 = LINE('',#4903,#4904);
#4903 = CARTESIAN_POINT('',(0.,0.));
#4904 = VECTOR('',#4905,1.);
#4905 = DIRECTION('',(0.,-1.));
#4906 = ( GEOMETRIC_REPRESENTATION_CONTEXT(2) 
PARAMETRIC_REPRESENTATION_CONTEXT() REPRESENTATION_CONTEXT('2D SPACE',''
  ) );
#4907 = PCURVE('',#4805,#4908);
#4908 = DEFINITIONAL_REPRESENTATION('',(#4909),#4913);
#4909 = LINE('',#4910,#4911);
#4910 = CARTESIAN_POINT('',(0.,0.));
#4911 = VECTOR('',#4912,1.);
#4912 = DIRECTION('',(0.,1.));
#4913 = ( GEOMETRIC_REPRESENTATION_CONTEXT(2) 
PARAMETRIC_REPRESENTATION_CONTEXT() REPRESENTATION_CONTEXT('2D SPACE',''
  ) );
#4914 = ORIENTED_EDGE('',*,*,#4915,.T.);
#4915 = EDGE_CURVE('',#4893,#1517,#4916,.T.);
#4916 = SURFACE_CURVE('',#4917,(#4921,#4928),.PCURVE_S1.);
#4917 = LINE('',#4918,#4919);
#4918 = CARTESIAN_POINT('',(62.04862004912,72.230957698206,10.));
#4919 = VECTOR('',#4920,1.);
#4920 = DIRECTION('',(0.,0.,1.));
#4921 = PCURVE('',#1531,#4922);
#4922 = DEFINITIONAL_REPRESENTATION('',(#4923),#4927);
#4923 = LINE('',#4924,#4925);
#4924 = CARTESIAN_POINT('',(0.,-14.4));
#4925 = VECTOR('',#4926,1.);
#4926 = DIRECTION('',(1.,0.));
#4927 = ( GEOMETRIC_REPRESENTATION_CONTEXT(2) 
PARAMETRIC_REPRESENTATION_CONTEXT() REPRESENTATION_CONTEXT('2D SPACE',''
  ) );
#4928 = PCURVE('',#1557,#4929);
#4929 = DEFINITIONAL_REPRESENTATION('',(#4930),#4934);
#4930 = LINE('',#4931,#4932);
#4931 = CARTESIAN_POINT('',(0.,0.));
#4932 = VECTOR('',#4933,1.);
#4933 = DIRECTION('',(1.,0.));
#4934 = ( GEOMETRIC_REPRESENTATION_CONTEXT(2) 
PARAMETRIC_REPRESENTATION_CONTEXT() REPRESENTATION_CONTEXT('2D SPACE',''
  ) );
#4935 = ORIENTED_EDGE('',*,*,#1516,.F.);
#4936 = ADVANCED_FACE('',(#4937),#1557,.F.);
#4937 = FACE_BOUND('',#4938,.F.);
#4938 = EDGE_LOOP('',(#4939,#4940,#4961,#4962));
#4939 = ORIENTED_EDGE('',*,*,#4866,.F.);
#4940 = ORIENTED_EDGE('',*,*,#4941,.F.);
#4941 = EDGE_CURVE('',#4893,#4844,#4942,.T.);
#4942 = SURFACE_CURVE('',#4943,(#4947,#4954),.PCURVE_S1.);
#4943 = LINE('',#4944,#4945);
#4944 = CARTESIAN_POINT('',(62.04862004912,72.230957698206,10.));
#4945 = VECTOR('',#4946,1.);
#4946 = DIRECTION('',(0.707106781187,0.707106781187,0.));
#4947 = PCURVE('',#1557,#4948);
#4948 = DEFINITIONAL_REPRESENTATION('',(#4949),#4953);
#4949 = LINE('',#4950,#4951);
#4950 = CARTESIAN_POINT('',(0.,0.));
#4951 = VECTOR('',#4952,1.);
#4952 = DIRECTION('',(0.,1.));
#4953 = ( GEOMETRIC_REPRESENTATION_CONTEXT(2) 
PARAMETRIC_REPRESENTATION_CONTEXT() REPRESENTATION_CONTEXT('2D SPACE',''
  ) );
#4954 = PCURVE('',#4805,#4955);
#4955 = DEFINITIONAL_REPRESENTATION('',(#4956),#4960);
#4956 = LINE('',#4957,#4958);
#4957 = CARTESIAN_POINT('',(0.,14.4));
#4958 = VECTOR('',#4959,1.);
#4959 = DIRECTION('',(1.,0.));
#4960 = ( GEOMETRIC_REPRESENTATION_CONTEXT(2) 
PARAMETRIC_REPRESENTATION_CONTEXT() REPRESENTATION_CONTEXT('2D SPACE',''
  ) );
#4961 = ORIENTED_EDGE('',*,*,#4915,.T.);
#4962 = ORIENTED_EDGE('',*,*,#1542,.F.);
#4963 = ADVANCED_FACE('',(#4964),#1611,.T.);
#4964 = FACE_BOUND('',#4965,.T.);
#4965 = EDGE_LOOP('',(#4966,#4989,#5017,#5038));
#4966 = ORIENTED_EDGE('',*,*,#4967,.F.);
#4967 = EDGE_CURVE('',#4968,#1595,#4970,.T.);
#4968 = VERTEX_POINT('',#4969);
#4969 = CARTESIAN_POINT('',(81.211213819275,71.028876170189,10.));
#4970 = SURFACE_CURVE('',#4971,(#4975,#4982),.PCURVE_S1.);
#4971 = LINE('',#4972,#4973);
#4972 = CARTESIAN_POINT('',(81.211213819275,71.028876170189,10.));
#4973 = VECTOR('',#4974,1.);
#4974 = DIRECTION('',(0.,0.,1.));
#4975 = PCURVE('',#1611,#4976);
#4976 = DEFINITIONAL_REPRESENTATION('',(#4977),#4981);
#4977 = LINE('',#4978,#4979);
#4978 = CARTESIAN_POINT('',(0.,1.3));
#4979 = VECTOR('',#4980,1.);
#4980 = DIRECTION('',(1.,0.));
#4981 = ( GEOMETRIC_REPRESENTATION_CONTEXT(2) 
PARAMETRIC_REPRESENTATION_CONTEXT() REPRESENTATION_CONTEXT('2D SPACE',''
  ) );
#4982 = PCURVE('',#1687,#4983);
#4983 = DEFINITIONAL_REPRESENTATION('',(#4984),#4988);
#4984 = LINE('',#4985,#4986);
#4985 = CARTESIAN_POINT('',(0.,0.));
#4986 = VECTOR('',#4987,1.);
#4987 = DIRECTION('',(1.,0.));
#4988 = ( GEOMETRIC_REPRESENTATION_CONTEXT(2) 
PARAMETRIC_REPRESENTATION_CONTEXT() REPRESENTATION_CONTEXT('2D SPACE',''
  ) );
#4989 = ORIENTED_EDGE('',*,*,#4990,.F.);
#4990 = EDGE_CURVE('',#4991,#4968,#4993,.T.);
#4991 = VERTEX_POINT('',#4992);
#4992 = CARTESIAN_POINT('',(80.291975003732,70.109637354646,10.));
#4993 = SURFACE_CURVE('',#4994,(#4998,#5005),.PCURVE_S1.);
#4994 = LINE('',#4995,#4996);
#4995 = CARTESIAN_POINT('',(80.291975003732,70.109637354646,10.));
#4996 = VECTOR('',#4997,1.);
#4997 = DIRECTION('',(0.707106781187,0.707106781187,0.));
#4998 = PCURVE('',#1611,#4999);
#4999 = DEFINITIONAL_REPRESENTATION('',(#5000),#5004);
#5000 = LINE('',#5001,#5002);
#5001 = CARTESIAN_POINT('',(0.,0.));
#5002 = VECTOR('',#5003,1.);
#5003 = DIRECTION('',(0.,1.));
#5004 = ( GEOMETRIC_REPRESENTATION_CONTEXT(2) 
PARAMETRIC_REPRESENTATION_CONTEXT() REPRESENTATION_CONTEXT('2D SPACE',''
  ) );
#5005 = PCURVE('',#5006,#5011);
#5006 = PLANE('',#5007);
#5007 = AXIS2_PLACEMENT_3D('',#5008,#5009,#5010);
#5008 = CARTESIAN_POINT('',(80.291975003732,70.109637354646,10.));
#5009 = DIRECTION('',(0.,0.,1.));
#5010 = DIRECTION('',(0.707106781187,0.707106781187,0.));
#5011 = DEFINITIONAL_REPRESENTATION('',(#5012),#5016);
#5012 = LINE('',#5013,#5014);
#5013 = CARTESIAN_POINT('',(0.,0.));
#5014 = VECTOR('',#5015,1.);
#5015 = DIRECTION('',(1.,0.));
#5016 = ( GEOMETRIC_REPRESENTATION_CONTEXT(2) 
PARAMETRIC_REPRESENTATION_CONTEXT() REPRESENTATION_CONTEXT('2D SPACE',''
  ) );
#5017 = ORIENTED_EDGE('',*,*,#5018,.T.);
#5018 = EDGE_CURVE('',#4991,#1597,#5019,.T.);
#5019 = SURFACE_CURVE('',#5020,(#5024,#5031),.PCURVE_S1.);
#5020 = LINE('',#5021,#5022);
#5021 = CARTESIAN_POINT('',(80.291975003732,70.109637354646,10.));
#5022 = VECTOR('',#5023,1.);
#5023 = DIRECTION('',(0.,0.,1.));
#5024 = PCURVE('',#1611,#5025);
#5025 = DEFINITIONAL_REPRESENTATION('',(#5026),#5030);
#5026 = LINE('',#5027,#5028);
#5027 = CARTESIAN_POINT('',(0.,0.));
#5028 = VECTOR('',#5029,1.);
#5029 = DIRECTION('',(1.,0.));
#5030 = ( GEOMETRIC_REPRESENTATION_CONTEXT(2) 
PARAMETRIC_REPRESENTATION_CONTEXT() REPRESENTATION_CONTEXT('2D SPACE',''
  ) );
#5031 = PCURVE('',#1637,#5032);
#5032 = DEFINITIONAL_REPRESENTATION('',(#5033),#5037);
#5033 = LINE('',#5034,#5035);
#5034 = CARTESIAN_POINT('',(0.,0.));
#5035 = VECTOR('',#5036,1.);
#5036 = DIRECTION('',(1.,0.));
#5037 = ( GEOMETRIC_REPRESENTATION_CONTEXT(2) 
PARAMETRIC_REPRESENTATION_CONTEXT() REPRESENTATION_CONTEXT('2D SPACE',''
  ) );
#5038 = ORIENTED_EDGE('',*,*,#1594,.F.);
#5039 = ADVANCED_FACE('',(#5040),#1687,.F.);
#5040 = FACE_BOUND('',#5041,.F.);
#5041 = EDGE_LOOP('',(#5042,#5043,#5066,#5087));
#5042 = ORIENTED_EDGE('',*,*,#4967,.F.);
#5043 = ORIENTED_EDGE('',*,*,#5044,.T.);
#5044 = EDGE_CURVE('',#4968,#5045,#5047,.T.);
#5045 = VERTEX_POINT('',#5046);
#5046 = CARTESIAN_POINT('',(71.028876170189,81.211213819275,10.));
#5047 = SURFACE_CURVE('',#5048,(#5052,#5059),.PCURVE_S1.);
#5048 = LINE('',#5049,#5050);
#5049 = CARTESIAN_POINT('',(81.211213819275,71.028876170189,10.));
#5050 = VECTOR('',#5051,1.);
#5051 = DIRECTION('',(-0.707106781187,0.707106781187,0.));
#5052 = PCURVE('',#1687,#5053);
#5053 = DEFINITIONAL_REPRESENTATION('',(#5054),#5058);
#5054 = LINE('',#5055,#5056);
#5055 = CARTESIAN_POINT('',(0.,0.));
#5056 = VECTOR('',#5057,1.);
#5057 = DIRECTION('',(0.,-1.));
#5058 = ( GEOMETRIC_REPRESENTATION_CONTEXT(2) 
PARAMETRIC_REPRESENTATION_CONTEXT() REPRESENTATION_CONTEXT('2D SPACE',''
  ) );
#5059 = PCURVE('',#5006,#5060);
#5060 = DEFINITIONAL_REPRESENTATION('',(#5061),#5065);
#5061 = LINE('',#5062,#5063);
#5062 = CARTESIAN_POINT('',(1.3,0.));
#5063 = VECTOR('',#5064,1.);
#5064 = DIRECTION('',(0.,1.));
#5065 = ( GEOMETRIC_REPRESENTATION_CONTEXT(2) 
PARAMETRIC_REPRESENTATION_CONTEXT() REPRESENTATION_CONTEXT('2D SPACE',''
  ) );
#5066 = ORIENTED_EDGE('',*,*,#5067,.T.);
#5067 = EDGE_CURVE('',#5045,#1649,#5068,.T.);
#5068 = SURFACE_CURVE('',#5069,(#5073,#5080),.PCURVE_S1.);
#5069 = LINE('',#5070,#5071);
#5070 = CARTESIAN_POINT('',(71.028876170189,81.211213819275,10.));
#5071 = VECTOR('',#5072,1.);
#5072 = DIRECTION('',(0.,0.,1.));
#5073 = PCURVE('',#1687,#5074);
#5074 = DEFINITIONAL_REPRESENTATION('',(#5075),#5079);
#5075 = LINE('',#5076,#5077);
#5076 = CARTESIAN_POINT('',(0.,-14.4));
#5077 = VECTOR('',#5078,1.);
#5078 = DIRECTION('',(1.,0.));
#5079 = ( GEOMETRIC_REPRESENTATION_CONTEXT(2) 
PARAMETRIC_REPRESENTATION_CONTEXT() REPRESENTATION_CONTEXT('2D SPACE',''
  ) );
#5080 = PCURVE('',#1663,#5081);
#5081 = DEFINITIONAL_REPRESENTATION('',(#5082),#5086);
#5082 = LINE('',#5083,#5084);
#5083 = CARTESIAN_POINT('',(0.,1.3));
#5084 = VECTOR('',#5085,1.);
#5085 = DIRECTION('',(1.,0.));
#5086 = ( GEOMETRIC_REPRESENTATION_CONTEXT(2) 
PARAMETRIC_REPRESENTATION_CONTEXT() REPRESENTATION_CONTEXT('2D SPACE',''
  ) );
#5087 = ORIENTED_EDGE('',*,*,#1674,.F.);
#5088 = ADVANCED_FACE('',(#5089),#1637,.T.);
#5089 = FACE_BOUND('',#5090,.T.);
#5090 = EDGE_LOOP('',(#5091,#5092,#5115,#5136));
#5091 = ORIENTED_EDGE('',*,*,#5018,.F.);
#5092 = ORIENTED_EDGE('',*,*,#5093,.T.);
#5093 = EDGE_CURVE('',#4991,#5094,#5096,.T.);
#5094 = VERTEX_POINT('',#5095);
#5095 = CARTESIAN_POINT('',(70.109637354646,80.291975003732,10.));
#5096 = SURFACE_CURVE('',#5097,(#5101,#5108),.PCURVE_S1.);
#5097 = LINE('',#5098,#5099);
#5098 = CARTESIAN_POINT('',(80.291975003732,70.109637354646,10.));
#5099 = VECTOR('',#5100,1.);
#5100 = DIRECTION('',(-0.707106781187,0.707106781187,0.));
#5101 = PCURVE('',#1637,#5102);
#5102 = DEFINITIONAL_REPRESENTATION('',(#5103),#5107);
#5103 = LINE('',#5104,#5105);
#5104 = CARTESIAN_POINT('',(0.,0.));
#5105 = VECTOR('',#5106,1.);
#5106 = DIRECTION('',(0.,-1.));
#5107 = ( GEOMETRIC_REPRESENTATION_CONTEXT(2) 
PARAMETRIC_REPRESENTATION_CONTEXT() REPRESENTATION_CONTEXT('2D SPACE',''
  ) );
#5108 = PCURVE('',#5006,#5109);
#5109 = DEFINITIONAL_REPRESENTATION('',(#5110),#5114);
#5110 = LINE('',#5111,#5112);
#5111 = CARTESIAN_POINT('',(0.,0.));
#5112 = VECTOR('',#5113,1.);
#5113 = DIRECTION('',(0.,1.));
#5114 = ( GEOMETRIC_REPRESENTATION_CONTEXT(2) 
PARAMETRIC_REPRESENTATION_CONTEXT() REPRESENTATION_CONTEXT('2D SPACE',''
  ) );
#5115 = ORIENTED_EDGE('',*,*,#5116,.T.);
#5116 = EDGE_CURVE('',#5094,#1623,#5117,.T.);
#5117 = SURFACE_CURVE('',#5118,(#5122,#5129),.PCURVE_S1.);
#5118 = LINE('',#5119,#5120);
#5119 = CARTESIAN_POINT('',(70.109637354646,80.291975003732,10.));
#5120 = VECTOR('',#5121,1.);
#5121 = DIRECTION('',(0.,0.,1.));
#5122 = PCURVE('',#1637,#5123);
#5123 = DEFINITIONAL_REPRESENTATION('',(#5124),#5128);
#5124 = LINE('',#5125,#5126);
#5125 = CARTESIAN_POINT('',(0.,-14.4));
#5126 = VECTOR('',#5127,1.);
#5127 = DIRECTION('',(1.,0.));
#5128 = ( GEOMETRIC_REPRESENTATION_CONTEXT(2) 
PARAMETRIC_REPRESENTATION_CONTEXT() REPRESENTATION_CONTEXT('2D SPACE',''
  ) );
#5129 = PCURVE('',#1663,#5130);
#5130 = DEFINITIONAL_REPRESENTATION('',(#5131),#5135);
#5131 = LINE('',#5132,#5133);
#5132 = CARTESIAN_POINT('',(0.,0.));
#5133 = VECTOR('',#5134,1.);
#5134 = DIRECTION('',(1.,0.));
#5135 = ( GEOMETRIC_REPRESENTATION_CONTEXT(2) 
PARAMETRIC_REPRESENTATION_CONTEXT() REPRESENTATION_CONTEXT('2D SPACE',''
  ) );
#5136 = ORIENTED_EDGE('',*,*,#1622,.F.);
#5137 = ADVANCED_FACE('',(#5138),#1663,.F.);
#5138 = FACE_BOUND('',#5139,.F.);
#5139 = EDGE_LOOP('',(#5140,#5141,#5162,#5163));
#5140 = ORIENTED_EDGE('',*,*,#5067,.F.);
#5141 = ORIENTED_EDGE('',*,*,#5142,.F.);
#5142 = EDGE_CURVE('',#5094,#5045,#5143,.T.);
#5143 = SURFACE_CURVE('',#5144,(#5148,#5155),.PCURVE_S1.);
#5144 = LINE('',#5145,#5146);
#5145 = CARTESIAN_POINT('',(70.109637354646,80.291975003732,10.));
#5146 = VECTOR('',#5147,1.);
#5147 = DIRECTION('',(0.707106781187,0.707106781187,0.));
#5148 = PCURVE('',#1663,#5149);
#5149 = DEFINITIONAL_REPRESENTATION('',(#5150),#5154);
#5150 = LINE('',#5151,#5152);
#5151 = CARTESIAN_POINT('',(0.,0.));
#5152 = VECTOR('',#5153,1.);
#5153 = DIRECTION('',(0.,1.));
#5154 = ( GEOMETRIC_REPRESENTATION_CONTEXT(2) 
PARAMETRIC_REPRESENTATION_CONTEXT() REPRESENTATION_CONTEXT('2D SPACE',''
  ) );
#5155 = PCURVE('',#5006,#5156);
#5156 = DEFINITIONAL_REPRESENTATION('',(#5157),#5161);
#5157 = LINE('',#5158,#5159);
#5158 = CARTESIAN_POINT('',(0.,14.4));
#5159 = VECTOR('',#5160,1.);
#5160 = DIRECTION('',(1.,0.));
#5161 = ( GEOMETRIC_REPRESENTATION_CONTEXT(2) 
PARAMETRIC_REPRESENTATION_CONTEXT() REPRESENTATION_CONTEXT('2D SPACE',''
  ) );
#5162 = ORIENTED_EDGE('',*,*,#5116,.T.);
#5163 = ORIENTED_EDGE('',*,*,#1648,.F.);
#5164 = ADVANCED_FACE('',(#5165),#1725,.F.);
#5165 = FACE_BOUND('',#5166,.T.);
#5166 = EDGE_LOOP('',(#5167,#5168,#5191,#5218));
#5167 = ORIENTED_EDGE('',*,*,#1704,.T.);
#5168 = ORIENTED_EDGE('',*,*,#5169,.T.);
#5169 = EDGE_CURVE('',#1705,#5170,#5172,.T.);
#5170 = VERTEX_POINT('',#5171);
#5171 = CARTESIAN_POINT('',(-18.74898987322,-19.79898987322,4.));
#5172 = SEAM_CURVE('',#5173,(#5177,#5184),.PCURVE_S1.);
#5173 = LINE('',#5174,#5175);
#5174 = CARTESIAN_POINT('',(-18.74898987322,-19.79898987322,-0.1));
#5175 = VECTOR('',#5176,1.);
#5176 = DIRECTION('',(0.,0.,1.));
#5177 = PCURVE('',#1725,#5178);
#5178 = DEFINITIONAL_REPRESENTATION('',(#5179),#5183);
#5179 = LINE('',#5180,#5181);
#5180 = CARTESIAN_POINT('',(-6.28318530718,0.));
#5181 = VECTOR('',#5182,1.);
#5182 = DIRECTION('',(-0.,-1.));
#5183 = ( GEOMETRIC_REPRESENTATION_CONTEXT(2) 
PARAMETRIC_REPRESENTATION_CONTEXT() REPRESENTATION_CONTEXT('2D SPACE',''
  ) );
#5184 = PCURVE('',#1725,#5185);
#5185 = DEFINITIONAL_REPRESENTATION('',(#5186),#5190);
#5186 = LINE('',#5187,#5188);
#5187 = CARTESIAN_POINT('',(-0.,0.));
#5188 = VECTOR('',#5189,1.);
#5189 = DIRECTION('',(-0.,-1.));
#5190 = ( GEOMETRIC_REPRESENTATION_CONTEXT(2) 
PARAMETRIC_REPRESENTATION_CONTEXT() REPRESENTATION_CONTEXT('2D SPACE',''
  ) );
#5191 = ORIENTED_EDGE('',*,*,#5192,.T.);
#5192 = EDGE_CURVE('',#5170,#5170,#5193,.T.);
#5193 = SURFACE_CURVE('',#5194,(#5199,#5206),.PCURVE_S1.);
#5194 = CIRCLE('',#5195,1.05);
#5195 = AXIS2_PLACEMENT_3D('',#5196,#5197,#5198);
#5196 = CARTESIAN_POINT('',(-19.79898987322,-19.79898987322,4.));
#5197 = DIRECTION('',(0.,0.,1.));
#5198 = DIRECTION('',(1.,0.,0.));
#5199 = PCURVE('',#1725,#5200);
#5200 = DEFINITIONAL_REPRESENTATION('',(#5201),#5205);
#5201 = LINE('',#5202,#5203);
#5202 = CARTESIAN_POINT('',(-0.,-4.1));
#5203 = VECTOR('',#5204,1.);
#5204 = DIRECTION('',(-1.,0.));
#5205 = ( GEOMETRIC_REPRESENTATION_CONTEXT(2) 
PARAMETRIC_REPRESENTATION_CONTEXT() REPRESENTATION_CONTEXT('2D SPACE',''
  ) );
#5206 = PCURVE('',#5207,#5212);
#5207 = PLANE('',#5208);
#5208 = AXIS2_PLACEMENT_3D('',#5209,#5210,#5211);
#5209 = CARTESIAN_POINT('',(-19.79898987322,-19.79898987322,4.));
#5210 = DIRECTION('',(0.,0.,1.));
#5211 = DIRECTION('',(1.,0.,-0.));
#5212 = DEFINITIONAL_REPRESENTATION('',(#5213),#5217);
#5213 = CIRCLE('',#5214,1.05);
#5214 = AXIS2_PLACEMENT_2D('',#5215,#5216);
#5215 = CARTESIAN_POINT('',(3.552713678801E-15,3.552713678801E-15));
#5216 = DIRECTION('',(1.,0.));
#5217 = ( GEOMETRIC_REPRESENTATION_CONTEXT(2) 
PARAMETRIC_REPRESENTATION_CONTEXT() REPRESENTATION_CONTEXT('2D SPACE',''
  ) );
#5218 = ORIENTED_EDGE('',*,*,#5169,.F.);
#5219 = ADVANCED_FACE('',(#5220),#1760,.F.);
#5220 = FACE_BOUND('',#5221,.T.);
#5221 = EDGE_LOOP('',(#5222,#5223,#5246,#5273));
#5222 = ORIENTED_EDGE('',*,*,#1739,.T.);
#5223 = ORIENTED_EDGE('',*,*,#5224,.T.);
#5224 = EDGE_CURVE('',#1740,#5225,#5227,.T.);
#5225 = VERTEX_POINT('',#5226);
#5226 = CARTESIAN_POINT('',(20.848989873223,-19.79898987322,4.));
#5227 = SEAM_CURVE('',#5228,(#5232,#5239),.PCURVE_S1.);
#5228 = LINE('',#5229,#5230);
#5229 = CARTESIAN_POINT('',(20.848989873223,-19.79898987322,-0.1));
#5230 = VECTOR('',#5231,1.);
#5231 = DIRECTION('',(0.,0.,1.));
#5232 = PCURVE('',#1760,#5233);
#5233 = DEFINITIONAL_REPRESENTATION('',(#5234),#5238);
#5234 = LINE('',#5235,#5236);
#5235 = CARTESIAN_POINT('',(-6.28318530718,0.));
#5236 = VECTOR('',#5237,1.);
#5237 = DIRECTION('',(-0.,-1.));
#5238 = ( GEOMETRIC_REPRESENTATION_CONTEXT(2) 
PARAMETRIC_REPRESENTATION_CONTEXT() REPRESENTATION_CONTEXT('2D SPACE',''
  ) );
#5239 = PCURVE('',#1760,#5240);
#5240 = DEFINITIONAL_REPRESENTATION('',(#5241),#5245);
#5241 = LINE('',#5242,#5243);
#5242 = CARTESIAN_POINT('',(-0.,0.));
#5243 = VECTOR('',#5244,1.);
#5244 = DIRECTION('',(-0.,-1.));
#5245 = ( GEOMETRIC_REPRESENTATION_CONTEXT(2) 
PARAMETRIC_REPRESENTATION_CONTEXT() REPRESENTATION_CONTEXT('2D SPACE',''
  ) );
#5246 = ORIENTED_EDGE('',*,*,#5247,.T.);
#5247 = EDGE_CURVE('',#5225,#5225,#5248,.T.);
#5248 = SURFACE_CURVE('',#5249,(#5254,#5261),.PCURVE_S1.);
#5249 = CIRCLE('',#5250,1.05);
#5250 = AXIS2_PLACEMENT_3D('',#5251,#5252,#5253);
#5251 = CARTESIAN_POINT('',(19.798989873223,-19.79898987322,4.));
#5252 = DIRECTION('',(0.,0.,1.));
#5253 = DIRECTION('',(1.,0.,0.));
#5254 = PCURVE('',#1760,#5255);
#5255 = DEFINITIONAL_REPRESENTATION('',(#5256),#5260);
#5256 = LINE('',#5257,#5258);
#5257 = CARTESIAN_POINT('',(-0.,-4.1));
#5258 = VECTOR('',#5259,1.);
#5259 = DIRECTION('',(-1.,0.));
#5260 = ( GEOMETRIC_REPRESENTATION_CONTEXT(2) 
PARAMETRIC_REPRESENTATION_CONTEXT() REPRESENTATION_CONTEXT('2D SPACE',''
  ) );
#5261 = PCURVE('',#5262,#5267);
#5262 = PLANE('',#5263);
#5263 = AXIS2_PLACEMENT_3D('',#5264,#5265,#5266);
#5264 = CARTESIAN_POINT('',(19.798989873223,-19.79898987322,4.));
#5265 = DIRECTION('',(0.,0.,1.));
#5266 = DIRECTION('',(1.,0.,-0.));
#5267 = DEFINITIONAL_REPRESENTATION('',(#5268),#5272);
#5268 = CIRCLE('',#5269,1.05);
#5269 = AXIS2_PLACEMENT_2D('',#5270,#5271);
#5270 = CARTESIAN_POINT('',(0.,3.552713678801E-15));
#5271 = DIRECTION('',(1.,0.));
#5272 = ( GEOMETRIC_REPRESENTATION_CONTEXT(2) 
PARAMETRIC_REPRESENTATION_CONTEXT() REPRESENTATION_CONTEXT('2D SPACE',''
  ) );
#5273 = ORIENTED_EDGE('',*,*,#5224,.F.);
#5274 = ADVANCED_FACE('',(#5275),#1795,.F.);
#5275 = FACE_BOUND('',#5276,.T.);
#5276 = EDGE_LOOP('',(#5277,#5278,#5301,#5328));
#5277 = ORIENTED_EDGE('',*,*,#1774,.T.);
#5278 = ORIENTED_EDGE('',*,*,#5279,.T.);
#5279 = EDGE_CURVE('',#1775,#5280,#5282,.T.);
#5280 = VERTEX_POINT('',#5281);
#5281 = CARTESIAN_POINT('',(-18.74898987322,19.798989873223,4.));
#5282 = SEAM_CURVE('',#5283,(#5287,#5294),.PCURVE_S1.);
#5283 = LINE('',#5284,#5285);
#5284 = CARTESIAN_POINT('',(-18.74898987322,19.798989873223,-0.1));
#5285 = VECTOR('',#5286,1.);
#5286 = DIRECTION('',(0.,0.,1.));
#5287 = PCURVE('',#1795,#5288);
#5288 = DEFINITIONAL_REPRESENTATION('',(#5289),#5293);
#5289 = LINE('',#5290,#5291);
#5290 = CARTESIAN_POINT('',(-6.28318530718,0.));
#5291 = VECTOR('',#5292,1.);
#5292 = DIRECTION('',(-0.,-1.));
#5293 = ( GEOMETRIC_REPRESENTATION_CONTEXT(2) 
PARAMETRIC_REPRESENTATION_CONTEXT() REPRESENTATION_CONTEXT('2D SPACE',''
  ) );
#5294 = PCURVE('',#1795,#5295);
#5295 = DEFINITIONAL_REPRESENTATION('',(#5296),#5300);
#5296 = LINE('',#5297,#5298);
#5297 = CARTESIAN_POINT('',(-0.,0.));
#5298 = VECTOR('',#5299,1.);
#5299 = DIRECTION('',(-0.,-1.));
#5300 = ( GEOMETRIC_REPRESENTATION_CONTEXT(2) 
PARAMETRIC_REPRESENTATION_CONTEXT() REPRESENTATION_CONTEXT('2D SPACE',''
  ) );
#5301 = ORIENTED_EDGE('',*,*,#5302,.T.);
#5302 = EDGE_CURVE('',#5280,#5280,#5303,.T.);
#5303 = SURFACE_CURVE('',#5304,(#5309,#5316),.PCURVE_S1.);
#5304 = CIRCLE('',#5305,1.05);
#5305 = AXIS2_PLACEMENT_3D('',#5306,#5307,#5308);
#5306 = CARTESIAN_POINT('',(-19.79898987322,19.798989873223,4.));
#5307 = DIRECTION('',(0.,0.,1.));
#5308 = DIRECTION('',(1.,0.,0.));
#5309 = PCURVE('',#1795,#5310);
#5310 = DEFINITIONAL_REPRESENTATION('',(#5311),#5315);
#5311 = LINE('',#5312,#5313);
#5312 = CARTESIAN_POINT('',(-0.,-4.1));
#5313 = VECTOR('',#5314,1.);
#5314 = DIRECTION('',(-1.,0.));
#5315 = ( GEOMETRIC_REPRESENTATION_CONTEXT(2) 
PARAMETRIC_REPRESENTATION_CONTEXT() REPRESENTATION_CONTEXT('2D SPACE',''
  ) );
#5316 = PCURVE('',#5317,#5322);
#5317 = PLANE('',#5318);
#5318 = AXIS2_PLACEMENT_3D('',#5319,#5320,#5321);
#5319 = CARTESIAN_POINT('',(-19.79898987322,19.798989873223,4.));
#5320 = DIRECTION('',(0.,0.,1.));
#5321 = DIRECTION('',(1.,0.,-0.));
#5322 = DEFINITIONAL_REPRESENTATION('',(#5323),#5327);
#5323 = CIRCLE('',#5324,1.05);
#5324 = AXIS2_PLACEMENT_2D('',#5325,#5326);
#5325 = CARTESIAN_POINT('',(3.552713678801E-15,-3.552713678801E-15));
#5326 = DIRECTION('',(1.,0.));
#5327 = ( GEOMETRIC_REPRESENTATION_CONTEXT(2) 
PARAMETRIC_REPRESENTATION_CONTEXT() REPRESENTATION_CONTEXT('2D SPACE',''
  ) );
#5328 = ORIENTED_EDGE('',*,*,#5279,.F.);
#5329 = ADVANCED_FACE('',(#5330),#1830,.F.);
#5330 = FACE_BOUND('',#5331,.T.);
#5331 = EDGE_LOOP('',(#5332,#5333,#5356,#5387));
#5332 = ORIENTED_EDGE('',*,*,#1809,.T.);
#5333 = ORIENTED_EDGE('',*,*,#5334,.T.);
#5334 = EDGE_CURVE('',#1810,#5335,#5337,.T.);
#5335 = VERTEX_POINT('',#5336);
#5336 = CARTESIAN_POINT('',(26.,0.,12.));
#5337 = SEAM_CURVE('',#5338,(#5342,#5349),.PCURVE_S1.);
#5338 = LINE('',#5339,#5340);
#5339 = CARTESIAN_POINT('',(26.,0.,0.));
#5340 = VECTOR('',#5341,1.);
#5341 = DIRECTION('',(0.,0.,1.));
#5342 = PCURVE('',#1830,#5343);
#5343 = DEFINITIONAL_REPRESENTATION('',(#5344),#5348);
#5344 = LINE('',#5345,#5346);
#5345 = CARTESIAN_POINT('',(-0.,-0.1));
#5346 = VECTOR('',#5347,1.);
#5347 = DIRECTION('',(-0.,-1.));
#5348 = ( GEOMETRIC_REPRESENTATION_CONTEXT(2) 
PARAMETRIC_REPRESENTATION_CONTEXT() REPRESENTATION_CONTEXT('2D SPACE',''
  ) );
#5349 = PCURVE('',#1830,#5350);
#5350 = DEFINITIONAL_REPRESENTATION('',(#5351),#5355);
#5351 = LINE('',#5352,#5353);
#5352 = CARTESIAN_POINT('',(-6.28318530718,-0.1));
#5353 = VECTOR('',#5354,1.);
#5354 = DIRECTION('',(-0.,-1.));
#5355 = ( GEOMETRIC_REPRESENTATION_CONTEXT(2) 
PARAMETRIC_REPRESENTATION_CONTEXT() REPRESENTATION_CONTEXT('2D SPACE',''
  ) );
#5356 = ORIENTED_EDGE('',*,*,#5357,.F.);
#5357 = EDGE_CURVE('',#5335,#5335,#5358,.T.);
#5358 = SURFACE_CURVE('',#5359,(#5364,#5371),.PCURVE_S1.);
#5359 = CIRCLE('',#5360,26.);
#5360 = AXIS2_PLACEMENT_3D('',#5361,#5362,#5363);
#5361 = CARTESIAN_POINT('',(0.,0.,12.));
#5362 = DIRECTION('',(0.,0.,-1.));
#5363 = DIRECTION('',(1.,0.,0.));
#5364 = PCURVE('',#1830,#5365);
#5365 = DEFINITIONAL_REPRESENTATION('',(#5366),#5370);
#5366 = LINE('',#5367,#5368);
#5367 = CARTESIAN_POINT('',(-6.28318530718,-12.1));
#5368 = VECTOR('',#5369,1.);
#5369 = DIRECTION('',(1.,-0.));
#5370 = ( GEOMETRIC_REPRESENTATION_CONTEXT(2) 
PARAMETRIC_REPRESENTATION_CONTEXT() REPRESENTATION_CONTEXT('2D SPACE',''
  ) );
#5371 = PCURVE('',#5372,#5377);
#5372 = PLANE('',#5373);
#5373 = AXIS2_PLACEMENT_3D('',#5374,#5375,#5376);
#5374 = CARTESIAN_POINT('',(-1.458602808042E-15,2.339560088947E-16,12.)
  );
#5375 = DIRECTION('',(0.,0.,1.));
#5376 = DIRECTION('',(1.,0.,-0.));
#5377 = DEFINITIONAL_REPRESENTATION('',(#5378),#5386);
#5378 = ( BOUNDED_CURVE() B_SPLINE_CURVE(2,(#5379,#5380,#5381,#5382,
#5383,#5384,#5385),.UNSPECIFIED.,.T.,.F.) B_SPLINE_CURVE_WITH_KNOTS((1,2
    ,2,2,2,1),(-2.094395102393,0.,2.094395102393,4.188790204786,
6.28318530718,8.377580409573),.UNSPECIFIED.) CURVE() 
GEOMETRIC_REPRESENTATION_ITEM() RATIONAL_B_SPLINE_CURVE((1.,0.5,1.,0.5,
1.,0.5,1.)) REPRESENTATION_ITEM('') );
#5379 = CARTESIAN_POINT('',(26.,-2.339560088947E-16));
#5380 = CARTESIAN_POINT('',(26.,-45.03332099679));
#5381 = CARTESIAN_POINT('',(-13.,-22.51666049839));
#5382 = CARTESIAN_POINT('',(-52.,-6.602119364461E-15));
#5383 = CARTESIAN_POINT('',(-13.,22.516660498395));
#5384 = CARTESIAN_POINT('',(26.,45.033320996791));
#5385 = CARTESIAN_POINT('',(26.,-2.339560088947E-16));
#5386 = ( GEOMETRIC_REPRESENTATION_CONTEXT(2) 
PARAMETRIC_REPRESENTATION_CONTEXT() REPRESENTATION_CONTEXT('2D SPACE',''
  ) );
#5387 = ORIENTED_EDGE('',*,*,#5334,.F.);
#5388 = ADVANCED_FACE('',(#5389),#1865,.F.);
#5389 = FACE_BOUND('',#5390,.T.);
#5390 = EDGE_LOOP('',(#5391,#5392,#5415,#5442));
#5391 = ORIENTED_EDGE('',*,*,#1844,.T.);
#5392 = ORIENTED_EDGE('',*,*,#5393,.T.);
#5393 = EDGE_CURVE('',#1845,#5394,#5396,.T.);
#5394 = VERTEX_POINT('',#5395);
#5395 = CARTESIAN_POINT('',(20.848989873223,19.798989873223,4.));
#5396 = SEAM_CURVE('',#5397,(#5401,#5408),.PCURVE_S1.);
#5397 = LINE('',#5398,#5399);
#5398 = CARTESIAN_POINT('',(20.848989873223,19.798989873223,-0.1));
#5399 = VECTOR('',#5400,1.);
#5400 = DIRECTION('',(0.,0.,1.));
#5401 = PCURVE('',#1865,#5402);
#5402 = DEFINITIONAL_REPRESENTATION('',(#5403),#5407);
#5403 = LINE('',#5404,#5405);
#5404 = CARTESIAN_POINT('',(-6.28318530718,0.));
#5405 = VECTOR('',#5406,1.);
#5406 = DIRECTION('',(-0.,-1.));
#5407 = ( GEOMETRIC_REPRESENTATION_CONTEXT(2) 
PARAMETRIC_REPRESENTATION_CONTEXT() REPRESENTATION_CONTEXT('2D SPACE',''
  ) );
#5408 = PCURVE('',#1865,#5409);
#5409 = DEFINITIONAL_REPRESENTATION('',(#5410),#5414);
#5410 = LINE('',#5411,#5412);
#5411 = CARTESIAN_POINT('',(-0.,0.));
#5412 = VECTOR('',#5413,1.);
#5413 = DIRECTION('',(-0.,-1.));
#5414 = ( GEOMETRIC_REPRESENTATION_CONTEXT(2) 
PARAMETRIC_REPRESENTATION_CONTEXT() REPRESENTATION_CONTEXT('2D SPACE',''
  ) );
#5415 = ORIENTED_EDGE('',*,*,#5416,.T.);
#5416 = EDGE_CURVE('',#5394,#5394,#5417,.T.);
#5417 = SURFACE_CURVE('',#5418,(#5423,#5430),.PCURVE_S1.);
#5418 = CIRCLE('',#5419,1.05);
#5419 = AXIS2_PLACEMENT_3D('',#5420,#5421,#5422);
#5420 = CARTESIAN_POINT('',(19.798989873223,19.798989873223,4.));
#5421 = DIRECTION('',(0.,0.,1.));
#5422 = DIRECTION('',(1.,0.,0.));
#5423 = PCURVE('',#1865,#5424);
#5424 = DEFINITIONAL_REPRESENTATION('',(#5425),#5429);
#5425 = LINE('',#5426,#5427);
#5426 = CARTESIAN_POINT('',(-0.,-4.1));
#5427 = VECTOR('',#5428,1.);
#5428 = DIRECTION('',(-1.,0.));
#5429 = ( GEOMETRIC_REPRESENTATION_CONTEXT(2) 
PARAMETRIC_REPRESENTATION_CONTEXT() REPRESENTATION_CONTEXT('2D SPACE',''
  ) );
#5430 = PCURVE('',#5431,#5436);
#5431 = PLANE('',#5432);
#5432 = AXIS2_PLACEMENT_3D('',#5433,#5434,#5435);
#5433 = CARTESIAN_POINT('',(19.798989873223,19.798989873223,4.));
#5434 = DIRECTION('',(0.,0.,1.));
#5435 = DIRECTION('',(1.,0.,-0.));
#5436 = DEFINITIONAL_REPRESENTATION('',(#5437),#5441);
#5437 = CIRCLE('',#5438,1.05);
#5438 = AXIS2_PLACEMENT_2D('',#5439,#5440);
#5439 = CARTESIAN_POINT('',(-7.105427357601E-15,-3.552713678801E-15));
#5440 = DIRECTION('',(1.,0.));
#5441 = ( GEOMETRIC_REPRESENTATION_CONTEXT(2) 
PARAMETRIC_REPRESENTATION_CONTEXT() REPRESENTATION_CONTEXT('2D SPACE',''
  ) );
#5442 = ORIENTED_EDGE('',*,*,#5393,.F.);
#5443 = ADVANCED_FACE('',(#5444),#1954,.F.);
#5444 = FACE_BOUND('',#5445,.T.);
#5445 = EDGE_LOOP('',(#5446,#5447,#5470,#5497,#5498,#5499,#5522,#5548));
#5446 = ORIENTED_EDGE('',*,*,#1983,.T.);
#5447 = ORIENTED_EDGE('',*,*,#5448,.F.);
#5448 = EDGE_CURVE('',#5449,#1984,#5451,.T.);
#5449 = VERTEX_POINT('',#5450);
#5450 = CARTESIAN_POINT('',(90.178274512062,15.107391457023,2.5));
#5451 = SURFACE_CURVE('',#5452,(#5456,#5463),.PCURVE_S1.);
#5452 = LINE('',#5453,#5454);
#5453 = CARTESIAN_POINT('',(90.178274512062,15.107391457023,2.5));
#5454 = VECTOR('',#5455,1.);
#5455 = DIRECTION('',(0.,0.,1.));
#5456 = PCURVE('',#1954,#5457);
#5457 = DEFINITIONAL_REPRESENTATION('',(#5458),#5462);
#5458 = LINE('',#5459,#5460);
#5459 = CARTESIAN_POINT('',(-6.28318530718,0.));
#5460 = VECTOR('',#5461,1.);
#5461 = DIRECTION('',(-0.,-1.));
#5462 = ( GEOMETRIC_REPRESENTATION_CONTEXT(2) 
PARAMETRIC_REPRESENTATION_CONTEXT() REPRESENTATION_CONTEXT('2D SPACE',''
  ) );
#5463 = PCURVE('',#2101,#5464);
#5464 = DEFINITIONAL_REPRESENTATION('',(#5465),#5469);
#5465 = LINE('',#5466,#5467);
#5466 = CARTESIAN_POINT('',(-0.,0.));
#5467 = VECTOR('',#5468,1.);
#5468 = DIRECTION('',(-0.,-1.));
#5469 = ( GEOMETRIC_REPRESENTATION_CONTEXT(2) 
PARAMETRIC_REPRESENTATION_CONTEXT() REPRESENTATION_CONTEXT('2D SPACE',''
  ) );
#5470 = ORIENTED_EDGE('',*,*,#5471,.F.);
#5471 = EDGE_CURVE('',#2052,#5449,#5472,.T.);
#5472 = SURFACE_CURVE('',#5473,(#5478,#5485),.PCURVE_S1.);
#5473 = CIRCLE('',#5474,4.5);
#5474 = AXIS2_PLACEMENT_3D('',#5475,#5476,#5477);
#5475 = CARTESIAN_POINT('',(85.678274512062,15.107391457023,2.5));
#5476 = DIRECTION('',(0.,0.,1.));
#5477 = DIRECTION('',(1.,0.,0.));
#5478 = PCURVE('',#1954,#5479);
#5479 = DEFINITIONAL_REPRESENTATION('',(#5480),#5484);
#5480 = LINE('',#5481,#5482);
#5481 = CARTESIAN_POINT('',(-0.,0.));
#5482 = VECTOR('',#5483,1.);
#5483 = DIRECTION('',(-1.,0.));
#5484 = ( GEOMETRIC_REPRESENTATION_CONTEXT(2) 
PARAMETRIC_REPRESENTATION_CONTEXT() REPRESENTATION_CONTEXT('2D SPACE',''
  ) );
#5485 = PCURVE('',#5486,#5491);
#5486 = PLANE('',#5487);
#5487 = AXIS2_PLACEMENT_3D('',#5488,#5489,#5490);
#5488 = CARTESIAN_POINT('',(85.678274512062,15.107391457023,2.5));
#5489 = DIRECTION('',(0.,0.,1.));
#5490 = DIRECTION('',(1.,0.,-0.));
#5491 = DEFINITIONAL_REPRESENTATION('',(#5492),#5496);
#5492 = CIRCLE('',#5493,4.5);
#5493 = AXIS2_PLACEMENT_2D('',#5494,#5495);
#5494 = CARTESIAN_POINT('',(0.,-1.7763568394E-15));
#5495 = DIRECTION('',(1.,0.));
#5496 = ( GEOMETRIC_REPRESENTATION_CONTEXT(2) 
PARAMETRIC_REPRESENTATION_CONTEXT() REPRESENTATION_CONTEXT('2D SPACE',''
  ) );
#5497 = ORIENTED_EDGE('',*,*,#2130,.T.);
#5498 = ORIENTED_EDGE('',*,*,#1904,.T.);
#5499 = ORIENTED_EDGE('',*,*,#5500,.T.);
#5500 = EDGE_CURVE('',#1905,#5501,#5503,.T.);
#5501 = VERTEX_POINT('',#5502);
#5502 = CARTESIAN_POINT('',(90.178274512062,15.107391457023,6.));
#5503 = SEAM_CURVE('',#5504,(#5508,#5515),.PCURVE_S1.);
#5504 = LINE('',#5505,#5506);
#5505 = CARTESIAN_POINT('',(90.178274512062,15.107391457023,2.5));
#5506 = VECTOR('',#5507,1.);
#5507 = DIRECTION('',(0.,0.,1.));
#5508 = PCURVE('',#1954,#5509);
#5509 = DEFINITIONAL_REPRESENTATION('',(#5510),#5514);
#5510 = LINE('',#5511,#5512);
#5511 = CARTESIAN_POINT('',(-0.,0.));
#5512 = VECTOR('',#5513,1.);
#5513 = DIRECTION('',(-0.,-1.));
#5514 = ( GEOMETRIC_REPRESENTATION_CONTEXT(2) 
PARAMETRIC_REPRESENTATION_CONTEXT() REPRESENTATION_CONTEXT('2D SPACE',''
  ) );
#5515 = PCURVE('',#1954,#5516);
#5516 = DEFINITIONAL_REPRESENTATION('',(#5517),#5521);
#5517 = LINE('',#5518,#5519);
#5518 = CARTESIAN_POINT('',(-6.28318530718,0.));
#5519 = VECTOR('',#5520,1.);
#5520 = DIRECTION('',(-0.,-1.));
#5521 = ( GEOMETRIC_REPRESENTATION_CONTEXT(2) 
PARAMETRIC_REPRESENTATION_CONTEXT() REPRESENTATION_CONTEXT('2D SPACE',''
  ) );
#5522 = ORIENTED_EDGE('',*,*,#5523,.F.);
#5523 = EDGE_CURVE('',#5501,#5501,#5524,.T.);
#5524 = SURFACE_CURVE('',#5525,(#5530,#5537),.PCURVE_S1.);
#5525 = CIRCLE('',#5526,4.5);
#5526 = AXIS2_PLACEMENT_3D('',#5527,#5528,#5529);
#5527 = CARTESIAN_POINT('',(85.678274512062,15.107391457023,6.));
#5528 = DIRECTION('',(0.,0.,-1.));
#5529 = DIRECTION('',(1.,0.,0.));
#5530 = PCURVE('',#1954,#5531);
#5531 = DEFINITIONAL_REPRESENTATION('',(#5532),#5536);
#5532 = LINE('',#5533,#5534);
#5533 = CARTESIAN_POINT('',(-6.28318530718,-3.5));
#5534 = VECTOR('',#5535,1.);
#5535 = DIRECTION('',(1.,-0.));
#5536 = ( GEOMETRIC_REPRESENTATION_CONTEXT(2) 
PARAMETRIC_REPRESENTATION_CONTEXT() REPRESENTATION_CONTEXT('2D SPACE',''
  ) );
#5537 = PCURVE('',#4243,#5538);
#5538 = DEFINITIONAL_REPRESENTATION('',(#5539),#5547);
#5539 = ( BOUNDED_CURVE() B_SPLINE_CURVE(2,(#5540,#5541,#5542,#5543,
#5544,#5545,#5546),.UNSPECIFIED.,.T.,.F.) B_SPLINE_CURVE_WITH_KNOTS((1,2
    ,2,2,2,1),(-2.094395102393,0.,2.094395102393,4.188790204786,
6.28318530718,8.377580409573),.UNSPECIFIED.) CURVE() 
GEOMETRIC_REPRESENTATION_ITEM() RATIONAL_B_SPLINE_CURVE((1.,0.5,1.,0.5,
1.,0.5,1.)) REPRESENTATION_ITEM('') );
#5540 = CARTESIAN_POINT('',(90.178274512062,15.107391457023));
#5541 = CARTESIAN_POINT('',(90.178274512062,7.313162822963));
#5542 = CARTESIAN_POINT('',(83.428274512062,11.210277139993));
#5543 = CARTESIAN_POINT('',(76.678274512062,15.107391457023));
#5544 = CARTESIAN_POINT('',(83.428274512062,19.004505774053));
#5545 = CARTESIAN_POINT('',(90.178274512062,22.901620091083));
#5546 = CARTESIAN_POINT('',(90.178274512062,15.107391457023));
#5547 = ( GEOMETRIC_REPRESENTATION_CONTEXT(2) 
PARAMETRIC_REPRESENTATION_CONTEXT() REPRESENTATION_CONTEXT('2D SPACE',''
  ) );
#5548 = ORIENTED_EDGE('',*,*,#5500,.F.);
#5549 = ADVANCED_FACE('',(#5550),#2101,.F.);
#5550 = FACE_BOUND('',#5551,.T.);
#5551 = EDGE_LOOP('',(#5552,#5574,#5575));
#5552 = ORIENTED_EDGE('',*,*,#5553,.F.);
#5553 = EDGE_CURVE('',#5449,#2052,#5554,.T.);
#5554 = SURFACE_CURVE('',#5555,(#5560,#5567),.PCURVE_S1.);
#5555 = CIRCLE('',#5556,4.5);
#5556 = AXIS2_PLACEMENT_3D('',#5557,#5558,#5559);
#5557 = CARTESIAN_POINT('',(85.678274512062,15.107391457023,2.5));
#5558 = DIRECTION('',(0.,0.,1.));
#5559 = DIRECTION('',(1.,0.,0.));
#5560 = PCURVE('',#2101,#5561);
#5561 = DEFINITIONAL_REPRESENTATION('',(#5562),#5566);
#5562 = LINE('',#5563,#5564);
#5563 = CARTESIAN_POINT('',(-0.,0.));
#5564 = VECTOR('',#5565,1.);
#5565 = DIRECTION('',(-1.,0.));
#5566 = ( GEOMETRIC_REPRESENTATION_CONTEXT(2) 
PARAMETRIC_REPRESENTATION_CONTEXT() REPRESENTATION_CONTEXT('2D SPACE',''
  ) );
#5567 = PCURVE('',#5486,#5568);
#5568 = DEFINITIONAL_REPRESENTATION('',(#5569),#5573);
#5569 = CIRCLE('',#5570,4.5);
#5570 = AXIS2_PLACEMENT_2D('',#5571,#5572);
#5571 = CARTESIAN_POINT('',(0.,-1.7763568394E-15));
#5572 = DIRECTION('',(1.,0.));
#5573 = ( GEOMETRIC_REPRESENTATION_CONTEXT(2) 
PARAMETRIC_REPRESENTATION_CONTEXT() REPRESENTATION_CONTEXT('2D SPACE',''
  ) );
#5574 = ORIENTED_EDGE('',*,*,#5448,.T.);
#5575 = ORIENTED_EDGE('',*,*,#2051,.T.);
#5576 = ADVANCED_FACE('',(#5577,#5680),#2340,.F.);
#5577 = FACE_BOUND('',#5578,.T.);
#5578 = EDGE_LOOP('',(#5579,#5604,#5631,#5653,#5654));
#5579 = ORIENTED_EDGE('',*,*,#5580,.F.);
#5580 = EDGE_CURVE('',#5581,#5583,#5585,.T.);
#5581 = VERTEX_POINT('',#5582);
#5582 = CARTESIAN_POINT('',(-81.17827451206,-15.10739145702,2.5));
#5583 = VERTEX_POINT('',#5584);
#5584 = CARTESIAN_POINT('',(-81.17827451206,-15.10739145702,6.));
#5585 = SEAM_CURVE('',#5586,(#5590,#5597),.PCURVE_S1.);
#5586 = LINE('',#5587,#5588);
#5587 = CARTESIAN_POINT('',(-81.17827451206,-15.10739145702,2.5));
#5588 = VECTOR('',#5589,1.);
#5589 = DIRECTION('',(0.,0.,1.));
#5590 = PCURVE('',#2340,#5591);
#5591 = DEFINITIONAL_REPRESENTATION('',(#5592),#5596);
#5592 = LINE('',#5593,#5594);
#5593 = CARTESIAN_POINT('',(-6.28318530718,0.));
#5594 = VECTOR('',#5595,1.);
#5595 = DIRECTION('',(-0.,-1.));
#5596 = ( GEOMETRIC_REPRESENTATION_CONTEXT(2) 
PARAMETRIC_REPRESENTATION_CONTEXT() REPRESENTATION_CONTEXT('2D SPACE',''
  ) );
#5597 = PCURVE('',#2340,#5598);
#5598 = DEFINITIONAL_REPRESENTATION('',(#5599),#5603);
#5599 = LINE('',#5600,#5601);
#5600 = CARTESIAN_POINT('',(-0.,0.));
#5601 = VECTOR('',#5602,1.);
#5602 = DIRECTION('',(-0.,-1.));
#5603 = ( GEOMETRIC_REPRESENTATION_CONTEXT(2) 
PARAMETRIC_REPRESENTATION_CONTEXT() REPRESENTATION_CONTEXT('2D SPACE',''
  ) );
#5604 = ORIENTED_EDGE('',*,*,#5605,.F.);
#5605 = EDGE_CURVE('',#2231,#5581,#5606,.T.);
#5606 = SURFACE_CURVE('',#5607,(#5612,#5619),.PCURVE_S1.);
#5607 = CIRCLE('',#5608,4.5);
#5608 = AXIS2_PLACEMENT_3D('',#5609,#5610,#5611);
#5609 = CARTESIAN_POINT('',(-85.67827451206,-15.10739145702,2.5));
#5610 = DIRECTION('',(0.,0.,1.));
#5611 = DIRECTION('',(1.,0.,0.));
#5612 = PCURVE('',#2340,#5613);
#5613 = DEFINITIONAL_REPRESENTATION('',(#5614),#5618);
#5614 = LINE('',#5615,#5616);
#5615 = CARTESIAN_POINT('',(-0.,0.));
#5616 = VECTOR('',#5617,1.);
#5617 = DIRECTION('',(-1.,0.));
#5618 = ( GEOMETRIC_REPRESENTATION_CONTEXT(2) 
PARAMETRIC_REPRESENTATION_CONTEXT() REPRESENTATION_CONTEXT('2D SPACE',''
  ) );
#5619 = PCURVE('',#5620,#5625);
#5620 = PLANE('',#5621);
#5621 = AXIS2_PLACEMENT_3D('',#5622,#5623,#5624);
#5622 = CARTESIAN_POINT('',(-85.67827451206,-15.10739145702,2.5));
#5623 = DIRECTION('',(0.,0.,1.));
#5624 = DIRECTION('',(1.,0.,-0.));
#5625 = DEFINITIONAL_REPRESENTATION('',(#5626),#5630);
#5626 = CIRCLE('',#5627,4.5);
#5627 = AXIS2_PLACEMENT_2D('',#5628,#5629);
#5628 = CARTESIAN_POINT('',(0.,-1.7763568394E-15));
#5629 = DIRECTION('',(1.,0.));
#5630 = ( GEOMETRIC_REPRESENTATION_CONTEXT(2) 
PARAMETRIC_REPRESENTATION_CONTEXT() REPRESENTATION_CONTEXT('2D SPACE',''
  ) );
#5631 = ORIENTED_EDGE('',*,*,#5632,.F.);
#5632 = EDGE_CURVE('',#5581,#2231,#5633,.T.);
#5633 = SURFACE_CURVE('',#5634,(#5639,#5646),.PCURVE_S1.);
#5634 = CIRCLE('',#5635,4.5);
#5635 = AXIS2_PLACEMENT_3D('',#5636,#5637,#5638);
#5636 = CARTESIAN_POINT('',(-85.67827451206,-15.10739145702,2.5));
#5637 = DIRECTION('',(0.,0.,1.));
#5638 = DIRECTION('',(1.,0.,0.));
#5639 = PCURVE('',#2340,#5640);
#5640 = DEFINITIONAL_REPRESENTATION('',(#5641),#5645);
#5641 = LINE('',#5642,#5643);
#5642 = CARTESIAN_POINT('',(-0.,0.));
#5643 = VECTOR('',#5644,1.);
#5644 = DIRECTION('',(-1.,0.));
#5645 = ( GEOMETRIC_REPRESENTATION_CONTEXT(2) 
PARAMETRIC_REPRESENTATION_CONTEXT() REPRESENTATION_CONTEXT('2D SPACE',''
  ) );
#5646 = PCURVE('',#5620,#5647);
#5647 = DEFINITIONAL_REPRESENTATION('',(#5648),#5652);
#5648 = CIRCLE('',#5649,4.5);
#5649 = AXIS2_PLACEMENT_2D('',#5650,#5651);
#5650 = CARTESIAN_POINT('',(0.,-1.7763568394E-15));
#5651 = DIRECTION('',(1.,0.));
#5652 = ( GEOMETRIC_REPRESENTATION_CONTEXT(2) 
PARAMETRIC_REPRESENTATION_CONTEXT() REPRESENTATION_CONTEXT('2D SPACE',''
  ) );
#5653 = ORIENTED_EDGE('',*,*,#5580,.T.);
#5654 = ORIENTED_EDGE('',*,*,#5655,.F.);
#5655 = EDGE_CURVE('',#5583,#5583,#5656,.T.);
#5656 = SURFACE_CURVE('',#5657,(#5662,#5669),.PCURVE_S1.);
#5657 = CIRCLE('',#5658,4.5);
#5658 = AXIS2_PLACEMENT_3D('',#5659,#5660,#5661);
#5659 = CARTESIAN_POINT('',(-85.67827451206,-15.10739145702,6.));
#5660 = DIRECTION('',(0.,0.,-1.));
#5661 = DIRECTION('',(1.,0.,0.));
#5662 = PCURVE('',#2340,#5663);
#5663 = DEFINITIONAL_REPRESENTATION('',(#5664),#5668);
#5664 = LINE('',#5665,#5666);
#5665 = CARTESIAN_POINT('',(-6.28318530718,-3.5));
#5666 = VECTOR('',#5667,1.);
#5667 = DIRECTION('',(1.,-0.));
#5668 = ( GEOMETRIC_REPRESENTATION_CONTEXT(2) 
PARAMETRIC_REPRESENTATION_CONTEXT() REPRESENTATION_CONTEXT('2D SPACE',''
  ) );
#5669 = PCURVE('',#4243,#5670);
#5670 = DEFINITIONAL_REPRESENTATION('',(#5671),#5679);
#5671 = ( BOUNDED_CURVE() B_SPLINE_CURVE(2,(#5672,#5673,#5674,#5675,
#5676,#5677,#5678),.UNSPECIFIED.,.T.,.F.) B_SPLINE_CURVE_WITH_KNOTS((1,2
    ,2,2,2,1),(-2.094395102393,0.,2.094395102393,4.188790204786,
6.28318530718,8.377580409573),.UNSPECIFIED.) CURVE() 
GEOMETRIC_REPRESENTATION_ITEM() RATIONAL_B_SPLINE_CURVE((1.,0.5,1.,0.5,
1.,0.5,1.)) REPRESENTATION_ITEM('') );
#5672 = CARTESIAN_POINT('',(-81.17827451206,-15.10739145702));
#5673 = CARTESIAN_POINT('',(-81.17827451206,-22.90162009108));
#5674 = CARTESIAN_POINT('',(-87.92827451206,-19.00450577405));
#5675 = CARTESIAN_POINT('',(-94.67827451206,-15.10739145702));
#5676 = CARTESIAN_POINT('',(-87.92827451206,-11.21027713999));
#5677 = CARTESIAN_POINT('',(-81.17827451206,-7.313162822963));
#5678 = CARTESIAN_POINT('',(-81.17827451206,-15.10739145702));
#5679 = ( GEOMETRIC_REPRESENTATION_CONTEXT(2) 
PARAMETRIC_REPRESENTATION_CONTEXT() REPRESENTATION_CONTEXT('2D SPACE',''
  ) );
#5680 = FACE_BOUND('',#5681,.T.);
#5681 = EDGE_LOOP('',(#5682,#5683));
#5682 = ORIENTED_EDGE('',*,*,#2230,.T.);
#5683 = ORIENTED_EDGE('',*,*,#2399,.T.);
#5684 = ADVANCED_FACE('',(#5685,#5788),#2687,.F.);
#5685 = FACE_BOUND('',#5686,.T.);
#5686 = EDGE_LOOP('',(#5687,#5712,#5739,#5761,#5762));
#5687 = ORIENTED_EDGE('',*,*,#5688,.F.);
#5688 = EDGE_CURVE('',#5689,#5691,#5693,.T.);
#5689 = VERTEX_POINT('',#5690);
#5690 = CARTESIAN_POINT('',(-10.60739145702,85.678274512062,2.5));
#5691 = VERTEX_POINT('',#5692);
#5692 = CARTESIAN_POINT('',(-10.60739145702,85.678274512062,6.));
#5693 = SEAM_CURVE('',#5694,(#5698,#5705),.PCURVE_S1.);
#5694 = LINE('',#5695,#5696);
#5695 = CARTESIAN_POINT('',(-10.60739145702,85.678274512062,2.5));
#5696 = VECTOR('',#5697,1.);
#5697 = DIRECTION('',(0.,0.,1.));
#5698 = PCURVE('',#2687,#5699);
#5699 = DEFINITIONAL_REPRESENTATION('',(#5700),#5704);
#5700 = LINE('',#5701,#5702);
#5701 = CARTESIAN_POINT('',(-6.28318530718,0.));
#5702 = VECTOR('',#5703,1.);
#5703 = DIRECTION('',(-0.,-1.));
#5704 = ( GEOMETRIC_REPRESENTATION_CONTEXT(2) 
PARAMETRIC_REPRESENTATION_CONTEXT() REPRESENTATION_CONTEXT('2D SPACE',''
  ) );
#5705 = PCURVE('',#2687,#5706);
#5706 = DEFINITIONAL_REPRESENTATION('',(#5707),#5711);
#5707 = LINE('',#5708,#5709);
#5708 = CARTESIAN_POINT('',(-0.,0.));
#5709 = VECTOR('',#5710,1.);
#5710 = DIRECTION('',(-0.,-1.));
#5711 = ( GEOMETRIC_REPRESENTATION_CONTEXT(2) 
PARAMETRIC_REPRESENTATION_CONTEXT() REPRESENTATION_CONTEXT('2D SPACE',''
  ) );
#5712 = ORIENTED_EDGE('',*,*,#5713,.F.);
#5713 = EDGE_CURVE('',#2590,#5689,#5714,.T.);
#5714 = SURFACE_CURVE('',#5715,(#5720,#5727),.PCURVE_S1.);
#5715 = CIRCLE('',#5716,4.5);
#5716 = AXIS2_PLACEMENT_3D('',#5717,#5718,#5719);
#5717 = CARTESIAN_POINT('',(-15.10739145702,85.678274512062,2.5));
#5718 = DIRECTION('',(0.,0.,1.));
#5719 = DIRECTION('',(1.,0.,0.));
#5720 = PCURVE('',#2687,#5721);
#5721 = DEFINITIONAL_REPRESENTATION('',(#5722),#5726);
#5722 = LINE('',#5723,#5724);
#5723 = CARTESIAN_POINT('',(-0.,0.));
#5724 = VECTOR('',#5725,1.);
#5725 = DIRECTION('',(-1.,0.));
#5726 = ( GEOMETRIC_REPRESENTATION_CONTEXT(2) 
PARAMETRIC_REPRESENTATION_CONTEXT() REPRESENTATION_CONTEXT('2D SPACE',''
  ) );
#5727 = PCURVE('',#5728,#5733);
#5728 = PLANE('',#5729);
#5729 = AXIS2_PLACEMENT_3D('',#5730,#5731,#5732);
#5730 = CARTESIAN_POINT('',(-15.10739145702,85.678274512062,2.5));
#5731 = DIRECTION('',(0.,0.,1.));
#5732 = DIRECTION('',(1.,0.,-0.));
#5733 = DEFINITIONAL_REPRESENTATION('',(#5734),#5738);
#5734 = CIRCLE('',#5735,4.5);
#5735 = AXIS2_PLACEMENT_2D('',#5736,#5737);
#5736 = CARTESIAN_POINT('',(1.7763568394E-15,0.));
#5737 = DIRECTION('',(1.,0.));
#5738 = ( GEOMETRIC_REPRESENTATION_CONTEXT(2) 
PARAMETRIC_REPRESENTATION_CONTEXT() REPRESENTATION_CONTEXT('2D SPACE',''
  ) );
#5739 = ORIENTED_EDGE('',*,*,#5740,.F.);
#5740 = EDGE_CURVE('',#5689,#2590,#5741,.T.);
#5741 = SURFACE_CURVE('',#5742,(#5747,#5754),.PCURVE_S1.);
#5742 = CIRCLE('',#5743,4.5);
#5743 = AXIS2_PLACEMENT_3D('',#5744,#5745,#5746);
#5744 = CARTESIAN_POINT('',(-15.10739145702,85.678274512062,2.5));
#5745 = DIRECTION('',(0.,0.,1.));
#5746 = DIRECTION('',(1.,0.,0.));
#5747 = PCURVE('',#2687,#5748);
#5748 = DEFINITIONAL_REPRESENTATION('',(#5749),#5753);
#5749 = LINE('',#5750,#5751);
#5750 = CARTESIAN_POINT('',(-0.,0.));
#5751 = VECTOR('',#5752,1.);
#5752 = DIRECTION('',(-1.,0.));
#5753 = ( GEOMETRIC_REPRESENTATION_CONTEXT(2) 
PARAMETRIC_REPRESENTATION_CONTEXT() REPRESENTATION_CONTEXT('2D SPACE',''
  ) );
#5754 = PCURVE('',#5728,#5755);
#5755 = DEFINITIONAL_REPRESENTATION('',(#5756),#5760);
#5756 = CIRCLE('',#5757,4.5);
#5757 = AXIS2_PLACEMENT_2D('',#5758,#5759);
#5758 = CARTESIAN_POINT('',(1.7763568394E-15,0.));
#5759 = DIRECTION('',(1.,0.));
#5760 = ( GEOMETRIC_REPRESENTATION_CONTEXT(2) 
PARAMETRIC_REPRESENTATION_CONTEXT() REPRESENTATION_CONTEXT('2D SPACE',''
  ) );
#5761 = ORIENTED_EDGE('',*,*,#5688,.T.);
#5762 = ORIENTED_EDGE('',*,*,#5763,.F.);
#5763 = EDGE_CURVE('',#5691,#5691,#5764,.T.);
#5764 = SURFACE_CURVE('',#5765,(#5770,#5777),.PCURVE_S1.);
#5765 = CIRCLE('',#5766,4.5);
#5766 = AXIS2_PLACEMENT_3D('',#5767,#5768,#5769);
#5767 = CARTESIAN_POINT('',(-15.10739145702,85.678274512062,6.));
#5768 = DIRECTION('',(0.,0.,-1.));
#5769 = DIRECTION('',(1.,0.,0.));
#5770 = PCURVE('',#2687,#5771);
#5771 = DEFINITIONAL_REPRESENTATION('',(#5772),#5776);
#5772 = LINE('',#5773,#5774);
#5773 = CARTESIAN_POINT('',(-6.28318530718,-3.5));
#5774 = VECTOR('',#5775,1.);
#5775 = DIRECTION('',(1.,-0.));
#5776 = ( GEOMETRIC_REPRESENTATION_CONTEXT(2) 
PARAMETRIC_REPRESENTATION_CONTEXT() REPRESENTATION_CONTEXT('2D SPACE',''
  ) );
#5777 = PCURVE('',#4243,#5778);
#5778 = DEFINITIONAL_REPRESENTATION('',(#5779),#5787);
#5779 = ( BOUNDED_CURVE() B_SPLINE_CURVE(2,(#5780,#5781,#5782,#5783,
#5784,#5785,#5786),.UNSPECIFIED.,.T.,.F.) B_SPLINE_CURVE_WITH_KNOTS((1,2
    ,2,2,2,1),(-2.094395102393,0.,2.094395102393,4.188790204786,
6.28318530718,8.377580409573),.UNSPECIFIED.) CURVE() 
GEOMETRIC_REPRESENTATION_ITEM() RATIONAL_B_SPLINE_CURVE((1.,0.5,1.,0.5,
1.,0.5,1.)) REPRESENTATION_ITEM('') );
#5780 = CARTESIAN_POINT('',(-10.60739145702,85.678274512062));
#5781 = CARTESIAN_POINT('',(-10.60739145702,77.884045878002));
#5782 = CARTESIAN_POINT('',(-17.35739145702,81.781160195032));
#5783 = CARTESIAN_POINT('',(-24.10739145702,85.678274512062));
#5784 = CARTESIAN_POINT('',(-17.35739145702,89.575388829092));
#5785 = CARTESIAN_POINT('',(-10.60739145702,93.472503146122));
#5786 = CARTESIAN_POINT('',(-10.60739145702,85.678274512062));
#5787 = ( GEOMETRIC_REPRESENTATION_CONTEXT(2) 
PARAMETRIC_REPRESENTATION_CONTEXT() REPRESENTATION_CONTEXT('2D SPACE',''
  ) );
#5788 = FACE_BOUND('',#5789,.T.);
#5789 = EDGE_LOOP('',(#5790,#5791));
#5790 = ORIENTED_EDGE('',*,*,#2589,.T.);
#5791 = ORIENTED_EDGE('',*,*,#2740,.T.);
#5792 = ADVANCED_FACE('',(#5793,#5896),#3010,.F.);
#5793 = FACE_BOUND('',#5794,.T.);
#5794 = EDGE_LOOP('',(#5795,#5820,#5847,#5869,#5870));
#5795 = ORIENTED_EDGE('',*,*,#5796,.F.);
#5796 = EDGE_CURVE('',#5797,#5799,#5801,.T.);
#5797 = VERTEX_POINT('',#5798);
#5798 = CARTESIAN_POINT('',(19.607391457023,-85.67827451206,2.5));
#5799 = VERTEX_POINT('',#5800);
#5800 = CARTESIAN_POINT('',(19.607391457023,-85.67827451206,6.));
#5801 = SEAM_CURVE('',#5802,(#5806,#5813),.PCURVE_S1.);
#5802 = LINE('',#5803,#5804);
#5803 = CARTESIAN_POINT('',(19.607391457023,-85.67827451206,2.5));
#5804 = VECTOR('',#5805,1.);
#5805 = DIRECTION('',(0.,0.,1.));
#5806 = PCURVE('',#3010,#5807);
#5807 = DEFINITIONAL_REPRESENTATION('',(#5808),#5812);
#5808 = LINE('',#5809,#5810);
#5809 = CARTESIAN_POINT('',(-6.28318530718,0.));
#5810 = VECTOR('',#5811,1.);
#5811 = DIRECTION('',(-0.,-1.));
#5812 = ( GEOMETRIC_REPRESENTATION_CONTEXT(2) 
PARAMETRIC_REPRESENTATION_CONTEXT() REPRESENTATION_CONTEXT('2D SPACE',''
  ) );
#5813 = PCURVE('',#3010,#5814);
#5814 = DEFINITIONAL_REPRESENTATION('',(#5815),#5819);
#5815 = LINE('',#5816,#5817);
#5816 = CARTESIAN_POINT('',(-0.,0.));
#5817 = VECTOR('',#5818,1.);
#5818 = DIRECTION('',(-0.,-1.));
#5819 = ( GEOMETRIC_REPRESENTATION_CONTEXT(2) 
PARAMETRIC_REPRESENTATION_CONTEXT() REPRESENTATION_CONTEXT('2D SPACE',''
  ) );
#5820 = ORIENTED_EDGE('',*,*,#5821,.F.);
#5821 = EDGE_CURVE('',#2913,#5797,#5822,.T.);
#5822 = SURFACE_CURVE('',#5823,(#5828,#5835),.PCURVE_S1.);
#5823 = CIRCLE('',#5824,4.5);
#5824 = AXIS2_PLACEMENT_3D('',#5825,#5826,#5827);
#5825 = CARTESIAN_POINT('',(15.107391457023,-85.67827451206,2.5));
#5826 = DIRECTION('',(0.,0.,1.));
#5827 = DIRECTION('',(1.,0.,0.));
#5828 = PCURVE('',#3010,#5829);
#5829 = DEFINITIONAL_REPRESENTATION('',(#5830),#5834);
#5830 = LINE('',#5831,#5832);
#5831 = CARTESIAN_POINT('',(-0.,0.));
#5832 = VECTOR('',#5833,1.);
#5833 = DIRECTION('',(-1.,0.));
#5834 = ( GEOMETRIC_REPRESENTATION_CONTEXT(2) 
PARAMETRIC_REPRESENTATION_CONTEXT() REPRESENTATION_CONTEXT('2D SPACE',''
  ) );
#5835 = PCURVE('',#5836,#5841);
#5836 = PLANE('',#5837);
#5837 = AXIS2_PLACEMENT_3D('',#5838,#5839,#5840);
#5838 = CARTESIAN_POINT('',(15.107391457023,-85.67827451206,2.5));
#5839 = DIRECTION('',(0.,0.,1.));
#5840 = DIRECTION('',(1.,0.,-0.));
#5841 = DEFINITIONAL_REPRESENTATION('',(#5842),#5846);
#5842 = CIRCLE('',#5843,4.5);
#5843 = AXIS2_PLACEMENT_2D('',#5844,#5845);
#5844 = CARTESIAN_POINT('',(0.,0.));
#5845 = DIRECTION('',(1.,0.));
#5846 = ( GEOMETRIC_REPRESENTATION_CONTEXT(2) 
PARAMETRIC_REPRESENTATION_CONTEXT() REPRESENTATION_CONTEXT('2D SPACE',''
  ) );
#5847 = ORIENTED_EDGE('',*,*,#5848,.F.);
#5848 = EDGE_CURVE('',#5797,#2913,#5849,.T.);
#5849 = SURFACE_CURVE('',#5850,(#5855,#5862),.PCURVE_S1.);
#5850 = CIRCLE('',#5851,4.5);
#5851 = AXIS2_PLACEMENT_3D('',#5852,#5853,#5854);
#5852 = CARTESIAN_POINT('',(15.107391457023,-85.67827451206,2.5));
#5853 = DIRECTION('',(0.,0.,1.));
#5854 = DIRECTION('',(1.,0.,0.));
#5855 = PCURVE('',#3010,#5856);
#5856 = DEFINITIONAL_REPRESENTATION('',(#5857),#5861);
#5857 = LINE('',#5858,#5859);
#5858 = CARTESIAN_POINT('',(-0.,0.));
#5859 = VECTOR('',#5860,1.);
#5860 = DIRECTION('',(-1.,0.));
#5861 = ( GEOMETRIC_REPRESENTATION_CONTEXT(2) 
PARAMETRIC_REPRESENTATION_CONTEXT() REPRESENTATION_CONTEXT('2D SPACE',''
  ) );
#5862 = PCURVE('',#5836,#5863);
#5863 = DEFINITIONAL_REPRESENTATION('',(#5864),#5868);
#5864 = CIRCLE('',#5865,4.5);
#5865 = AXIS2_PLACEMENT_2D('',#5866,#5867);
#5866 = CARTESIAN_POINT('',(0.,0.));
#5867 = DIRECTION('',(1.,0.));
#5868 = ( GEOMETRIC_REPRESENTATION_CONTEXT(2) 
PARAMETRIC_REPRESENTATION_CONTEXT() REPRESENTATION_CONTEXT('2D SPACE',''
  ) );
#5869 = ORIENTED_EDGE('',*,*,#5796,.T.);
#5870 = ORIENTED_EDGE('',*,*,#5871,.F.);
#5871 = EDGE_CURVE('',#5799,#5799,#5872,.T.);
#5872 = SURFACE_CURVE('',#5873,(#5878,#5885),.PCURVE_S1.);
#5873 = CIRCLE('',#5874,4.5);
#5874 = AXIS2_PLACEMENT_3D('',#5875,#5876,#5877);
#5875 = CARTESIAN_POINT('',(15.107391457023,-85.67827451206,6.));
#5876 = DIRECTION('',(0.,0.,-1.));
#5877 = DIRECTION('',(1.,0.,0.));
#5878 = PCURVE('',#3010,#5879);
#5879 = DEFINITIONAL_REPRESENTATION('',(#5880),#5884);
#5880 = LINE('',#5881,#5882);
#5881 = CARTESIAN_POINT('',(-6.28318530718,-3.5));
#5882 = VECTOR('',#5883,1.);
#5883 = DIRECTION('',(1.,-0.));
#5884 = ( GEOMETRIC_REPRESENTATION_CONTEXT(2) 
PARAMETRIC_REPRESENTATION_CONTEXT() REPRESENTATION_CONTEXT('2D SPACE',''
  ) );
#5885 = PCURVE('',#4243,#5886);
#5886 = DEFINITIONAL_REPRESENTATION('',(#5887),#5895);
#5887 = ( BOUNDED_CURVE() B_SPLINE_CURVE(2,(#5888,#5889,#5890,#5891,
#5892,#5893,#5894),.UNSPECIFIED.,.T.,.F.) B_SPLINE_CURVE_WITH_KNOTS((1,2
    ,2,2,2,1),(-2.094395102393,0.,2.094395102393,4.188790204786,
6.28318530718,8.377580409573),.UNSPECIFIED.) CURVE() 
GEOMETRIC_REPRESENTATION_ITEM() RATIONAL_B_SPLINE_CURVE((1.,0.5,1.,0.5,
1.,0.5,1.)) REPRESENTATION_ITEM('') );
#5888 = CARTESIAN_POINT('',(19.607391457023,-85.67827451206));
#5889 = CARTESIAN_POINT('',(19.607391457023,-93.47250314612));
#5890 = CARTESIAN_POINT('',(12.857391457023,-89.57538882909));
#5891 = CARTESIAN_POINT('',(6.107391457023,-85.67827451206));
#5892 = CARTESIAN_POINT('',(12.857391457023,-81.78116019503));
#5893 = CARTESIAN_POINT('',(19.607391457023,-77.884045878));
#5894 = CARTESIAN_POINT('',(19.607391457023,-85.67827451206));
#5895 = ( GEOMETRIC_REPRESENTATION_CONTEXT(2) 
PARAMETRIC_REPRESENTATION_CONTEXT() REPRESENTATION_CONTEXT('2D SPACE',''
  ) );
#5896 = FACE_BOUND('',#5897,.T.);
#5897 = EDGE_LOOP('',(#5898,#5899));
#5898 = ORIENTED_EDGE('',*,*,#2912,.T.);
#5899 = ORIENTED_EDGE('',*,*,#3063,.T.);
#5900 = ADVANCED_FACE('',(#5901),#3250,.T.);
#5901 = FACE_BOUND('',#5902,.T.);
#5902 = EDGE_LOOP('',(#5903,#5904,#5905,#5906));
#5903 = ORIENTED_EDGE('',*,*,#3337,.F.);
#5904 = ORIENTED_EDGE('',*,*,#3234,.T.);
#5905 = ORIENTED_EDGE('',*,*,#3288,.T.);
#5906 = ORIENTED_EDGE('',*,*,#3386,.F.);
#5907 = ADVANCED_FACE('',(#5908,#6670,#6705,#6740,#6775,#6810,#6845,
    #6880),#3453,.F.);
#5908 = FACE_BOUND('',#5909,.F.);
#5909 = EDGE_LOOP('',(#5910,#5940,#5969,#5997,#6026,#6054,#6080,#6081,
    #6082,#6105,#6133,#6166,#6194,#6223,#6251,#6280,#6308,#6334,#6335,
    #6358,#6386,#6419,#6447,#6476,#6504,#6537,#6565,#6591,#6592,#6615,
    #6643));
#5910 = ORIENTED_EDGE('',*,*,#5911,.F.);
#5911 = EDGE_CURVE('',#5912,#5914,#5916,.T.);
#5912 = VERTEX_POINT('',#5913);
#5913 = CARTESIAN_POINT('',(-5.,17.291616465791,30.));
#5914 = VERTEX_POINT('',#5915);
#5915 = CARTESIAN_POINT('',(-5.,51.99041553421,30.));
#5916 = SURFACE_CURVE('',#5917,(#5921,#5928),.PCURVE_S1.);
#5917 = LINE('',#5918,#5919);
#5918 = CARTESIAN_POINT('',(-5.,0.,30.));
#5919 = VECTOR('',#5920,1.);
#5920 = DIRECTION('',(0.,1.,0.));
#5921 = PCURVE('',#3453,#5922);
#5922 = DEFINITIONAL_REPRESENTATION('',(#5923),#5927);
#5923 = LINE('',#5924,#5925);
#5924 = CARTESIAN_POINT('',(-5.,7.347880794884E-16));
#5925 = VECTOR('',#5926,1.);
#5926 = DIRECTION('',(0.,1.));
#5927 = ( GEOMETRIC_REPRESENTATION_CONTEXT(2) 
PARAMETRIC_REPRESENTATION_CONTEXT() REPRESENTATION_CONTEXT('2D SPACE',''
  ) );
#5928 = PCURVE('',#5929,#5934);
#5929 = PLANE('',#5930);
#5930 = AXIS2_PLACEMENT_3D('',#5931,#5932,#5933);
#5931 = CARTESIAN_POINT('',(-5.,0.,30.));
#5932 = DIRECTION('',(-1.,0.,0.));
#5933 = DIRECTION('',(0.,1.,0.));
#5934 = DEFINITIONAL_REPRESENTATION('',(#5935),#5939);
#5935 = LINE('',#5936,#5937);
#5936 = CARTESIAN_POINT('',(0.,0.));
#5937 = VECTOR('',#5938,1.);
#5938 = DIRECTION('',(1.,0.));
#5939 = ( GEOMETRIC_REPRESENTATION_CONTEXT(2) 
PARAMETRIC_REPRESENTATION_CONTEXT() REPRESENTATION_CONTEXT('2D SPACE',''
  ) );
#5940 = ORIENTED_EDGE('',*,*,#5941,.T.);
#5941 = EDGE_CURVE('',#5912,#5942,#5944,.T.);
#5942 = VERTEX_POINT('',#5943);
#5943 = CARTESIAN_POINT('',(-17.47497914003,-4.315681180907,30.));
#5944 = SURFACE_CURVE('',#5945,(#5950,#5957),.PCURVE_S1.);
#5945 = CIRCLE('',#5946,18.);
#5946 = AXIS2_PLACEMENT_3D('',#5947,#5948,#5949);
#5947 = CARTESIAN_POINT('',(0.,0.,30.));
#5948 = DIRECTION('',(0.,0.,1.));
#5949 = DIRECTION('',(-0.277777777778,0.960645359211,0.));
#5950 = PCURVE('',#3453,#5951);
#5951 = DEFINITIONAL_REPRESENTATION('',(#5952),#5956);
#5952 = CIRCLE('',#5953,18.);
#5953 = AXIS2_PLACEMENT_2D('',#5954,#5955);
#5954 = CARTESIAN_POINT('',(1.215502340035E-15,7.347880794884E-16));
#5955 = DIRECTION('',(-0.277777777778,0.960645359211));
#5956 = ( GEOMETRIC_REPRESENTATION_CONTEXT(2) 
PARAMETRIC_REPRESENTATION_CONTEXT() REPRESENTATION_CONTEXT('2D SPACE',''
  ) );
#5957 = PCURVE('',#5958,#5963);
#5958 = CYLINDRICAL_SURFACE('',#5959,18.);
#5959 = AXIS2_PLACEMENT_3D('',#5960,#5961,#5962);
#5960 = CARTESIAN_POINT('',(0.,0.,30.));
#5961 = DIRECTION('',(-0.,-0.,-1.));
#5962 = DIRECTION('',(1.,0.,0.));
#5963 = DEFINITIONAL_REPRESENTATION('',(#5964),#5968);
#5964 = LINE('',#5965,#5966);
#5965 = CARTESIAN_POINT('',(-1.852276400026,0.));
#5966 = VECTOR('',#5967,1.);
#5967 = DIRECTION('',(-1.,0.));
#5968 = ( GEOMETRIC_REPRESENTATION_CONTEXT(2) 
PARAMETRIC_REPRESENTATION_CONTEXT() REPRESENTATION_CONTEXT('2D SPACE',''
  ) );
#5969 = ORIENTED_EDGE('',*,*,#5970,.F.);
#5970 = EDGE_CURVE('',#5971,#5942,#5973,.T.);
#5971 = VERTEX_POINT('',#5972);
#5972 = CARTESIAN_POINT('',(-47.52502084357,-21.66508077178,30.));
#5973 = SURFACE_CURVE('',#5974,(#5978,#5985),.PCURVE_S1.);
#5974 = LINE('',#5975,#5976);
#5975 = CARTESIAN_POINT('',(-89.10254046486,-45.66987281247,30.));
#5976 = VECTOR('',#5977,1.);
#5977 = DIRECTION('',(0.866025404731,0.499999998361,0.));
#5978 = PCURVE('',#3453,#5979);
#5979 = DEFINITIONAL_REPRESENTATION('',(#5980),#5984);
#5980 = LINE('',#5981,#5982);
#5981 = CARTESIAN_POINT('',(-89.10254046486,-45.66987281247));
#5982 = VECTOR('',#5983,1.);
#5983 = DIRECTION('',(0.866025404731,0.499999998361));
#5984 = ( GEOMETRIC_REPRESENTATION_CONTEXT(2) 
PARAMETRIC_REPRESENTATION_CONTEXT() REPRESENTATION_CONTEXT('2D SPACE',''
  ) );
#5985 = PCURVE('',#5986,#5991);
#5986 = PLANE('',#5987);
#5987 = AXIS2_PLACEMENT_3D('',#5988,#5989,#5990);
#5988 = CARTESIAN_POINT('',(-89.10254046486,-45.66987281247,30.));
#5989 = DIRECTION('',(-0.499999998361,0.866025404731,0.));
#5990 = DIRECTION('',(0.866025404731,0.499999998361,0.));
#5991 = DEFINITIONAL_REPRESENTATION('',(#5992),#5996);
#5992 = LINE('',#5993,#5994);
#5993 = CARTESIAN_POINT('',(0.,0.));
#5994 = VECTOR('',#5995,1.);
#5995 = DIRECTION('',(1.,0.));
#5996 = ( GEOMETRIC_REPRESENTATION_CONTEXT(2) 
PARAMETRIC_REPRESENTATION_CONTEXT() REPRESENTATION_CONTEXT('2D SPACE',''
  ) );
#5997 = ORIENTED_EDGE('',*,*,#5998,.T.);
#5998 = EDGE_CURVE('',#5971,#5999,#6001,.T.);
#5999 = VERTEX_POINT('',#6000);
#6000 = CARTESIAN_POINT('',(-77.47497914003,-38.9566971809,30.));
#6001 = SURFACE_CURVE('',#6002,(#6007,#6014),.PCURVE_S1.);
#6002 = CIRCLE('',#6003,18.);
#6003 = AXIS2_PLACEMENT_3D('',#6004,#6005,#6006);
#6004 = CARTESIAN_POINT('',(-60.,-34.641016,30.));
#6005 = DIRECTION('',(0.,0.,1.));
#6006 = DIRECTION('',(1.,0.,0.));
#6007 = PCURVE('',#3453,#6008);
#6008 = DEFINITIONAL_REPRESENTATION('',(#6009),#6013);
#6009 = CIRCLE('',#6010,18.);
#6010 = AXIS2_PLACEMENT_2D('',#6011,#6012);
#6011 = CARTESIAN_POINT('',(-60.,-34.641016));
#6012 = DIRECTION('',(1.,0.));
#6013 = ( GEOMETRIC_REPRESENTATION_CONTEXT(2) 
PARAMETRIC_REPRESENTATION_CONTEXT() REPRESENTATION_CONTEXT('2D SPACE',''
  ) );
#6014 = PCURVE('',#6015,#6020);
#6015 = CYLINDRICAL_SURFACE('',#6016,18.);
#6016 = AXIS2_PLACEMENT_3D('',#6017,#6018,#6019);
#6017 = CARTESIAN_POINT('',(-60.,-34.641016,30.));
#6018 = DIRECTION('',(-0.,-0.,-1.));
#6019 = DIRECTION('',(1.,0.,0.));
#6020 = DEFINITIONAL_REPRESENTATION('',(#6021),#6025);
#6021 = LINE('',#6022,#6023);
#6022 = CARTESIAN_POINT('',(-0.,0.));
#6023 = VECTOR('',#6024,1.);
#6024 = DIRECTION('',(-1.,0.));
#6025 = ( GEOMETRIC_REPRESENTATION_CONTEXT(2) 
PARAMETRIC_REPRESENTATION_CONTEXT() REPRESENTATION_CONTEXT('2D SPACE',''
  ) );
#6026 = ORIENTED_EDGE('',*,*,#6027,.F.);
#6027 = EDGE_CURVE('',#6028,#5999,#6030,.T.);
#6028 = VERTEX_POINT('',#6029);
#6029 = CARTESIAN_POINT('',(-89.10254046486,-45.66987281247,30.));
#6030 = SURFACE_CURVE('',#6031,(#6035,#6042),.PCURVE_S1.);
#6031 = LINE('',#6032,#6033);
#6032 = CARTESIAN_POINT('',(-89.10254046486,-45.66987281247,30.));
#6033 = VECTOR('',#6034,1.);
#6034 = DIRECTION('',(0.866025404731,0.499999998361,0.));
#6035 = PCURVE('',#3453,#6036);
#6036 = DEFINITIONAL_REPRESENTATION('',(#6037),#6041);
#6037 = LINE('',#6038,#6039);
#6038 = CARTESIAN_POINT('',(-89.10254046486,-45.66987281247));
#6039 = VECTOR('',#6040,1.);
#6040 = DIRECTION('',(0.866025404731,0.499999998361));
#6041 = ( GEOMETRIC_REPRESENTATION_CONTEXT(2) 
PARAMETRIC_REPRESENTATION_CONTEXT() REPRESENTATION_CONTEXT('2D SPACE',''
  ) );
#6042 = PCURVE('',#6043,#6048);
#6043 = PLANE('',#6044);
#6044 = AXIS2_PLACEMENT_3D('',#6045,#6046,#6047);
#6045 = CARTESIAN_POINT('',(-89.10254046486,-45.66987281247,30.));
#6046 = DIRECTION('',(-0.499999998361,0.866025404731,0.));
#6047 = DIRECTION('',(0.866025404731,0.499999998361,0.));
#6048 = DEFINITIONAL_REPRESENTATION('',(#6049),#6053);
#6049 = LINE('',#6050,#6051);
#6050 = CARTESIAN_POINT('',(0.,0.));
#6051 = VECTOR('',#6052,1.);
#6052 = DIRECTION('',(1.,0.));
#6053 = ( GEOMETRIC_REPRESENTATION_CONTEXT(2) 
PARAMETRIC_REPRESENTATION_CONTEXT() REPRESENTATION_CONTEXT('2D SPACE',''
  ) );
#6054 = ORIENTED_EDGE('',*,*,#6055,.F.);
#6055 = EDGE_CURVE('',#3437,#6028,#6056,.T.);
#6056 = SURFACE_CURVE('',#6057,(#6061,#6068),.PCURVE_S1.);
#6057 = LINE('',#6058,#6059);
#6058 = CARTESIAN_POINT('',(-84.10254048124,-54.33012685978,30.));
#6059 = VECTOR('',#6060,1.);
#6060 = DIRECTION('',(-0.499999998361,0.866025404731,0.));
#6061 = PCURVE('',#3453,#6062);
#6062 = DEFINITIONAL_REPRESENTATION('',(#6063),#6067);
#6063 = LINE('',#6064,#6065);
#6064 = CARTESIAN_POINT('',(-84.10254048124,-54.33012685978));
#6065 = VECTOR('',#6066,1.);
#6066 = DIRECTION('',(-0.499999998361,0.866025404731));
#6067 = ( GEOMETRIC_REPRESENTATION_CONTEXT(2) 
PARAMETRIC_REPRESENTATION_CONTEXT() REPRESENTATION_CONTEXT('2D SPACE',''
  ) );
#6068 = PCURVE('',#6069,#6074);
#6069 = PLANE('',#6070);
#6070 = AXIS2_PLACEMENT_3D('',#6071,#6072,#6073);
#6071 = CARTESIAN_POINT('',(-84.10254048124,-54.33012685978,30.));
#6072 = DIRECTION('',(-0.866025404731,-0.499999998361,0.));
#6073 = DIRECTION('',(-0.499999998361,0.866025404731,0.));
#6074 = DEFINITIONAL_REPRESENTATION('',(#6075),#6079);
#6075 = LINE('',#6076,#6077);
#6076 = CARTESIAN_POINT('',(0.,0.));
#6077 = VECTOR('',#6078,1.);
#6078 = DIRECTION('',(1.,0.));
#6079 = ( GEOMETRIC_REPRESENTATION_CONTEXT(2) 
PARAMETRIC_REPRESENTATION_CONTEXT() REPRESENTATION_CONTEXT('2D SPACE',''
  ) );
#6080 = ORIENTED_EDGE('',*,*,#3436,.F.);
#6081 = ORIENTED_EDGE('',*,*,#3494,.F.);
#6082 = ORIENTED_EDGE('',*,*,#6083,.F.);
#6083 = EDGE_CURVE('',#6084,#3466,#6086,.T.);
#6084 = VERTEX_POINT('',#6085);
#6085 = CARTESIAN_POINT('',(-84.10254048124,-54.33012685978,30.));
#6086 = SURFACE_CURVE('',#6087,(#6091,#6098),.PCURVE_S1.);
#6087 = LINE('',#6088,#6089);
#6088 = CARTESIAN_POINT('',(-84.10254048124,-54.33012685978,30.));
#6089 = VECTOR('',#6090,1.);
#6090 = DIRECTION('',(-0.499999998361,0.866025404731,0.));
#6091 = PCURVE('',#3453,#6092);
#6092 = DEFINITIONAL_REPRESENTATION('',(#6093),#6097);
#6093 = LINE('',#6094,#6095);
#6094 = CARTESIAN_POINT('',(-84.10254048124,-54.33012685978));
#6095 = VECTOR('',#6096,1.);
#6096 = DIRECTION('',(-0.499999998361,0.866025404731));
#6097 = ( GEOMETRIC_REPRESENTATION_CONTEXT(2) 
PARAMETRIC_REPRESENTATION_CONTEXT() REPRESENTATION_CONTEXT('2D SPACE',''
  ) );
#6098 = PCURVE('',#6069,#6099);
#6099 = DEFINITIONAL_REPRESENTATION('',(#6100),#6104);
#6100 = LINE('',#6101,#6102);
#6101 = CARTESIAN_POINT('',(0.,0.));
#6102 = VECTOR('',#6103,1.);
#6103 = DIRECTION('',(1.,0.));
#6104 = ( GEOMETRIC_REPRESENTATION_CONTEXT(2) 
PARAMETRIC_REPRESENTATION_CONTEXT() REPRESENTATION_CONTEXT('2D SPACE',''
  ) );
#6105 = ORIENTED_EDGE('',*,*,#6106,.F.);
#6106 = EDGE_CURVE('',#6107,#6084,#6109,.T.);
#6107 = VERTEX_POINT('',#6108);
#6108 = CARTESIAN_POINT('',(-72.47497915642,-47.61695122821,30.));
#6109 = SURFACE_CURVE('',#6110,(#6114,#6121),.PCURVE_S1.);
#6110 = LINE('',#6111,#6112);
#6111 = CARTESIAN_POINT('',(2.499999991806,-4.330127023653,30.));
#6112 = VECTOR('',#6113,1.);
#6113 = DIRECTION('',(-0.866025404731,-0.499999998361,0.));
#6114 = PCURVE('',#3453,#6115);
#6115 = DEFINITIONAL_REPRESENTATION('',(#6116),#6120);
#6116 = LINE('',#6117,#6118);
#6117 = CARTESIAN_POINT('',(2.499999991806,-4.330127023653));
#6118 = VECTOR('',#6119,1.);
#6119 = DIRECTION('',(-0.866025404731,-0.499999998361));
#6120 = ( GEOMETRIC_REPRESENTATION_CONTEXT(2) 
PARAMETRIC_REPRESENTATION_CONTEXT() REPRESENTATION_CONTEXT('2D SPACE',''
  ) );
#6121 = PCURVE('',#6122,#6127);
#6122 = PLANE('',#6123);
#6123 = AXIS2_PLACEMENT_3D('',#6124,#6125,#6126);
#6124 = CARTESIAN_POINT('',(2.499999991806,-4.330127023653,30.));
#6125 = DIRECTION('',(0.499999998361,-0.866025404731,0.));
#6126 = DIRECTION('',(-0.866025404731,-0.499999998361,0.));
#6127 = DEFINITIONAL_REPRESENTATION('',(#6128),#6132);
#6128 = LINE('',#6129,#6130);
#6129 = CARTESIAN_POINT('',(0.,0.));
#6130 = VECTOR('',#6131,1.);
#6131 = DIRECTION('',(1.,0.));
#6132 = ( GEOMETRIC_REPRESENTATION_CONTEXT(2) 
PARAMETRIC_REPRESENTATION_CONTEXT() REPRESENTATION_CONTEXT('2D SPACE',''
  ) );
#6133 = ORIENTED_EDGE('',*,*,#6134,.F.);
#6134 = EDGE_CURVE('',#6135,#6107,#6137,.T.);
#6135 = VERTEX_POINT('',#6136);
#6136 = CARTESIAN_POINT('',(-42.52502085996,-30.32533481909,30.));
#6137 = SURFACE_CURVE('',#6138,(#6143,#6154),.PCURVE_S1.);
#6138 = CIRCLE('',#6139,18.);
#6139 = AXIS2_PLACEMENT_3D('',#6140,#6141,#6142);
#6140 = CARTESIAN_POINT('',(-60.,-34.641016,30.));
#6141 = DIRECTION('',(0.,0.,-1.));
#6142 = DIRECTION('',(0.970832174447,0.239760065606,0.));
#6143 = PCURVE('',#3453,#6144);
#6144 = DEFINITIONAL_REPRESENTATION('',(#6145),#6153);
#6145 = ( BOUNDED_CURVE() B_SPLINE_CURVE(2,(#6146,#6147,#6148,#6149,
#6150,#6151,#6152),.UNSPECIFIED.,.T.,.F.) B_SPLINE_CURVE_WITH_KNOTS((1,2
    ,2,2,2,1),(-2.094395102393,0.,2.094395102393,4.188790204786,
6.28318530718,8.377580409573),.UNSPECIFIED.) CURVE() 
GEOMETRIC_REPRESENTATION_ITEM() RATIONAL_B_SPLINE_CURVE((1.,0.5,1.,0.5,
1.,0.5,1.)) REPRESENTATION_ITEM('') );
#6146 = CARTESIAN_POINT('',(-42.52502085996,-30.32533481909));
#6147 = CARTESIAN_POINT('',(-35.05004178536,-60.59288655084));
#6148 = CARTESIAN_POINT('',(-65.00000003271,-51.93263245633));
#6149 = CARTESIAN_POINT('',(-94.94995828007,-43.27237836181));
#6150 = CARTESIAN_POINT('',(-72.47497910731,-21.66508072457));
#6151 = CARTESIAN_POINT('',(-49.99999993456,-5.778308734087E-02));
#6152 = CARTESIAN_POINT('',(-42.52502085996,-30.32533481909));
#6153 = ( GEOMETRIC_REPRESENTATION_CONTEXT(2) 
PARAMETRIC_REPRESENTATION_CONTEXT() REPRESENTATION_CONTEXT('2D SPACE',''
  ) );
#6154 = PCURVE('',#6155,#6160);
#6155 = CYLINDRICAL_SURFACE('',#6156,18.);
#6156 = AXIS2_PLACEMENT_3D('',#6157,#6158,#6159);
#6157 = CARTESIAN_POINT('',(-60.,-34.641016,30.));
#6158 = DIRECTION('',(-0.,-0.,-1.));
#6159 = DIRECTION('',(1.,0.,0.));
#6160 = DEFINITIONAL_REPRESENTATION('',(#6161),#6165);
#6161 = LINE('',#6162,#6163);
#6162 = CARTESIAN_POINT('',(-6.525304007655,0.));
#6163 = VECTOR('',#6164,1.);
#6164 = DIRECTION('',(1.,-0.));
#6165 = ( GEOMETRIC_REPRESENTATION_CONTEXT(2) 
PARAMETRIC_REPRESENTATION_CONTEXT() REPRESENTATION_CONTEXT('2D SPACE',''
  ) );
#6166 = ORIENTED_EDGE('',*,*,#6167,.F.);
#6167 = EDGE_CURVE('',#6168,#6135,#6170,.T.);
#6168 = VERTEX_POINT('',#6169);
#6169 = CARTESIAN_POINT('',(-12.47497915642,-12.97593522821,30.));
#6170 = SURFACE_CURVE('',#6171,(#6175,#6182),.PCURVE_S1.);
#6171 = LINE('',#6172,#6173);
#6172 = CARTESIAN_POINT('',(2.499999991806,-4.330127023653,30.));
#6173 = VECTOR('',#6174,1.);
#6174 = DIRECTION('',(-0.866025404731,-0.499999998361,0.));
#6175 = PCURVE('',#3453,#6176);
#6176 = DEFINITIONAL_REPRESENTATION('',(#6177),#6181);
#6177 = LINE('',#6178,#6179);
#6178 = CARTESIAN_POINT('',(2.499999991806,-4.330127023653));
#6179 = VECTOR('',#6180,1.);
#6180 = DIRECTION('',(-0.866025404731,-0.499999998361));
#6181 = ( GEOMETRIC_REPRESENTATION_CONTEXT(2) 
PARAMETRIC_REPRESENTATION_CONTEXT() REPRESENTATION_CONTEXT('2D SPACE',''
  ) );
#6182 = PCURVE('',#6183,#6188);
#6183 = PLANE('',#6184);
#6184 = AXIS2_PLACEMENT_3D('',#6185,#6186,#6187);
#6185 = CARTESIAN_POINT('',(2.499999991806,-4.330127023653,30.));
#6186 = DIRECTION('',(0.499999998361,-0.866025404731,0.));
#6187 = DIRECTION('',(-0.866025404731,-0.499999998361,0.));
#6188 = DEFINITIONAL_REPRESENTATION('',(#6189),#6193);
#6189 = LINE('',#6190,#6191);
#6190 = CARTESIAN_POINT('',(0.,0.));
#6191 = VECTOR('',#6192,1.);
#6192 = DIRECTION('',(1.,0.));
#6193 = ( GEOMETRIC_REPRESENTATION_CONTEXT(2) 
PARAMETRIC_REPRESENTATION_CONTEXT() REPRESENTATION_CONTEXT('2D SPACE',''
  ) );
#6194 = ORIENTED_EDGE('',*,*,#6195,.T.);
#6195 = EDGE_CURVE('',#6168,#6196,#6198,.T.);
#6196 = VERTEX_POINT('',#6197);
#6197 = CARTESIAN_POINT('',(12.474979156425,-12.97593522821,30.));
#6198 = SURFACE_CURVE('',#6199,(#6204,#6211),.PCURVE_S1.);
#6199 = CIRCLE('',#6200,18.);
#6200 = AXIS2_PLACEMENT_3D('',#6201,#6202,#6203);
#6201 = CARTESIAN_POINT('',(0.,0.,30.));
#6202 = DIRECTION('',(0.,0.,1.));
#6203 = DIRECTION('',(-0.277777777778,0.960645359211,0.));
#6204 = PCURVE('',#3453,#6205);
#6205 = DEFINITIONAL_REPRESENTATION('',(#6206),#6210);
#6206 = CIRCLE('',#6207,18.);
#6207 = AXIS2_PLACEMENT_2D('',#6208,#6209);
#6208 = CARTESIAN_POINT('',(1.215502340035E-15,7.347880794884E-16));
#6209 = DIRECTION('',(-0.277777777778,0.960645359211));
#6210 = ( GEOMETRIC_REPRESENTATION_CONTEXT(2) 
PARAMETRIC_REPRESENTATION_CONTEXT() REPRESENTATION_CONTEXT('2D SPACE',''
  ) );
#6211 = PCURVE('',#6212,#6217);
#6212 = CYLINDRICAL_SURFACE('',#6213,18.);
#6213 = AXIS2_PLACEMENT_3D('',#6214,#6215,#6216);
#6214 = CARTESIAN_POINT('',(0.,0.,30.));
#6215 = DIRECTION('',(-0.,-0.,-1.));
#6216 = DIRECTION('',(1.,0.,0.));
#6217 = DEFINITIONAL_REPRESENTATION('',(#6218),#6222);
#6218 = LINE('',#6219,#6220);
#6219 = CARTESIAN_POINT('',(-1.852276400026,0.));
#6220 = VECTOR('',#6221,1.);
#6221 = DIRECTION('',(-1.,0.));
#6222 = ( GEOMETRIC_REPRESENTATION_CONTEXT(2) 
PARAMETRIC_REPRESENTATION_CONTEXT() REPRESENTATION_CONTEXT('2D SPACE',''
  ) );
#6223 = ORIENTED_EDGE('',*,*,#6224,.F.);
#6224 = EDGE_CURVE('',#6225,#6196,#6227,.T.);
#6225 = VERTEX_POINT('',#6226);
#6226 = CARTESIAN_POINT('',(42.525020859962,-30.32533481909,30.));
#6227 = SURFACE_CURVE('',#6228,(#6232,#6239),.PCURVE_S1.);
#6228 = LINE('',#6229,#6230);
#6229 = CARTESIAN_POINT('',(84.102540481248,-54.33012685978,30.));
#6230 = VECTOR('',#6231,1.);
#6231 = DIRECTION('',(-0.866025404731,0.499999998361,0.));
#6232 = PCURVE('',#3453,#6233);
#6233 = DEFINITIONAL_REPRESENTATION('',(#6234),#6238);
#6234 = LINE('',#6235,#6236);
#6235 = CARTESIAN_POINT('',(84.102540481248,-54.33012685978));
#6236 = VECTOR('',#6237,1.);
#6237 = DIRECTION('',(-0.866025404731,0.499999998361));
#6238 = ( GEOMETRIC_REPRESENTATION_CONTEXT(2) 
PARAMETRIC_REPRESENTATION_CONTEXT() REPRESENTATION_CONTEXT('2D SPACE',''
  ) );
#6239 = PCURVE('',#6240,#6245);
#6240 = PLANE('',#6241);
#6241 = AXIS2_PLACEMENT_3D('',#6242,#6243,#6244);
#6242 = CARTESIAN_POINT('',(84.102540481248,-54.33012685978,30.));
#6243 = DIRECTION('',(-0.499999998361,-0.866025404731,0.));
#6244 = DIRECTION('',(-0.866025404731,0.499999998361,0.));
#6245 = DEFINITIONAL_REPRESENTATION('',(#6246),#6250);
#6246 = LINE('',#6247,#6248);
#6247 = CARTESIAN_POINT('',(0.,0.));
#6248 = VECTOR('',#6249,1.);
#6249 = DIRECTION('',(1.,0.));
#6250 = ( GEOMETRIC_REPRESENTATION_CONTEXT(2) 
PARAMETRIC_REPRESENTATION_CONTEXT() REPRESENTATION_CONTEXT('2D SPACE',''
  ) );
#6251 = ORIENTED_EDGE('',*,*,#6252,.T.);
#6252 = EDGE_CURVE('',#6225,#6253,#6255,.T.);
#6253 = VERTEX_POINT('',#6254);
#6254 = CARTESIAN_POINT('',(72.474979156426,-47.61695122821,30.));
#6255 = SURFACE_CURVE('',#6256,(#6261,#6268),.PCURVE_S1.);
#6256 = CIRCLE('',#6257,18.);
#6257 = AXIS2_PLACEMENT_3D('',#6258,#6259,#6260);
#6258 = CARTESIAN_POINT('',(60.,-34.641016,30.));
#6259 = DIRECTION('',(0.,0.,1.));
#6260 = DIRECTION('',(1.,0.,0.));
#6261 = PCURVE('',#3453,#6262);
#6262 = DEFINITIONAL_REPRESENTATION('',(#6263),#6267);
#6263 = CIRCLE('',#6264,18.);
#6264 = AXIS2_PLACEMENT_2D('',#6265,#6266);
#6265 = CARTESIAN_POINT('',(60.,-34.641016));
#6266 = DIRECTION('',(1.,0.));
#6267 = ( GEOMETRIC_REPRESENTATION_CONTEXT(2) 
PARAMETRIC_REPRESENTATION_CONTEXT() REPRESENTATION_CONTEXT('2D SPACE',''
  ) );
#6268 = PCURVE('',#6269,#6274);
#6269 = CYLINDRICAL_SURFACE('',#6270,18.);
#6270 = AXIS2_PLACEMENT_3D('',#6271,#6272,#6273);
#6271 = CARTESIAN_POINT('',(60.,-34.641016,30.));
#6272 = DIRECTION('',(-0.,-0.,-1.));
#6273 = DIRECTION('',(1.,0.,0.));
#6274 = DEFINITIONAL_REPRESENTATION('',(#6275),#6279);
#6275 = LINE('',#6276,#6277);
#6276 = CARTESIAN_POINT('',(-0.,0.));
#6277 = VECTOR('',#6278,1.);
#6278 = DIRECTION('',(-1.,0.));
#6279 = ( GEOMETRIC_REPRESENTATION_CONTEXT(2) 
PARAMETRIC_REPRESENTATION_CONTEXT() REPRESENTATION_CONTEXT('2D SPACE',''
  ) );
#6280 = ORIENTED_EDGE('',*,*,#6281,.F.);
#6281 = EDGE_CURVE('',#6282,#6253,#6284,.T.);
#6282 = VERTEX_POINT('',#6283);
#6283 = CARTESIAN_POINT('',(84.102540481248,-54.33012685978,30.));
#6284 = SURFACE_CURVE('',#6285,(#6289,#6296),.PCURVE_S1.);
#6285 = LINE('',#6286,#6287);
#6286 = CARTESIAN_POINT('',(84.102540481248,-54.33012685978,30.));
#6287 = VECTOR('',#6288,1.);
#6288 = DIRECTION('',(-0.866025404731,0.499999998361,0.));
#6289 = PCURVE('',#3453,#6290);
#6290 = DEFINITIONAL_REPRESENTATION('',(#6291),#6295);
#6291 = LINE('',#6292,#6293);
#6292 = CARTESIAN_POINT('',(84.102540481248,-54.33012685978));
#6293 = VECTOR('',#6294,1.);
#6294 = DIRECTION('',(-0.866025404731,0.499999998361));
#6295 = ( GEOMETRIC_REPRESENTATION_CONTEXT(2) 
PARAMETRIC_REPRESENTATION_CONTEXT() REPRESENTATION_CONTEXT('2D SPACE',''
  ) );
#6296 = PCURVE('',#6297,#6302);
#6297 = PLANE('',#6298);
#6298 = AXIS2_PLACEMENT_3D('',#6299,#6300,#6301);
#6299 = CARTESIAN_POINT('',(84.102540481248,-54.33012685978,30.));
#6300 = DIRECTION('',(-0.499999998361,-0.866025404731,0.));
#6301 = DIRECTION('',(-0.866025404731,0.499999998361,0.));
#6302 = DEFINITIONAL_REPRESENTATION('',(#6303),#6307);
#6303 = LINE('',#6304,#6305);
#6304 = CARTESIAN_POINT('',(0.,0.));
#6305 = VECTOR('',#6306,1.);
#6306 = DIRECTION('',(1.,0.));
#6307 = ( GEOMETRIC_REPRESENTATION_CONTEXT(2) 
PARAMETRIC_REPRESENTATION_CONTEXT() REPRESENTATION_CONTEXT('2D SPACE',''
  ) );
#6308 = ORIENTED_EDGE('',*,*,#6309,.F.);
#6309 = EDGE_CURVE('',#4177,#6282,#6310,.T.);
#6310 = SURFACE_CURVE('',#6311,(#6315,#6322),.PCURVE_S1.);
#6311 = LINE('',#6312,#6313);
#6312 = CARTESIAN_POINT('',(89.102540464861,-45.66987281247,30.));
#6313 = VECTOR('',#6314,1.);
#6314 = DIRECTION('',(-0.499999998361,-0.866025404731,0.));
#6315 = PCURVE('',#3453,#6316);
#6316 = DEFINITIONAL_REPRESENTATION('',(#6317),#6321);
#6317 = LINE('',#6318,#6319);
#6318 = CARTESIAN_POINT('',(89.102540464861,-45.66987281247));
#6319 = VECTOR('',#6320,1.);
#6320 = DIRECTION('',(-0.499999998361,-0.866025404731));
#6321 = ( GEOMETRIC_REPRESENTATION_CONTEXT(2) 
PARAMETRIC_REPRESENTATION_CONTEXT() REPRESENTATION_CONTEXT('2D SPACE',''
  ) );
#6322 = PCURVE('',#6323,#6328);
#6323 = PLANE('',#6324);
#6324 = AXIS2_PLACEMENT_3D('',#6325,#6326,#6327);
#6325 = CARTESIAN_POINT('',(89.102540464861,-45.66987281247,30.));
#6326 = DIRECTION('',(0.866025404731,-0.499999998361,0.));
#6327 = DIRECTION('',(-0.499999998361,-0.866025404731,0.));
#6328 = DEFINITIONAL_REPRESENTATION('',(#6329),#6333);
#6329 = LINE('',#6330,#6331);
#6330 = CARTESIAN_POINT('',(0.,0.));
#6331 = VECTOR('',#6332,1.);
#6332 = DIRECTION('',(1.,0.));
#6333 = ( GEOMETRIC_REPRESENTATION_CONTEXT(2) 
PARAMETRIC_REPRESENTATION_CONTEXT() REPRESENTATION_CONTEXT('2D SPACE',''
  ) );
#6334 = ORIENTED_EDGE('',*,*,#4176,.F.);
#6335 = ORIENTED_EDGE('',*,*,#6336,.F.);
#6336 = EDGE_CURVE('',#6337,#4148,#6339,.T.);
#6337 = VERTEX_POINT('',#6338);
#6338 = CARTESIAN_POINT('',(89.102540464861,-45.66987281247,30.));
#6339 = SURFACE_CURVE('',#6340,(#6344,#6351),.PCURVE_S1.);
#6340 = LINE('',#6341,#6342);
#6341 = CARTESIAN_POINT('',(89.102540464861,-45.66987281247,30.));
#6342 = VECTOR('',#6343,1.);
#6343 = DIRECTION('',(-0.499999998361,-0.866025404731,0.));
#6344 = PCURVE('',#3453,#6345);
#6345 = DEFINITIONAL_REPRESENTATION('',(#6346),#6350);
#6346 = LINE('',#6347,#6348);
#6347 = CARTESIAN_POINT('',(89.102540464861,-45.66987281247));
#6348 = VECTOR('',#6349,1.);
#6349 = DIRECTION('',(-0.499999998361,-0.866025404731));
#6350 = ( GEOMETRIC_REPRESENTATION_CONTEXT(2) 
PARAMETRIC_REPRESENTATION_CONTEXT() REPRESENTATION_CONTEXT('2D SPACE',''
  ) );
#6351 = PCURVE('',#6323,#6352);
#6352 = DEFINITIONAL_REPRESENTATION('',(#6353),#6357);
#6353 = LINE('',#6354,#6355);
#6354 = CARTESIAN_POINT('',(0.,0.));
#6355 = VECTOR('',#6356,1.);
#6356 = DIRECTION('',(1.,0.));
#6357 = ( GEOMETRIC_REPRESENTATION_CONTEXT(2) 
PARAMETRIC_REPRESENTATION_CONTEXT() REPRESENTATION_CONTEXT('2D SPACE',''
  ) );
#6358 = ORIENTED_EDGE('',*,*,#6359,.F.);
#6359 = EDGE_CURVE('',#6360,#6337,#6362,.T.);
#6360 = VERTEX_POINT('',#6361);
#6361 = CARTESIAN_POINT('',(77.474979140038,-38.9566971809,30.));
#6362 = SURFACE_CURVE('',#6363,(#6367,#6374),.PCURVE_S1.);
#6363 = LINE('',#6364,#6365);
#6364 = CARTESIAN_POINT('',(2.499999991806,4.330127023653,30.));
#6365 = VECTOR('',#6366,1.);
#6366 = DIRECTION('',(0.866025404731,-0.499999998361,0.));
#6367 = PCURVE('',#3453,#6368);
#6368 = DEFINITIONAL_REPRESENTATION('',(#6369),#6373);
#6369 = LINE('',#6370,#6371);
#6370 = CARTESIAN_POINT('',(2.499999991806,4.330127023653));
#6371 = VECTOR('',#6372,1.);
#6372 = DIRECTION('',(0.866025404731,-0.499999998361));
#6373 = ( GEOMETRIC_REPRESENTATION_CONTEXT(2) 
PARAMETRIC_REPRESENTATION_CONTEXT() REPRESENTATION_CONTEXT('2D SPACE',''
  ) );
#6374 = PCURVE('',#6375,#6380);
#6375 = PLANE('',#6376);
#6376 = AXIS2_PLACEMENT_3D('',#6377,#6378,#6379);
#6377 = CARTESIAN_POINT('',(2.499999991806,4.330127023653,30.));
#6378 = DIRECTION('',(0.499999998361,0.866025404731,-0.));
#6379 = DIRECTION('',(0.866025404731,-0.499999998361,0.));
#6380 = DEFINITIONAL_REPRESENTATION('',(#6381),#6385);
#6381 = LINE('',#6382,#6383);
#6382 = CARTESIAN_POINT('',(0.,0.));
#6383 = VECTOR('',#6384,1.);
#6384 = DIRECTION('',(1.,0.));
#6385 = ( GEOMETRIC_REPRESENTATION_CONTEXT(2) 
PARAMETRIC_REPRESENTATION_CONTEXT() REPRESENTATION_CONTEXT('2D SPACE',''
  ) );
#6386 = ORIENTED_EDGE('',*,*,#6387,.F.);
#6387 = EDGE_CURVE('',#6388,#6360,#6390,.T.);
#6388 = VERTEX_POINT('',#6389);
#6389 = CARTESIAN_POINT('',(47.525020843575,-21.66508077178,30.));
#6390 = SURFACE_CURVE('',#6391,(#6396,#6407),.PCURVE_S1.);
#6391 = CIRCLE('',#6392,18.);
#6392 = AXIS2_PLACEMENT_3D('',#6393,#6394,#6395);
#6393 = CARTESIAN_POINT('',(60.,-34.641016,30.));
#6394 = DIRECTION('',(0.,0.,-1.));
#6395 = DIRECTION('',(-0.693054397579,0.720885290456,0.));
#6396 = PCURVE('',#3453,#6397);
#6397 = DEFINITIONAL_REPRESENTATION('',(#6398),#6406);
#6398 = ( BOUNDED_CURVE() B_SPLINE_CURVE(2,(#6399,#6400,#6401,#6402,
#6403,#6404,#6405),.UNSPECIFIED.,.T.,.F.) B_SPLINE_CURVE_WITH_KNOTS((1,2
    ,2,2,2,1),(-2.094395102393,0.,2.094395102393,4.188790204786,
6.28318530718,8.377580409573),.UNSPECIFIED.) CURVE() 
GEOMETRIC_REPRESENTATION_ITEM() RATIONAL_B_SPLINE_CURVE((1.,0.5,1.,0.5,
1.,0.5,1.)) REPRESENTATION_ITEM('') );
#6399 = CARTESIAN_POINT('',(47.525020843575,-21.66508077178));
#6400 = CARTESIAN_POINT('',(69.999999934561,-5.778304949651E-02));
#6401 = CARTESIAN_POINT('',(77.474979123706,-30.32533475296));
#6402 = CARTESIAN_POINT('',(84.949958312851,-60.59288645642));
#6403 = CARTESIAN_POINT('',(55.00000003272,-51.93263247525));
#6404 = CARTESIAN_POINT('',(25.050041752589,-43.27237849408));
#6405 = CARTESIAN_POINT('',(47.525020843575,-21.66508077178));
#6406 = ( GEOMETRIC_REPRESENTATION_CONTEXT(2) 
PARAMETRIC_REPRESENTATION_CONTEXT() REPRESENTATION_CONTEXT('2D SPACE',''
  ) );
#6407 = PCURVE('',#6408,#6413);
#6408 = CYLINDRICAL_SURFACE('',#6409,18.);
#6409 = AXIS2_PLACEMENT_3D('',#6410,#6411,#6412);
#6410 = CARTESIAN_POINT('',(60.,-34.641016,30.));
#6411 = DIRECTION('',(-0.,-0.,-1.));
#6412 = DIRECTION('',(1.,0.,0.));
#6413 = DEFINITIONAL_REPRESENTATION('',(#6414),#6418);
#6414 = LINE('',#6415,#6416);
#6415 = CARTESIAN_POINT('',(-8.619699113832,0.));
#6416 = VECTOR('',#6417,1.);
#6417 = DIRECTION('',(1.,-0.));
#6418 = ( GEOMETRIC_REPRESENTATION_CONTEXT(2) 
PARAMETRIC_REPRESENTATION_CONTEXT() REPRESENTATION_CONTEXT('2D SPACE',''
  ) );
#6419 = ORIENTED_EDGE('',*,*,#6420,.F.);
#6420 = EDGE_CURVE('',#6421,#6388,#6423,.T.);
#6421 = VERTEX_POINT('',#6422);
#6422 = CARTESIAN_POINT('',(17.474979140038,-4.315681180907,30.));
#6423 = SURFACE_CURVE('',#6424,(#6428,#6435),.PCURVE_S1.);
#6424 = LINE('',#6425,#6426);
#6425 = CARTESIAN_POINT('',(2.499999991806,4.330127023653,30.));
#6426 = VECTOR('',#6427,1.);
#6427 = DIRECTION('',(0.866025404731,-0.499999998361,0.));
#6428 = PCURVE('',#3453,#6429);
#6429 = DEFINITIONAL_REPRESENTATION('',(#6430),#6434);
#6430 = LINE('',#6431,#6432);
#6431 = CARTESIAN_POINT('',(2.499999991806,4.330127023653));
#6432 = VECTOR('',#6433,1.);
#6433 = DIRECTION('',(0.866025404731,-0.499999998361));
#6434 = ( GEOMETRIC_REPRESENTATION_CONTEXT(2) 
PARAMETRIC_REPRESENTATION_CONTEXT() REPRESENTATION_CONTEXT('2D SPACE',''
  ) );
#6435 = PCURVE('',#6436,#6441);
#6436 = PLANE('',#6437);
#6437 = AXIS2_PLACEMENT_3D('',#6438,#6439,#6440);
#6438 = CARTESIAN_POINT('',(2.499999991806,4.330127023653,30.));
#6439 = DIRECTION('',(0.499999998361,0.866025404731,-0.));
#6440 = DIRECTION('',(0.866025404731,-0.499999998361,0.));
#6441 = DEFINITIONAL_REPRESENTATION('',(#6442),#6446);
#6442 = LINE('',#6443,#6444);
#6443 = CARTESIAN_POINT('',(0.,0.));
#6444 = VECTOR('',#6445,1.);
#6445 = DIRECTION('',(1.,0.));
#6446 = ( GEOMETRIC_REPRESENTATION_CONTEXT(2) 
PARAMETRIC_REPRESENTATION_CONTEXT() REPRESENTATION_CONTEXT('2D SPACE',''
  ) );
#6447 = ORIENTED_EDGE('',*,*,#6448,.T.);
#6448 = EDGE_CURVE('',#6421,#6449,#6451,.T.);
#6449 = VERTEX_POINT('',#6450);
#6450 = CARTESIAN_POINT('',(5.,17.291616465791,30.));
#6451 = SURFACE_CURVE('',#6452,(#6457,#6464),.PCURVE_S1.);
#6452 = CIRCLE('',#6453,18.);
#6453 = AXIS2_PLACEMENT_3D('',#6454,#6455,#6456);
#6454 = CARTESIAN_POINT('',(0.,0.,30.));
#6455 = DIRECTION('',(0.,0.,1.));
#6456 = DIRECTION('',(-0.277777777778,0.960645359211,0.));
#6457 = PCURVE('',#3453,#6458);
#6458 = DEFINITIONAL_REPRESENTATION('',(#6459),#6463);
#6459 = CIRCLE('',#6460,18.);
#6460 = AXIS2_PLACEMENT_2D('',#6461,#6462);
#6461 = CARTESIAN_POINT('',(1.215502340035E-15,7.347880794884E-16));
#6462 = DIRECTION('',(-0.277777777778,0.960645359211));
#6463 = ( GEOMETRIC_REPRESENTATION_CONTEXT(2) 
PARAMETRIC_REPRESENTATION_CONTEXT() REPRESENTATION_CONTEXT('2D SPACE',''
  ) );
#6464 = PCURVE('',#6465,#6470);
#6465 = CYLINDRICAL_SURFACE('',#6466,18.);
#6466 = AXIS2_PLACEMENT_3D('',#6467,#6468,#6469);
#6467 = CARTESIAN_POINT('',(0.,0.,30.));
#6468 = DIRECTION('',(-0.,-0.,-1.));
#6469 = DIRECTION('',(1.,0.,0.));
#6470 = DEFINITIONAL_REPRESENTATION('',(#6471),#6475);
#6471 = LINE('',#6472,#6473);
#6472 = CARTESIAN_POINT('',(-1.852276400026,0.));
#6473 = VECTOR('',#6474,1.);
#6474 = DIRECTION('',(-1.,0.));
#6475 = ( GEOMETRIC_REPRESENTATION_CONTEXT(2) 
PARAMETRIC_REPRESENTATION_CONTEXT() REPRESENTATION_CONTEXT('2D SPACE',''
  ) );
#6476 = ORIENTED_EDGE('',*,*,#6477,.F.);
#6477 = EDGE_CURVE('',#6478,#6449,#6480,.T.);
#6478 = VERTEX_POINT('',#6479);
#6479 = CARTESIAN_POINT('',(5.,51.99041553421,30.));
#6480 = SURFACE_CURVE('',#6481,(#6485,#6492),.PCURVE_S1.);
#6481 = LINE('',#6482,#6483);
#6482 = CARTESIAN_POINT('',(5.,100.,30.));
#6483 = VECTOR('',#6484,1.);
#6484 = DIRECTION('',(0.,-1.,0.));
#6485 = PCURVE('',#3453,#6486);
#6486 = DEFINITIONAL_REPRESENTATION('',(#6487),#6491);
#6487 = LINE('',#6488,#6489);
#6488 = CARTESIAN_POINT('',(5.,100.));
#6489 = VECTOR('',#6490,1.);
#6490 = DIRECTION('',(0.,-1.));
#6491 = ( GEOMETRIC_REPRESENTATION_CONTEXT(2) 
PARAMETRIC_REPRESENTATION_CONTEXT() REPRESENTATION_CONTEXT('2D SPACE',''
  ) );
#6492 = PCURVE('',#6493,#6498);
#6493 = PLANE('',#6494);
#6494 = AXIS2_PLACEMENT_3D('',#6495,#6496,#6497);
#6495 = CARTESIAN_POINT('',(5.,100.,30.));
#6496 = DIRECTION('',(1.,0.,-0.));
#6497 = DIRECTION('',(0.,-1.,0.));
#6498 = DEFINITIONAL_REPRESENTATION('',(#6499),#6503);
#6499 = LINE('',#6500,#6501);
#6500 = CARTESIAN_POINT('',(0.,0.));
#6501 = VECTOR('',#6502,1.);
#6502 = DIRECTION('',(1.,0.));
#6503 = ( GEOMETRIC_REPRESENTATION_CONTEXT(2) 
PARAMETRIC_REPRESENTATION_CONTEXT() REPRESENTATION_CONTEXT('2D SPACE',''
  ) );
#6504 = ORIENTED_EDGE('',*,*,#6505,.F.);
#6505 = EDGE_CURVE('',#6506,#6478,#6508,.T.);
#6506 = VERTEX_POINT('',#6507);
#6507 = CARTESIAN_POINT('',(5.,86.57364846579,30.));
#6508 = SURFACE_CURVE('',#6509,(#6514,#6525),.PCURVE_S1.);
#6509 = CIRCLE('',#6510,18.);
#6510 = AXIS2_PLACEMENT_3D('',#6511,#6512,#6513);
#6511 = CARTESIAN_POINT('',(0.,69.282032,30.));
#6512 = DIRECTION('',(0.,0.,-1.));
#6513 = DIRECTION('',(0.277777777778,0.960645359211,0.));
#6514 = PCURVE('',#3453,#6515);
#6515 = DEFINITIONAL_REPRESENTATION('',(#6516),#6524);
#6516 = ( BOUNDED_CURVE() B_SPLINE_CURVE(2,(#6517,#6518,#6519,#6520,
#6521,#6522,#6523),.UNSPECIFIED.,.T.,.F.) B_SPLINE_CURVE_WITH_KNOTS((1,2
    ,2,2,2,1),(-2.094395102393,0.,2.094395102393,4.188790204786,
6.28318530718,8.377580409573),.UNSPECIFIED.) CURVE() 
GEOMETRIC_REPRESENTATION_ITEM() RATIONAL_B_SPLINE_CURVE((1.,0.5,1.,0.5,
1.,0.5,1.)) REPRESENTATION_ITEM('') );
#6517 = CARTESIAN_POINT('',(5.,86.57364846579));
#6518 = CARTESIAN_POINT('',(34.949958263744,77.913394427945));
#6519 = CARTESIAN_POINT('',(12.474979131872,56.306096748182));
#6520 = CARTESIAN_POINT('',(-10.,34.698799068419));
#6521 = CARTESIAN_POINT('',(-17.47497913187,64.966350786027));
#6522 = CARTESIAN_POINT('',(-24.94995826374,95.233902503636));
#6523 = CARTESIAN_POINT('',(5.,86.57364846579));
#6524 = ( GEOMETRIC_REPRESENTATION_CONTEXT(2) 
PARAMETRIC_REPRESENTATION_CONTEXT() REPRESENTATION_CONTEXT('2D SPACE',''
  ) );
#6525 = PCURVE('',#6526,#6531);
#6526 = CYLINDRICAL_SURFACE('',#6527,18.);
#6527 = AXIS2_PLACEMENT_3D('',#6528,#6529,#6530);
#6528 = CARTESIAN_POINT('',(0.,69.282032,30.));
#6529 = DIRECTION('',(-0.,-0.,-1.));
#6530 = DIRECTION('',(1.,0.,0.));
#6531 = DEFINITIONAL_REPRESENTATION('',(#6532),#6536);
#6532 = LINE('',#6533,#6534);
#6533 = CARTESIAN_POINT('',(-7.572501560744,0.));
#6534 = VECTOR('',#6535,1.);
#6535 = DIRECTION('',(1.,-0.));
#6536 = ( GEOMETRIC_REPRESENTATION_CONTEXT(2) 
PARAMETRIC_REPRESENTATION_CONTEXT() REPRESENTATION_CONTEXT('2D SPACE',''
  ) );
#6537 = ORIENTED_EDGE('',*,*,#6538,.F.);
#6538 = EDGE_CURVE('',#6539,#6506,#6541,.T.);
#6539 = VERTEX_POINT('',#6540);
#6540 = CARTESIAN_POINT('',(5.,100.,30.));
#6541 = SURFACE_CURVE('',#6542,(#6546,#6553),.PCURVE_S1.);
#6542 = LINE('',#6543,#6544);
#6543 = CARTESIAN_POINT('',(5.,100.,30.));
#6544 = VECTOR('',#6545,1.);
#6545 = DIRECTION('',(0.,-1.,0.));
#6546 = PCURVE('',#3453,#6547);
#6547 = DEFINITIONAL_REPRESENTATION('',(#6548),#6552);
#6548 = LINE('',#6549,#6550);
#6549 = CARTESIAN_POINT('',(5.,100.));
#6550 = VECTOR('',#6551,1.);
#6551 = DIRECTION('',(0.,-1.));
#6552 = ( GEOMETRIC_REPRESENTATION_CONTEXT(2) 
PARAMETRIC_REPRESENTATION_CONTEXT() REPRESENTATION_CONTEXT('2D SPACE',''
  ) );
#6553 = PCURVE('',#6554,#6559);
#6554 = PLANE('',#6555);
#6555 = AXIS2_PLACEMENT_3D('',#6556,#6557,#6558);
#6556 = CARTESIAN_POINT('',(5.,100.,30.));
#6557 = DIRECTION('',(1.,0.,-0.));
#6558 = DIRECTION('',(0.,-1.,0.));
#6559 = DEFINITIONAL_REPRESENTATION('',(#6560),#6564);
#6560 = LINE('',#6561,#6562);
#6561 = CARTESIAN_POINT('',(0.,0.));
#6562 = VECTOR('',#6563,1.);
#6563 = DIRECTION('',(1.,0.));
#6564 = ( GEOMETRIC_REPRESENTATION_CONTEXT(2) 
PARAMETRIC_REPRESENTATION_CONTEXT() REPRESENTATION_CONTEXT('2D SPACE',''
  ) );
#6565 = ORIENTED_EDGE('',*,*,#6566,.F.);
#6566 = EDGE_CURVE('',#4689,#6539,#6567,.T.);
#6567 = SURFACE_CURVE('',#6568,(#6572,#6579),.PCURVE_S1.);
#6568 = LINE('',#6569,#6570);
#6569 = CARTESIAN_POINT('',(-5.,100.,30.));
#6570 = VECTOR('',#6571,1.);
#6571 = DIRECTION('',(1.,0.,0.));
#6572 = PCURVE('',#3453,#6573);
#6573 = DEFINITIONAL_REPRESENTATION('',(#6574),#6578);
#6574 = LINE('',#6575,#6576);
#6575 = CARTESIAN_POINT('',(-5.,100.));
#6576 = VECTOR('',#6577,1.);
#6577 = DIRECTION('',(1.,0.));
#6578 = ( GEOMETRIC_REPRESENTATION_CONTEXT(2) 
PARAMETRIC_REPRESENTATION_CONTEXT() REPRESENTATION_CONTEXT('2D SPACE',''
  ) );
#6579 = PCURVE('',#6580,#6585);
#6580 = PLANE('',#6581);
#6581 = AXIS2_PLACEMENT_3D('',#6582,#6583,#6584);
#6582 = CARTESIAN_POINT('',(-5.,100.,30.));
#6583 = DIRECTION('',(0.,1.,0.));
#6584 = DIRECTION('',(1.,0.,0.));
#6585 = DEFINITIONAL_REPRESENTATION('',(#6586),#6590);
#6586 = LINE('',#6587,#6588);
#6587 = CARTESIAN_POINT('',(0.,0.));
#6588 = VECTOR('',#6589,1.);
#6589 = DIRECTION('',(1.,0.));
#6590 = ( GEOMETRIC_REPRESENTATION_CONTEXT(2) 
PARAMETRIC_REPRESENTATION_CONTEXT() REPRESENTATION_CONTEXT('2D SPACE',''
  ) );
#6591 = ORIENTED_EDGE('',*,*,#4740,.F.);
#6592 = ORIENTED_EDGE('',*,*,#6593,.F.);
#6593 = EDGE_CURVE('',#6594,#4712,#6596,.T.);
#6594 = VERTEX_POINT('',#6595);
#6595 = CARTESIAN_POINT('',(-5.,100.,30.));
#6596 = SURFACE_CURVE('',#6597,(#6601,#6608),.PCURVE_S1.);
#6597 = LINE('',#6598,#6599);
#6598 = CARTESIAN_POINT('',(-5.,100.,30.));
#6599 = VECTOR('',#6600,1.);
#6600 = DIRECTION('',(1.,0.,0.));
#6601 = PCURVE('',#3453,#6602);
#6602 = DEFINITIONAL_REPRESENTATION('',(#6603),#6607);
#6603 = LINE('',#6604,#6605);
#6604 = CARTESIAN_POINT('',(-5.,100.));
#6605 = VECTOR('',#6606,1.);
#6606 = DIRECTION('',(1.,0.));
#6607 = ( GEOMETRIC_REPRESENTATION_CONTEXT(2) 
PARAMETRIC_REPRESENTATION_CONTEXT() REPRESENTATION_CONTEXT('2D SPACE',''
  ) );
#6608 = PCURVE('',#6580,#6609);
#6609 = DEFINITIONAL_REPRESENTATION('',(#6610),#6614);
#6610 = LINE('',#6611,#6612);
#6611 = CARTESIAN_POINT('',(0.,0.));
#6612 = VECTOR('',#6613,1.);
#6613 = DIRECTION('',(1.,0.));
#6614 = ( GEOMETRIC_REPRESENTATION_CONTEXT(2) 
PARAMETRIC_REPRESENTATION_CONTEXT() REPRESENTATION_CONTEXT('2D SPACE',''
  ) );
#6615 = ORIENTED_EDGE('',*,*,#6616,.F.);
#6616 = EDGE_CURVE('',#6617,#6594,#6619,.T.);
#6617 = VERTEX_POINT('',#6618);
#6618 = CARTESIAN_POINT('',(-5.,86.57364846579,30.));
#6619 = SURFACE_CURVE('',#6620,(#6624,#6631),.PCURVE_S1.);
#6620 = LINE('',#6621,#6622);
#6621 = CARTESIAN_POINT('',(-5.,0.,30.));
#6622 = VECTOR('',#6623,1.);
#6623 = DIRECTION('',(0.,1.,0.));
#6624 = PCURVE('',#3453,#6625);
#6625 = DEFINITIONAL_REPRESENTATION('',(#6626),#6630);
#6626 = LINE('',#6627,#6628);
#6627 = CARTESIAN_POINT('',(-5.,7.347880794884E-16));
#6628 = VECTOR('',#6629,1.);
#6629 = DIRECTION('',(0.,1.));
#6630 = ( GEOMETRIC_REPRESENTATION_CONTEXT(2) 
PARAMETRIC_REPRESENTATION_CONTEXT() REPRESENTATION_CONTEXT('2D SPACE',''
  ) );
#6631 = PCURVE('',#6632,#6637);
#6632 = PLANE('',#6633);
#6633 = AXIS2_PLACEMENT_3D('',#6634,#6635,#6636);
#6634 = CARTESIAN_POINT('',(-5.,0.,30.));
#6635 = DIRECTION('',(-1.,0.,0.));
#6636 = DIRECTION('',(0.,1.,0.));
#6637 = DEFINITIONAL_REPRESENTATION('',(#6638),#6642);
#6638 = LINE('',#6639,#6640);
#6639 = CARTESIAN_POINT('',(0.,0.));
#6640 = VECTOR('',#6641,1.);
#6641 = DIRECTION('',(1.,0.));
#6642 = ( GEOMETRIC_REPRESENTATION_CONTEXT(2) 
PARAMETRIC_REPRESENTATION_CONTEXT() REPRESENTATION_CONTEXT('2D SPACE',''
  ) );
#6643 = ORIENTED_EDGE('',*,*,#6644,.T.);
#6644 = EDGE_CURVE('',#6617,#5914,#6645,.T.);
#6645 = SURFACE_CURVE('',#6646,(#6651,#6658),.PCURVE_S1.);
#6646 = CIRCLE('',#6647,18.);
#6647 = AXIS2_PLACEMENT_3D('',#6648,#6649,#6650);
#6648 = CARTESIAN_POINT('',(0.,69.282032,30.));
#6649 = DIRECTION('',(0.,0.,1.));
#6650 = DIRECTION('',(1.,0.,0.));
#6651 = PCURVE('',#3453,#6652);
#6652 = DEFINITIONAL_REPRESENTATION('',(#6653),#6657);
#6653 = CIRCLE('',#6654,18.);
#6654 = AXIS2_PLACEMENT_2D('',#6655,#6656);
#6655 = CARTESIAN_POINT('',(1.215502340035E-15,69.282032));
#6656 = DIRECTION('',(1.,0.));
#6657 = ( GEOMETRIC_REPRESENTATION_CONTEXT(2) 
PARAMETRIC_REPRESENTATION_CONTEXT() REPRESENTATION_CONTEXT('2D SPACE',''
  ) );
#6658 = PCURVE('',#6659,#6664);
#6659 = CYLINDRICAL_SURFACE('',#6660,18.);
#6660 = AXIS2_PLACEMENT_3D('',#6661,#6662,#6663);
#6661 = CARTESIAN_POINT('',(0.,69.282032,30.));
#6662 = DIRECTION('',(-0.,-0.,-1.));
#6663 = DIRECTION('',(1.,0.,0.));
#6664 = DEFINITIONAL_REPRESENTATION('',(#6665),#6669);
#6665 = LINE('',#6666,#6667);
#6666 = CARTESIAN_POINT('',(-0.,0.));
#6667 = VECTOR('',#6668,1.);
#6668 = DIRECTION('',(-1.,0.));
#6669 = ( GEOMETRIC_REPRESENTATION_CONTEXT(2) 
PARAMETRIC_REPRESENTATION_CONTEXT() REPRESENTATION_CONTEXT('2D SPACE',''
  ) );
#6670 = FACE_BOUND('',#6671,.F.);
#6671 = EDGE_LOOP('',(#6672));
#6672 = ORIENTED_EDGE('',*,*,#6673,.T.);
#6673 = EDGE_CURVE('',#6674,#6674,#6676,.T.);
#6674 = VERTEX_POINT('',#6675);
#6675 = CARTESIAN_POINT('',(-68.6,-43.641016,30.));
#6676 = SURFACE_CURVE('',#6677,(#6682,#6693),.PCURVE_S1.);
#6677 = CIRCLE('',#6678,1.4);
#6678 = AXIS2_PLACEMENT_3D('',#6679,#6680,#6681);
#6679 = CARTESIAN_POINT('',(-70.,-43.641016,30.));
#6680 = DIRECTION('',(0.,0.,-1.));
#6681 = DIRECTION('',(1.,0.,0.));
#6682 = PCURVE('',#3453,#6683);
#6683 = DEFINITIONAL_REPRESENTATION('',(#6684),#6692);
#6684 = ( BOUNDED_CURVE() B_SPLINE_CURVE(2,(#6685,#6686,#6687,#6688,
#6689,#6690,#6691),.UNSPECIFIED.,.T.,.F.) B_SPLINE_CURVE_WITH_KNOTS((1,2
    ,2,2,2,1),(-2.094395102393,0.,2.094395102393,4.188790204786,
6.28318530718,8.377580409573),.UNSPECIFIED.) CURVE() 
GEOMETRIC_REPRESENTATION_ITEM() RATIONAL_B_SPLINE_CURVE((1.,0.5,1.,0.5,
1.,0.5,1.)) REPRESENTATION_ITEM('') );
#6685 = CARTESIAN_POINT('',(-68.6,-43.641016));
#6686 = CARTESIAN_POINT('',(-68.6,-46.06588713059));
#6687 = CARTESIAN_POINT('',(-70.7,-44.85345156529));
#6688 = CARTESIAN_POINT('',(-72.8,-43.641016));
#6689 = CARTESIAN_POINT('',(-70.7,-42.4285804347));
#6690 = CARTESIAN_POINT('',(-68.6,-41.2161448694));
#6691 = CARTESIAN_POINT('',(-68.6,-43.641016));
#6692 = ( GEOMETRIC_REPRESENTATION_CONTEXT(2) 
PARAMETRIC_REPRESENTATION_CONTEXT() REPRESENTATION_CONTEXT('2D SPACE',''
  ) );
#6693 = PCURVE('',#6694,#6699);
#6694 = CYLINDRICAL_SURFACE('',#6695,1.4);
#6695 = AXIS2_PLACEMENT_3D('',#6696,#6697,#6698);
#6696 = CARTESIAN_POINT('',(-70.,-43.641016,29.9));
#6697 = DIRECTION('',(-0.,-0.,-1.));
#6698 = DIRECTION('',(1.,0.,0.));
#6699 = DEFINITIONAL_REPRESENTATION('',(#6700),#6704);
#6700 = LINE('',#6701,#6702);
#6701 = CARTESIAN_POINT('',(-6.28318530718,-0.1));
#6702 = VECTOR('',#6703,1.);
#6703 = DIRECTION('',(1.,-0.));
#6704 = ( GEOMETRIC_REPRESENTATION_CONTEXT(2) 
PARAMETRIC_REPRESENTATION_CONTEXT() REPRESENTATION_CONTEXT('2D SPACE',''
  ) );
#6705 = FACE_BOUND('',#6706,.F.);
#6706 = EDGE_LOOP('',(#6707));
#6707 = ORIENTED_EDGE('',*,*,#6708,.T.);
#6708 = EDGE_CURVE('',#6709,#6709,#6711,.T.);
#6709 = VERTEX_POINT('',#6710);
#6710 = CARTESIAN_POINT('',(-48.6,-43.641016,30.));
#6711 = SURFACE_CURVE('',#6712,(#6717,#6728),.PCURVE_S1.);
#6712 = CIRCLE('',#6713,1.4);
#6713 = AXIS2_PLACEMENT_3D('',#6714,#6715,#6716);
#6714 = CARTESIAN_POINT('',(-50.,-43.641016,30.));
#6715 = DIRECTION('',(0.,0.,-1.));
#6716 = DIRECTION('',(1.,0.,0.));
#6717 = PCURVE('',#3453,#6718);
#6718 = DEFINITIONAL_REPRESENTATION('',(#6719),#6727);
#6719 = ( BOUNDED_CURVE() B_SPLINE_CURVE(2,(#6720,#6721,#6722,#6723,
#6724,#6725,#6726),.UNSPECIFIED.,.T.,.F.) B_SPLINE_CURVE_WITH_KNOTS((1,2
    ,2,2,2,1),(-2.094395102393,0.,2.094395102393,4.188790204786,
6.28318530718,8.377580409573),.UNSPECIFIED.) CURVE() 
GEOMETRIC_REPRESENTATION_ITEM() RATIONAL_B_SPLINE_CURVE((1.,0.5,1.,0.5,
1.,0.5,1.)) REPRESENTATION_ITEM('') );
#6720 = CARTESIAN_POINT('',(-48.6,-43.641016));
#6721 = CARTESIAN_POINT('',(-48.6,-46.06588713059));
#6722 = CARTESIAN_POINT('',(-50.7,-44.85345156529));
#6723 = CARTESIAN_POINT('',(-52.8,-43.641016));
#6724 = CARTESIAN_POINT('',(-50.7,-42.4285804347));
#6725 = CARTESIAN_POINT('',(-48.6,-41.2161448694));
#6726 = CARTESIAN_POINT('',(-48.6,-43.641016));
#6727 = ( GEOMETRIC_REPRESENTATION_CONTEXT(2) 
PARAMETRIC_REPRESENTATION_CONTEXT() REPRESENTATION_CONTEXT('2D SPACE',''
  ) );
#6728 = PCURVE('',#6729,#6734);
#6729 = CYLINDRICAL_SURFACE('',#6730,1.4);
#6730 = AXIS2_PLACEMENT_3D('',#6731,#6732,#6733);
#6731 = CARTESIAN_POINT('',(-50.,-43.641016,29.9));
#6732 = DIRECTION('',(-0.,-0.,-1.));
#6733 = DIRECTION('',(1.,0.,0.));
#6734 = DEFINITIONAL_REPRESENTATION('',(#6735),#6739);
#6735 = LINE('',#6736,#6737);
#6736 = CARTESIAN_POINT('',(-6.28318530718,-0.1));
#6737 = VECTOR('',#6738,1.);
#6738 = DIRECTION('',(1.,-0.));
#6739 = ( GEOMETRIC_REPRESENTATION_CONTEXT(2) 
PARAMETRIC_REPRESENTATION_CONTEXT() REPRESENTATION_CONTEXT('2D SPACE',''
  ) );
#6740 = FACE_BOUND('',#6741,.F.);
#6741 = EDGE_LOOP('',(#6742));
#6742 = ORIENTED_EDGE('',*,*,#6743,.T.);
#6743 = EDGE_CURVE('',#6744,#6744,#6746,.T.);
#6744 = VERTEX_POINT('',#6745);
#6745 = CARTESIAN_POINT('',(51.4,-43.641016,30.));
#6746 = SURFACE_CURVE('',#6747,(#6752,#6763),.PCURVE_S1.);
#6747 = CIRCLE('',#6748,1.4);
#6748 = AXIS2_PLACEMENT_3D('',#6749,#6750,#6751);
#6749 = CARTESIAN_POINT('',(50.,-43.641016,30.));
#6750 = DIRECTION('',(0.,0.,-1.));
#6751 = DIRECTION('',(1.,0.,0.));
#6752 = PCURVE('',#3453,#6753);
#6753 = DEFINITIONAL_REPRESENTATION('',(#6754),#6762);
#6754 = ( BOUNDED_CURVE() B_SPLINE_CURVE(2,(#6755,#6756,#6757,#6758,
#6759,#6760,#6761),.UNSPECIFIED.,.T.,.F.) B_SPLINE_CURVE_WITH_KNOTS((1,2
    ,2,2,2,1),(-2.094395102393,0.,2.094395102393,4.188790204786,
6.28318530718,8.377580409573),.UNSPECIFIED.) CURVE() 
GEOMETRIC_REPRESENTATION_ITEM() RATIONAL_B_SPLINE_CURVE((1.,0.5,1.,0.5,
1.,0.5,1.)) REPRESENTATION_ITEM('') );
#6755 = CARTESIAN_POINT('',(51.4,-43.641016));
#6756 = CARTESIAN_POINT('',(51.4,-46.06588713059));
#6757 = CARTESIAN_POINT('',(49.3,-44.85345156529));
#6758 = CARTESIAN_POINT('',(47.2,-43.641016));
#6759 = CARTESIAN_POINT('',(49.3,-42.4285804347));
#6760 = CARTESIAN_POINT('',(51.4,-41.2161448694));
#6761 = CARTESIAN_POINT('',(51.4,-43.641016));
#6762 = ( GEOMETRIC_REPRESENTATION_CONTEXT(2) 
PARAMETRIC_REPRESENTATION_CONTEXT() REPRESENTATION_CONTEXT('2D SPACE',''
  ) );
#6763 = PCURVE('',#6764,#6769);
#6764 = CYLINDRICAL_SURFACE('',#6765,1.4);
#6765 = AXIS2_PLACEMENT_3D('',#6766,#6767,#6768);
#6766 = CARTESIAN_POINT('',(50.,-43.641016,29.9));
#6767 = DIRECTION('',(-0.,-0.,-1.));
#6768 = DIRECTION('',(1.,0.,0.));
#6769 = DEFINITIONAL_REPRESENTATION('',(#6770),#6774);
#6770 = LINE('',#6771,#6772);
#6771 = CARTESIAN_POINT('',(-6.28318530718,-0.1));
#6772 = VECTOR('',#6773,1.);
#6773 = DIRECTION('',(1.,-0.));
#6774 = ( GEOMETRIC_REPRESENTATION_CONTEXT(2) 
PARAMETRIC_REPRESENTATION_CONTEXT() REPRESENTATION_CONTEXT('2D SPACE',''
  ) );
#6775 = FACE_BOUND('',#6776,.F.);
#6776 = EDGE_LOOP('',(#6777));
#6777 = ORIENTED_EDGE('',*,*,#6778,.T.);
#6778 = EDGE_CURVE('',#6779,#6779,#6781,.T.);
#6779 = VERTEX_POINT('',#6780);
#6780 = CARTESIAN_POINT('',(71.4,-43.641016,30.));
#6781 = SURFACE_CURVE('',#6782,(#6787,#6798),.PCURVE_S1.);
#6782 = CIRCLE('',#6783,1.4);
#6783 = AXIS2_PLACEMENT_3D('',#6784,#6785,#6786);
#6784 = CARTESIAN_POINT('',(70.,-43.641016,30.));
#6785 = DIRECTION('',(0.,0.,-1.));
#6786 = DIRECTION('',(1.,0.,0.));
#6787 = PCURVE('',#3453,#6788);
#6788 = DEFINITIONAL_REPRESENTATION('',(#6789),#6797);
#6789 = ( BOUNDED_CURVE() B_SPLINE_CURVE(2,(#6790,#6791,#6792,#6793,
#6794,#6795,#6796),.UNSPECIFIED.,.T.,.F.) B_SPLINE_CURVE_WITH_KNOTS((1,2
    ,2,2,2,1),(-2.094395102393,0.,2.094395102393,4.188790204786,
6.28318530718,8.377580409573),.UNSPECIFIED.) CURVE() 
GEOMETRIC_REPRESENTATION_ITEM() RATIONAL_B_SPLINE_CURVE((1.,0.5,1.,0.5,
1.,0.5,1.)) REPRESENTATION_ITEM('') );
#6790 = CARTESIAN_POINT('',(71.4,-43.641016));
#6791 = CARTESIAN_POINT('',(71.4,-46.06588713059));
#6792 = CARTESIAN_POINT('',(69.3,-44.85345156529));
#6793 = CARTESIAN_POINT('',(67.2,-43.641016));
#6794 = CARTESIAN_POINT('',(69.3,-42.4285804347));
#6795 = CARTESIAN_POINT('',(71.4,-41.2161448694));
#6796 = CARTESIAN_POINT('',(71.4,-43.641016));
#6797 = ( GEOMETRIC_REPRESENTATION_CONTEXT(2) 
PARAMETRIC_REPRESENTATION_CONTEXT() REPRESENTATION_CONTEXT('2D SPACE',''
  ) );
#6798 = PCURVE('',#6799,#6804);
#6799 = CYLINDRICAL_SURFACE('',#6800,1.4);
#6800 = AXIS2_PLACEMENT_3D('',#6801,#6802,#6803);
#6801 = CARTESIAN_POINT('',(70.,-43.641016,29.9));
#6802 = DIRECTION('',(-0.,-0.,-1.));
#6803 = DIRECTION('',(1.,0.,0.));
#6804 = DEFINITIONAL_REPRESENTATION('',(#6805),#6809);
#6805 = LINE('',#6806,#6807);
#6806 = CARTESIAN_POINT('',(-6.28318530718,-0.1));
#6807 = VECTOR('',#6808,1.);
#6808 = DIRECTION('',(1.,-0.));
#6809 = ( GEOMETRIC_REPRESENTATION_CONTEXT(2) 
PARAMETRIC_REPRESENTATION_CONTEXT() REPRESENTATION_CONTEXT('2D SPACE',''
  ) );
#6810 = FACE_BOUND('',#6811,.F.);
#6811 = EDGE_LOOP('',(#6812));
#6812 = ORIENTED_EDGE('',*,*,#6813,.T.);
#6813 = EDGE_CURVE('',#6814,#6814,#6816,.T.);
#6814 = VERTEX_POINT('',#6815);
#6815 = CARTESIAN_POINT('',(8.1,0.,30.));
#6816 = SURFACE_CURVE('',#6817,(#6822,#6833),.PCURVE_S1.);
#6817 = CIRCLE('',#6818,8.1);
#6818 = AXIS2_PLACEMENT_3D('',#6819,#6820,#6821);
#6819 = CARTESIAN_POINT('',(0.,0.,30.));
#6820 = DIRECTION('',(0.,0.,-1.));
#6821 = DIRECTION('',(1.,0.,0.));
#6822 = PCURVE('',#3453,#6823);
#6823 = DEFINITIONAL_REPRESENTATION('',(#6824),#6832);
#6824 = ( BOUNDED_CURVE() B_SPLINE_CURVE(2,(#6825,#6826,#6827,#6828,
#6829,#6830,#6831),.UNSPECIFIED.,.T.,.F.) B_SPLINE_CURVE_WITH_KNOTS((1,2
    ,2,2,2,1),(-2.094395102393,0.,2.094395102393,4.188790204786,
6.28318530718,8.377580409573),.UNSPECIFIED.) CURVE() 
GEOMETRIC_REPRESENTATION_ITEM() RATIONAL_B_SPLINE_CURVE((1.,0.5,1.,0.5,
1.,0.5,1.)) REPRESENTATION_ITEM('') );
#6825 = CARTESIAN_POINT('',(8.1,7.347880794884E-16));
#6826 = CARTESIAN_POINT('',(8.1,-14.0296115413));
#6827 = CARTESIAN_POINT('',(-4.05,-7.014805770654));
#6828 = CARTESIAN_POINT('',(-16.2,-1.24913973513E-15));
#6829 = CARTESIAN_POINT('',(-4.05,7.014805770654));
#6830 = CARTESIAN_POINT('',(8.1,14.029611541308));
#6831 = CARTESIAN_POINT('',(8.1,7.347880794884E-16));
#6832 = ( GEOMETRIC_REPRESENTATION_CONTEXT(2) 
PARAMETRIC_REPRESENTATION_CONTEXT() REPRESENTATION_CONTEXT('2D SPACE',''
  ) );
#6833 = PCURVE('',#6834,#6839);
#6834 = CYLINDRICAL_SURFACE('',#6835,8.1);
#6835 = AXIS2_PLACEMENT_3D('',#6836,#6837,#6838);
#6836 = CARTESIAN_POINT('',(0.,0.,29.9));
#6837 = DIRECTION('',(-0.,-0.,-1.));
#6838 = DIRECTION('',(1.,0.,0.));
#6839 = DEFINITIONAL_REPRESENTATION('',(#6840),#6844);
#6840 = LINE('',#6841,#6842);
#6841 = CARTESIAN_POINT('',(-6.28318530718,-0.1));
#6842 = VECTOR('',#6843,1.);
#6843 = DIRECTION('',(1.,-0.));
#6844 = ( GEOMETRIC_REPRESENTATION_CONTEXT(2) 
PARAMETRIC_REPRESENTATION_CONTEXT() REPRESENTATION_CONTEXT('2D SPACE',''
  ) );
#6845 = FACE_BOUND('',#6846,.F.);
#6846 = EDGE_LOOP('',(#6847));
#6847 = ORIENTED_EDGE('',*,*,#6848,.T.);
#6848 = EDGE_CURVE('',#6849,#6849,#6851,.T.);
#6849 = VERTEX_POINT('',#6850);
#6850 = CARTESIAN_POINT('',(-8.6,60.282032,30.));
#6851 = SURFACE_CURVE('',#6852,(#6857,#6868),.PCURVE_S1.);
#6852 = CIRCLE('',#6853,1.4);
#6853 = AXIS2_PLACEMENT_3D('',#6854,#6855,#6856);
#6854 = CARTESIAN_POINT('',(-10.,60.282032,30.));
#6855 = DIRECTION('',(0.,0.,-1.));
#6856 = DIRECTION('',(1.,0.,0.));
#6857 = PCURVE('',#3453,#6858);
#6858 = DEFINITIONAL_REPRESENTATION('',(#6859),#6867);
#6859 = ( BOUNDED_CURVE() B_SPLINE_CURVE(2,(#6860,#6861,#6862,#6863,
#6864,#6865,#6866),.UNSPECIFIED.,.T.,.F.) B_SPLINE_CURVE_WITH_KNOTS((1,2
    ,2,2,2,1),(-2.094395102393,0.,2.094395102393,4.188790204786,
6.28318530718,8.377580409573),.UNSPECIFIED.) CURVE() 
GEOMETRIC_REPRESENTATION_ITEM() RATIONAL_B_SPLINE_CURVE((1.,0.5,1.,0.5,
1.,0.5,1.)) REPRESENTATION_ITEM('') );
#6860 = CARTESIAN_POINT('',(-8.6,60.282032));
#6861 = CARTESIAN_POINT('',(-8.6,57.857160869404));
#6862 = CARTESIAN_POINT('',(-10.7,59.069596434702));
#6863 = CARTESIAN_POINT('',(-12.8,60.282032));
#6864 = CARTESIAN_POINT('',(-10.7,61.494467565298));
#6865 = CARTESIAN_POINT('',(-8.6,62.706903130596));
#6866 = CARTESIAN_POINT('',(-8.6,60.282032));
#6867 = ( GEOMETRIC_REPRESENTATION_CONTEXT(2) 
PARAMETRIC_REPRESENTATION_CONTEXT() REPRESENTATION_CONTEXT('2D SPACE',''
  ) );
#6868 = PCURVE('',#6869,#6874);
#6869 = CYLINDRICAL_SURFACE('',#6870,1.4);
#6870 = AXIS2_PLACEMENT_3D('',#6871,#6872,#6873);
#6871 = CARTESIAN_POINT('',(-10.,60.282032,29.9));
#6872 = DIRECTION('',(-0.,-0.,-1.));
#6873 = DIRECTION('',(1.,0.,0.));
#6874 = DEFINITIONAL_REPRESENTATION('',(#6875),#6879);
#6875 = LINE('',#6876,#6877);
#6876 = CARTESIAN_POINT('',(-6.28318530718,-0.1));
#6877 = VECTOR('',#6878,1.);
#6878 = DIRECTION('',(1.,-0.));
#6879 = ( GEOMETRIC_REPRESENTATION_CONTEXT(2) 
PARAMETRIC_REPRESENTATION_CONTEXT() REPRESENTATION_CONTEXT('2D SPACE',''
  ) );
#6880 = FACE_BOUND('',#6881,.F.);
#6881 = EDGE_LOOP('',(#6882));
#6882 = ORIENTED_EDGE('',*,*,#6883,.T.);
#6883 = EDGE_CURVE('',#6884,#6884,#6886,.T.);
#6884 = VERTEX_POINT('',#6885);
#6885 = CARTESIAN_POINT('',(11.4,60.282032,30.));
#6886 = SURFACE_CURVE('',#6887,(#6892,#6903),.PCURVE_S1.);
#6887 = CIRCLE('',#6888,1.4);
#6888 = AXIS2_PLACEMENT_3D('',#6889,#6890,#6891);
#6889 = CARTESIAN_POINT('',(10.,60.282032,30.));
#6890 = DIRECTION('',(0.,0.,-1.));
#6891 = DIRECTION('',(1.,0.,0.));
#6892 = PCURVE('',#3453,#6893);
#6893 = DEFINITIONAL_REPRESENTATION('',(#6894),#6902);
#6894 = ( BOUNDED_CURVE() B_SPLINE_CURVE(2,(#6895,#6896,#6897,#6898,
#6899,#6900,#6901),.UNSPECIFIED.,.T.,.F.) B_SPLINE_CURVE_WITH_KNOTS((1,2
    ,2,2,2,1),(-2.094395102393,0.,2.094395102393,4.188790204786,
6.28318530718,8.377580409573),.UNSPECIFIED.) CURVE() 
GEOMETRIC_REPRESENTATION_ITEM() RATIONAL_B_SPLINE_CURVE((1.,0.5,1.,0.5,
1.,0.5,1.)) REPRESENTATION_ITEM('') );
#6895 = CARTESIAN_POINT('',(11.4,60.282032));
#6896 = CARTESIAN_POINT('',(11.4,57.857160869404));
#6897 = CARTESIAN_POINT('',(9.3,59.069596434702));
#6898 = CARTESIAN_POINT('',(7.2,60.282032));
#6899 = CARTESIAN_POINT('',(9.3,61.494467565298));
#6900 = CARTESIAN_POINT('',(11.4,62.706903130596));
#6901 = CARTESIAN_POINT('',(11.4,60.282032));
#6902 = ( GEOMETRIC_REPRESENTATION_CONTEXT(2) 
PARAMETRIC_REPRESENTATION_CONTEXT() REPRESENTATION_CONTEXT('2D SPACE',''
  ) );
#6903 = PCURVE('',#6904,#6909);
#6904 = CYLINDRICAL_SURFACE('',#6905,1.4);
#6905 = AXIS2_PLACEMENT_3D('',#6906,#6907,#6908);
#6906 = CARTESIAN_POINT('',(10.,60.282032,29.9));
#6907 = DIRECTION('',(-0.,-0.,-1.));
#6908 = DIRECTION('',(1.,0.,0.));
#6909 = DEFINITIONAL_REPRESENTATION('',(#6910),#6914);
#6910 = LINE('',#6911,#6912);
#6911 = CARTESIAN_POINT('',(-6.28318530718,-0.1));
#6912 = VECTOR('',#6913,1.);
#6913 = DIRECTION('',(1.,-0.));
#6914 = ( GEOMETRIC_REPRESENTATION_CONTEXT(2) 
PARAMETRIC_REPRESENTATION_CONTEXT() REPRESENTATION_CONTEXT('2D SPACE',''
  ) );
#6915 = ADVANCED_FACE('',(#6916),#3482,.T.);
#6916 = FACE_BOUND('',#6917,.T.);
#6917 = EDGE_LOOP('',(#6918,#6939));
#6918 = ORIENTED_EDGE('',*,*,#6919,.T.);
#6919 = EDGE_CURVE('',#3466,#3437,#6920,.T.);
#6920 = SURFACE_CURVE('',#6921,(#6925,#6932),.PCURVE_S1.);
#6921 = LINE('',#6922,#6923);
#6922 = CARTESIAN_POINT('',(-84.10254048124,-54.33012685978,30.));
#6923 = VECTOR('',#6924,1.);
#6924 = DIRECTION('',(-0.499999998361,0.866025404731,0.));
#6925 = PCURVE('',#3482,#6926);
#6926 = DEFINITIONAL_REPRESENTATION('',(#6927),#6931);
#6927 = LINE('',#6928,#6929);
#6928 = CARTESIAN_POINT('',(2.499999991806,-4.330127023653));
#6929 = VECTOR('',#6930,1.);
#6930 = DIRECTION('',(-0.499999998361,0.866025404731));
#6931 = ( GEOMETRIC_REPRESENTATION_CONTEXT(2) 
PARAMETRIC_REPRESENTATION_CONTEXT() REPRESENTATION_CONTEXT('2D SPACE',''
  ) );
#6932 = PCURVE('',#6069,#6933);
#6933 = DEFINITIONAL_REPRESENTATION('',(#6934),#6938);
#6934 = LINE('',#6935,#6936);
#6935 = CARTESIAN_POINT('',(0.,0.));
#6936 = VECTOR('',#6937,1.);
#6937 = DIRECTION('',(1.,0.));
#6938 = ( GEOMETRIC_REPRESENTATION_CONTEXT(2) 
PARAMETRIC_REPRESENTATION_CONTEXT() REPRESENTATION_CONTEXT('2D SPACE',''
  ) );
#6939 = ORIENTED_EDGE('',*,*,#3465,.T.);
#6940 = ADVANCED_FACE('',(#6941),#3559,.T.);
#6941 = FACE_BOUND('',#6942,.T.);
#6942 = EDGE_LOOP('',(#6943,#6944,#6945,#6946));
#6943 = ORIENTED_EDGE('',*,*,#3646,.F.);
#6944 = ORIENTED_EDGE('',*,*,#3543,.T.);
#6945 = ORIENTED_EDGE('',*,*,#3597,.T.);
#6946 = ORIENTED_EDGE('',*,*,#3695,.F.);
#6947 = ADVANCED_FACE('',(#6948),#3760,.T.);
#6948 = FACE_BOUND('',#6949,.T.);
#6949 = EDGE_LOOP('',(#6950,#6951,#6952,#6953));
#6950 = ORIENTED_EDGE('',*,*,#3847,.F.);
#6951 = ORIENTED_EDGE('',*,*,#3744,.T.);
#6952 = ORIENTED_EDGE('',*,*,#3798,.T.);
#6953 = ORIENTED_EDGE('',*,*,#3896,.F.);
#6954 = ADVANCED_FACE('',(#6955),#3961,.T.);
#6955 = FACE_BOUND('',#6956,.T.);
#6956 = EDGE_LOOP('',(#6957,#6958,#6959,#6960));
#6957 = ORIENTED_EDGE('',*,*,#4048,.F.);
#6958 = ORIENTED_EDGE('',*,*,#3945,.T.);
#6959 = ORIENTED_EDGE('',*,*,#3999,.T.);
#6960 = ORIENTED_EDGE('',*,*,#4097,.F.);
#6961 = ADVANCED_FACE('',(#6962),#4164,.T.);
#6962 = FACE_BOUND('',#6963,.T.);
#6963 = EDGE_LOOP('',(#6964,#6965,#6966));
#6964 = ORIENTED_EDGE('',*,*,#4200,.T.);
#6965 = ORIENTED_EDGE('',*,*,#4147,.T.);
#6966 = ORIENTED_EDGE('',*,*,#6967,.T.);
#6967 = EDGE_CURVE('',#4148,#4177,#6968,.T.);
#6968 = SURFACE_CURVE('',#6969,(#6973,#6980),.PCURVE_S1.);
#6969 = LINE('',#6970,#6971);
#6970 = CARTESIAN_POINT('',(89.102540464861,-45.66987281247,30.));
#6971 = VECTOR('',#6972,1.);
#6972 = DIRECTION('',(-0.499999998361,-0.866025404731,0.));
#6973 = PCURVE('',#4164,#6974);
#6974 = DEFINITIONAL_REPRESENTATION('',(#6975),#6979);
#6975 = LINE('',#6976,#6977);
#6976 = CARTESIAN_POINT('',(2.499999991806,4.330127023653));
#6977 = VECTOR('',#6978,1.);
#6978 = DIRECTION('',(-0.499999998361,-0.866025404731));
#6979 = ( GEOMETRIC_REPRESENTATION_CONTEXT(2) 
PARAMETRIC_REPRESENTATION_CONTEXT() REPRESENTATION_CONTEXT('2D SPACE',''
  ) );
#6980 = PCURVE('',#6323,#6981);
#6981 = DEFINITIONAL_REPRESENTATION('',(#6982),#6986);
#6982 = LINE('',#6983,#6984);
#6983 = CARTESIAN_POINT('',(0.,0.));
#6984 = VECTOR('',#6985,1.);
#6985 = DIRECTION('',(1.,0.));
#6986 = ( GEOMETRIC_REPRESENTATION_CONTEXT(2) 
PARAMETRIC_REPRESENTATION_CONTEXT() REPRESENTATION_CONTEXT('2D SPACE',''
  ) );
#6987 = ADVANCED_FACE('',(#6988,#6991,#6994,#6997,#7000,#7031),#4243,.T.
  );
#6988 = FACE_BOUND('',#6989,.T.);
#6989 = EDGE_LOOP('',(#6990));
#6990 = ORIENTED_EDGE('',*,*,#4226,.F.);
#6991 = FACE_BOUND('',#6992,.T.);
#6992 = EDGE_LOOP('',(#6993));
#6993 = ORIENTED_EDGE('',*,*,#5655,.T.);
#6994 = FACE_BOUND('',#6995,.T.);
#6995 = EDGE_LOOP('',(#6996));
#6996 = ORIENTED_EDGE('',*,*,#5871,.T.);
#6997 = FACE_BOUND('',#6998,.T.);
#6998 = EDGE_LOOP('',(#6999));
#6999 = ORIENTED_EDGE('',*,*,#5763,.T.);
#7000 = FACE_BOUND('',#7001,.T.);
#7001 = EDGE_LOOP('',(#7002));
#7002 = ORIENTED_EDGE('',*,*,#7003,.F.);
#7003 = EDGE_CURVE('',#7004,#7004,#7006,.T.);
#7004 = VERTEX_POINT('',#7005);
#7005 = CARTESIAN_POINT('',(30.,0.,6.));
#7006 = SURFACE_CURVE('',#7007,(#7012,#7019),.PCURVE_S1.);
#7007 = CIRCLE('',#7008,30.);
#7008 = AXIS2_PLACEMENT_3D('',#7009,#7010,#7011);
#7009 = CARTESIAN_POINT('',(0.,0.,6.));
#7010 = DIRECTION('',(0.,0.,1.));
#7011 = DIRECTION('',(1.,0.,0.));
#7012 = PCURVE('',#4243,#7013);
#7013 = DEFINITIONAL_REPRESENTATION('',(#7014),#7018);
#7014 = CIRCLE('',#7015,30.);
#7015 = AXIS2_PLACEMENT_2D('',#7016,#7017);
#7016 = CARTESIAN_POINT('',(9.72401872028E-15,4.40872847693E-15));
#7017 = DIRECTION('',(1.,0.));
#7018 = ( GEOMETRIC_REPRESENTATION_CONTEXT(2) 
PARAMETRIC_REPRESENTATION_CONTEXT() REPRESENTATION_CONTEXT('2D SPACE',''
  ) );
#7019 = PCURVE('',#7020,#7025);
#7020 = CYLINDRICAL_SURFACE('',#7021,30.);
#7021 = AXIS2_PLACEMENT_3D('',#7022,#7023,#7024);
#7022 = CARTESIAN_POINT('',(0.,0.,6.));
#7023 = DIRECTION('',(-0.,-0.,-1.));
#7024 = DIRECTION('',(1.,0.,0.));
#7025 = DEFINITIONAL_REPRESENTATION('',(#7026),#7030);
#7026 = LINE('',#7027,#7028);
#7027 = CARTESIAN_POINT('',(-0.,0.));
#7028 = VECTOR('',#7029,1.);
#7029 = DIRECTION('',(-1.,0.));
#7030 = ( GEOMETRIC_REPRESENTATION_CONTEXT(2) 
PARAMETRIC_REPRESENTATION_CONTEXT() REPRESENTATION_CONTEXT('2D SPACE',''
  ) );
#7031 = FACE_BOUND('',#7032,.T.);
#7032 = EDGE_LOOP('',(#7033));
#7033 = ORIENTED_EDGE('',*,*,#5523,.T.);
#7034 = ADVANCED_FACE('',(#7035),#4324,.T.);
#7035 = FACE_BOUND('',#7036,.T.);
#7036 = EDGE_LOOP('',(#7037,#7038,#7039,#7040));
#7037 = ORIENTED_EDGE('',*,*,#4411,.F.);
#7038 = ORIENTED_EDGE('',*,*,#4308,.T.);
#7039 = ORIENTED_EDGE('',*,*,#4362,.T.);
#7040 = ORIENTED_EDGE('',*,*,#4460,.F.);
#7041 = ADVANCED_FACE('',(#7042),#4525,.T.);
#7042 = FACE_BOUND('',#7043,.T.);
#7043 = EDGE_LOOP('',(#7044,#7045,#7046,#7047));
#7044 = ORIENTED_EDGE('',*,*,#4612,.F.);
#7045 = ORIENTED_EDGE('',*,*,#4509,.T.);
#7046 = ORIENTED_EDGE('',*,*,#4563,.T.);
#7047 = ORIENTED_EDGE('',*,*,#4661,.F.);
#7048 = ADVANCED_FACE('',(#7049),#4728,.T.);
#7049 = FACE_BOUND('',#7050,.T.);
#7050 = EDGE_LOOP('',(#7051,#7072));
#7051 = ORIENTED_EDGE('',*,*,#7052,.T.);
#7052 = EDGE_CURVE('',#4712,#4689,#7053,.T.);
#7053 = SURFACE_CURVE('',#7054,(#7058,#7065),.PCURVE_S1.);
#7054 = LINE('',#7055,#7056);
#7055 = CARTESIAN_POINT('',(-5.,100.,30.));
#7056 = VECTOR('',#7057,1.);
#7057 = DIRECTION('',(1.,0.,0.));
#7058 = PCURVE('',#4728,#7059);
#7059 = DEFINITIONAL_REPRESENTATION('',(#7060),#7064);
#7060 = LINE('',#7061,#7062);
#7061 = CARTESIAN_POINT('',(-5.,1.42108547152E-14));
#7062 = VECTOR('',#7063,1.);
#7063 = DIRECTION('',(1.,0.));
#7064 = ( GEOMETRIC_REPRESENTATION_CONTEXT(2) 
PARAMETRIC_REPRESENTATION_CONTEXT() REPRESENTATION_CONTEXT('2D SPACE',''
  ) );
#7065 = PCURVE('',#6580,#7066);
#7066 = DEFINITIONAL_REPRESENTATION('',(#7067),#7071);
#7067 = LINE('',#7068,#7069);
#7068 = CARTESIAN_POINT('',(0.,0.));
#7069 = VECTOR('',#7070,1.);
#7070 = DIRECTION('',(1.,0.));
#7071 = ( GEOMETRIC_REPRESENTATION_CONTEXT(2) 
PARAMETRIC_REPRESENTATION_CONTEXT() REPRESENTATION_CONTEXT('2D SPACE',''
  ) );
#7072 = ORIENTED_EDGE('',*,*,#4711,.T.);
#7073 = ADVANCED_FACE('',(#7074),#4805,.T.);
#7074 = FACE_BOUND('',#7075,.T.);
#7075 = EDGE_LOOP('',(#7076,#7077,#7078,#7079));
#7076 = ORIENTED_EDGE('',*,*,#4892,.F.);
#7077 = ORIENTED_EDGE('',*,*,#4789,.T.);
#7078 = ORIENTED_EDGE('',*,*,#4843,.T.);
#7079 = ORIENTED_EDGE('',*,*,#4941,.F.);
#7080 = ADVANCED_FACE('',(#7081),#5006,.T.);
#7081 = FACE_BOUND('',#7082,.T.);
#7082 = EDGE_LOOP('',(#7083,#7084,#7085,#7086));
#7083 = ORIENTED_EDGE('',*,*,#5093,.F.);
#7084 = ORIENTED_EDGE('',*,*,#4990,.T.);
#7085 = ORIENTED_EDGE('',*,*,#5044,.T.);
#7086 = ORIENTED_EDGE('',*,*,#5142,.F.);
#7087 = ADVANCED_FACE('',(#7088),#5207,.F.);
#7088 = FACE_BOUND('',#7089,.F.);
#7089 = EDGE_LOOP('',(#7090));
#7090 = ORIENTED_EDGE('',*,*,#5192,.T.);
#7091 = ADVANCED_FACE('',(#7092),#5262,.F.);
#7092 = FACE_BOUND('',#7093,.F.);
#7093 = EDGE_LOOP('',(#7094));
#7094 = ORIENTED_EDGE('',*,*,#5247,.T.);
#7095 = ADVANCED_FACE('',(#7096),#5317,.F.);
#7096 = FACE_BOUND('',#7097,.F.);
#7097 = EDGE_LOOP('',(#7098));
#7098 = ORIENTED_EDGE('',*,*,#5302,.T.);
#7099 = ADVANCED_FACE('',(#7100,#7126),#5372,.T.);
#7100 = FACE_BOUND('',#7101,.T.);
#7101 = EDGE_LOOP('',(#7102));
#7102 = ORIENTED_EDGE('',*,*,#7103,.T.);
#7103 = EDGE_CURVE('',#7104,#7104,#7106,.T.);
#7104 = VERTEX_POINT('',#7105);
#7105 = CARTESIAN_POINT('',(30.,0.,12.));
#7106 = SURFACE_CURVE('',#7107,(#7112,#7119),.PCURVE_S1.);
#7107 = CIRCLE('',#7108,30.);
#7108 = AXIS2_PLACEMENT_3D('',#7109,#7110,#7111);
#7109 = CARTESIAN_POINT('',(0.,0.,12.));
#7110 = DIRECTION('',(0.,0.,1.));
#7111 = DIRECTION('',(1.,0.,0.));
#7112 = PCURVE('',#5372,#7113);
#7113 = DEFINITIONAL_REPRESENTATION('',(#7114),#7118);
#7114 = CIRCLE('',#7115,30.);
#7115 = AXIS2_PLACEMENT_2D('',#7116,#7117);
#7116 = CARTESIAN_POINT('',(1.458602808042E-15,-2.339560088947E-16));
#7117 = DIRECTION('',(1.,0.));
#7118 = ( GEOMETRIC_REPRESENTATION_CONTEXT(2) 
PARAMETRIC_REPRESENTATION_CONTEXT() REPRESENTATION_CONTEXT('2D SPACE',''
  ) );
#7119 = PCURVE('',#7020,#7120);
#7120 = DEFINITIONAL_REPRESENTATION('',(#7121),#7125);
#7121 = LINE('',#7122,#7123);
#7122 = CARTESIAN_POINT('',(-0.,-6.));
#7123 = VECTOR('',#7124,1.);
#7124 = DIRECTION('',(-1.,0.));
#7125 = ( GEOMETRIC_REPRESENTATION_CONTEXT(2) 
PARAMETRIC_REPRESENTATION_CONTEXT() REPRESENTATION_CONTEXT('2D SPACE',''
  ) );
#7126 = FACE_BOUND('',#7127,.T.);
#7127 = EDGE_LOOP('',(#7128));
#7128 = ORIENTED_EDGE('',*,*,#5357,.T.);
#7129 = ADVANCED_FACE('',(#7130),#5431,.F.);
#7130 = FACE_BOUND('',#7131,.F.);
#7131 = EDGE_LOOP('',(#7132));
#7132 = ORIENTED_EDGE('',*,*,#5416,.T.);
#7133 = ADVANCED_FACE('',(#7134),#5486,.T.);
#7134 = FACE_BOUND('',#7135,.T.);
#7135 = EDGE_LOOP('',(#7136,#7137));
#7136 = ORIENTED_EDGE('',*,*,#5553,.T.);
#7137 = ORIENTED_EDGE('',*,*,#5471,.T.);
#7138 = ADVANCED_FACE('',(#7139),#5620,.T.);
#7139 = FACE_BOUND('',#7140,.T.);
#7140 = EDGE_LOOP('',(#7141,#7142));
#7141 = ORIENTED_EDGE('',*,*,#5632,.T.);
#7142 = ORIENTED_EDGE('',*,*,#5605,.T.);
#7143 = ADVANCED_FACE('',(#7144),#5728,.T.);
#7144 = FACE_BOUND('',#7145,.T.);
#7145 = EDGE_LOOP('',(#7146,#7147));
#7146 = ORIENTED_EDGE('',*,*,#5740,.T.);
#7147 = ORIENTED_EDGE('',*,*,#5713,.T.);
#7148 = ADVANCED_FACE('',(#7149),#5836,.T.);
#7149 = FACE_BOUND('',#7150,.T.);
#7150 = EDGE_LOOP('',(#7151,#7152));
#7151 = ORIENTED_EDGE('',*,*,#5848,.T.);
#7152 = ORIENTED_EDGE('',*,*,#5821,.T.);
#7153 = ADVANCED_FACE('',(#7154),#5929,.T.);
#7154 = FACE_BOUND('',#7155,.T.);
#7155 = EDGE_LOOP('',(#7156,#7157,#7178,#7206));
#7156 = ORIENTED_EDGE('',*,*,#5911,.F.);
#7157 = ORIENTED_EDGE('',*,*,#7158,.F.);
#7158 = EDGE_CURVE('',#7159,#5912,#7161,.T.);
#7159 = VERTEX_POINT('',#7160);
#7160 = CARTESIAN_POINT('',(-5.,17.291616465791,36.));
#7161 = SURFACE_CURVE('',#7162,(#7166,#7172),.PCURVE_S1.);
#7162 = LINE('',#7163,#7164);
#7163 = CARTESIAN_POINT('',(-5.,17.291616465791,30.));
#7164 = VECTOR('',#7165,1.);
#7165 = DIRECTION('',(-0.,-0.,-1.));
#7166 = PCURVE('',#5929,#7167);
#7167 = DEFINITIONAL_REPRESENTATION('',(#7168),#7171);
#7168 = B_SPLINE_CURVE_WITH_KNOTS('',1,(#7169,#7170),.UNSPECIFIED.,.F.,
  .F.,(2,2),(-6.0000006,5.999999999062E-07),.PIECEWISE_BEZIER_KNOTS.);
#7169 = CARTESIAN_POINT('',(17.291616465791,-6.0000006));
#7170 = CARTESIAN_POINT('',(17.291616465791,5.999999999062E-07));
#7171 = ( GEOMETRIC_REPRESENTATION_CONTEXT(2) 
PARAMETRIC_REPRESENTATION_CONTEXT() REPRESENTATION_CONTEXT('2D SPACE',''
  ) );
#7172 = PCURVE('',#5958,#7173);
#7173 = DEFINITIONAL_REPRESENTATION('',(#7174),#7177);
#7174 = B_SPLINE_CURVE_WITH_KNOTS('',1,(#7175,#7176),.UNSPECIFIED.,.F.,
  .F.,(2,2),(-6.,-0.),.PIECEWISE_BEZIER_KNOTS.);
#7175 = CARTESIAN_POINT('',(-1.852276400026,-6.));
#7176 = CARTESIAN_POINT('',(-1.852276400026,0.));
#7177 = ( GEOMETRIC_REPRESENTATION_CONTEXT(2) 
PARAMETRIC_REPRESENTATION_CONTEXT() REPRESENTATION_CONTEXT('2D SPACE',''
  ) );
#7178 = ORIENTED_EDGE('',*,*,#7179,.T.);
#7179 = EDGE_CURVE('',#7159,#7180,#7182,.T.);
#7180 = VERTEX_POINT('',#7181);
#7181 = CARTESIAN_POINT('',(-5.,51.99041553421,36.));
#7182 = SURFACE_CURVE('',#7183,(#7187,#7194),.PCURVE_S1.);
#7183 = LINE('',#7184,#7185);
#7184 = CARTESIAN_POINT('',(-5.,0.,36.));
#7185 = VECTOR('',#7186,1.);
#7186 = DIRECTION('',(0.,1.,0.));
#7187 = PCURVE('',#5929,#7188);
#7188 = DEFINITIONAL_REPRESENTATION('',(#7189),#7193);
#7189 = LINE('',#7190,#7191);
#7190 = CARTESIAN_POINT('',(0.,-6.));
#7191 = VECTOR('',#7192,1.);
#7192 = DIRECTION('',(1.,0.));
#7193 = ( GEOMETRIC_REPRESENTATION_CONTEXT(2) 
PARAMETRIC_REPRESENTATION_CONTEXT() REPRESENTATION_CONTEXT('2D SPACE',''
  ) );
#7194 = PCURVE('',#7195,#7200);
#7195 = PLANE('',#7196);
#7196 = AXIS2_PLACEMENT_3D('',#7197,#7198,#7199);
#7197 = CARTESIAN_POINT('',(-1.215502340035E-15,-7.347880794884E-16,36.)
  );
#7198 = DIRECTION('',(0.,0.,1.));
#7199 = DIRECTION('',(1.,0.,-0.));
#7200 = DEFINITIONAL_REPRESENTATION('',(#7201),#7205);
#7201 = LINE('',#7202,#7203);
#7202 = CARTESIAN_POINT('',(-5.,7.347880794884E-16));
#7203 = VECTOR('',#7204,1.);
#7204 = DIRECTION('',(0.,1.));
#7205 = ( GEOMETRIC_REPRESENTATION_CONTEXT(2) 
PARAMETRIC_REPRESENTATION_CONTEXT() REPRESENTATION_CONTEXT('2D SPACE',''
  ) );
#7206 = ORIENTED_EDGE('',*,*,#7207,.T.);
#7207 = EDGE_CURVE('',#7180,#5914,#7208,.T.);
#7208 = SURFACE_CURVE('',#7209,(#7213,#7219),.PCURVE_S1.);
#7209 = LINE('',#7210,#7211);
#7210 = CARTESIAN_POINT('',(-5.,51.990415534209,30.));
#7211 = VECTOR('',#7212,1.);
#7212 = DIRECTION('',(-0.,-0.,-1.));
#7213 = PCURVE('',#5929,#7214);
#7214 = DEFINITIONAL_REPRESENTATION('',(#7215),#7218);
#7215 = B_SPLINE_CURVE_WITH_KNOTS('',1,(#7216,#7217),.UNSPECIFIED.,.F.,
  .F.,(2,2),(-6.0000006,5.999999999062E-07),.PIECEWISE_BEZIER_KNOTS.);
#7216 = CARTESIAN_POINT('',(51.990415534209,-6.0000006));
#7217 = CARTESIAN_POINT('',(51.990415534209,5.999999999062E-07));
#7218 = ( GEOMETRIC_REPRESENTATION_CONTEXT(2) 
PARAMETRIC_REPRESENTATION_CONTEXT() REPRESENTATION_CONTEXT('2D SPACE',''
  ) );
#7219 = PCURVE('',#6659,#7220);
#7220 = DEFINITIONAL_REPRESENTATION('',(#7221),#7224);
#7221 = B_SPLINE_CURVE_WITH_KNOTS('',1,(#7222,#7223),.UNSPECIFIED.,.F.,
  .F.,(2,2),(-6.0000006,5.999999999062E-07),.PIECEWISE_BEZIER_KNOTS.);
#7222 = CARTESIAN_POINT('',(-4.430908907154,-6.0000006));
#7223 = CARTESIAN_POINT('',(-4.430908907154,5.999999999062E-07));
#7224 = ( GEOMETRIC_REPRESENTATION_CONTEXT(2) 
PARAMETRIC_REPRESENTATION_CONTEXT() REPRESENTATION_CONTEXT('2D SPACE',''
  ) );
#7225 = ADVANCED_FACE('',(#7226),#5958,.T.);
#7226 = FACE_BOUND('',#7227,.F.);
#7227 = EDGE_LOOP('',(#7228,#7229,#7230,#7258));
#7228 = ORIENTED_EDGE('',*,*,#5941,.F.);
#7229 = ORIENTED_EDGE('',*,*,#7158,.F.);
#7230 = ORIENTED_EDGE('',*,*,#7231,.F.);
#7231 = EDGE_CURVE('',#7232,#7159,#7234,.T.);
#7232 = VERTEX_POINT('',#7233);
#7233 = CARTESIAN_POINT('',(-17.47497914003,-4.315681180907,36.));
#7234 = SURFACE_CURVE('',#7235,(#7240,#7247),.PCURVE_S1.);
#7235 = CIRCLE('',#7236,18.);
#7236 = AXIS2_PLACEMENT_3D('',#7237,#7238,#7239);
#7237 = CARTESIAN_POINT('',(0.,0.,36.));
#7238 = DIRECTION('',(0.,0.,-1.));
#7239 = DIRECTION('',(0.277777777778,0.960645359211,0.));
#7240 = PCURVE('',#5958,#7241);
#7241 = DEFINITIONAL_REPRESENTATION('',(#7242),#7246);
#7242 = LINE('',#7243,#7244);
#7243 = CARTESIAN_POINT('',(-7.572501560744,-6.));
#7244 = VECTOR('',#7245,1.);
#7245 = DIRECTION('',(1.,-0.));
#7246 = ( GEOMETRIC_REPRESENTATION_CONTEXT(2) 
PARAMETRIC_REPRESENTATION_CONTEXT() REPRESENTATION_CONTEXT('2D SPACE',''
  ) );
#7247 = PCURVE('',#7195,#7248);
#7248 = DEFINITIONAL_REPRESENTATION('',(#7249),#7257);
#7249 = ( BOUNDED_CURVE() B_SPLINE_CURVE(2,(#7250,#7251,#7252,#7253,
#7254,#7255,#7256),.UNSPECIFIED.,.T.,.F.) B_SPLINE_CURVE_WITH_KNOTS((1,2
    ,2,2,2,1),(-2.094395102393,0.,2.094395102393,4.188790204786,
6.28318530718,8.377580409573),.UNSPECIFIED.) CURVE() 
GEOMETRIC_REPRESENTATION_ITEM() RATIONAL_B_SPLINE_CURVE((1.,0.5,1.,0.5,
1.,0.5,1.)) REPRESENTATION_ITEM('') );
#7250 = CARTESIAN_POINT('',(5.,17.291616465791));
#7251 = CARTESIAN_POINT('',(34.949958263744,8.631362427947));
#7252 = CARTESIAN_POINT('',(12.474979131872,-12.97593525181));
#7253 = CARTESIAN_POINT('',(-9.999999999999,-34.58323293158));
#7254 = CARTESIAN_POINT('',(-17.47497913187,-4.315681213974));
#7255 = CARTESIAN_POINT('',(-24.94995826374,25.951870503634));
#7256 = CARTESIAN_POINT('',(5.,17.291616465791));
#7257 = ( GEOMETRIC_REPRESENTATION_CONTEXT(2) 
PARAMETRIC_REPRESENTATION_CONTEXT() REPRESENTATION_CONTEXT('2D SPACE',''
  ) );
#7258 = ORIENTED_EDGE('',*,*,#7259,.T.);
#7259 = EDGE_CURVE('',#7232,#5942,#7260,.T.);
#7260 = SURFACE_CURVE('',#7261,(#7265,#7271),.PCURVE_S1.);
#7261 = LINE('',#7262,#7263);
#7262 = CARTESIAN_POINT('',(-17.47497914003,-4.315681180907,30.));
#7263 = VECTOR('',#7264,1.);
#7264 = DIRECTION('',(-0.,-0.,-1.));
#7265 = PCURVE('',#5958,#7266);
#7266 = DEFINITIONAL_REPRESENTATION('',(#7267),#7270);
#7267 = B_SPLINE_CURVE_WITH_KNOTS('',1,(#7268,#7269),.UNSPECIFIED.,.F.,
  .F.,(2,2),(-6.0000006,5.999999999062E-07),.PIECEWISE_BEZIER_KNOTS.);
#7268 = CARTESIAN_POINT('',(-3.383711354065,-6.0000006));
#7269 = CARTESIAN_POINT('',(-3.383711354065,5.999999999062E-07));
#7270 = ( GEOMETRIC_REPRESENTATION_CONTEXT(2) 
PARAMETRIC_REPRESENTATION_CONTEXT() REPRESENTATION_CONTEXT('2D SPACE',''
  ) );
#7271 = PCURVE('',#5986,#7272);
#7272 = DEFINITIONAL_REPRESENTATION('',(#7273),#7276);
#7273 = B_SPLINE_CURVE_WITH_KNOTS('',1,(#7274,#7275),.UNSPECIFIED.,.F.,
  .F.,(2,2),(-6.0000006,5.999999999062E-07),.PIECEWISE_BEZIER_KNOTS.);
#7274 = CARTESIAN_POINT('',(82.708383534209,-6.0000006));
#7275 = CARTESIAN_POINT('',(82.708383534209,5.999999999062E-07));
#7276 = ( GEOMETRIC_REPRESENTATION_CONTEXT(2) 
PARAMETRIC_REPRESENTATION_CONTEXT() REPRESENTATION_CONTEXT('2D SPACE',''
  ) );
#7277 = ADVANCED_FACE('',(#7278),#6659,.T.);
#7278 = FACE_BOUND('',#7279,.F.);
#7279 = EDGE_LOOP('',(#7280,#7281,#7302,#7324));
#7280 = ORIENTED_EDGE('',*,*,#6644,.F.);
#7281 = ORIENTED_EDGE('',*,*,#7282,.F.);
#7282 = EDGE_CURVE('',#7283,#6617,#7285,.T.);
#7283 = VERTEX_POINT('',#7284);
#7284 = CARTESIAN_POINT('',(-5.,86.57364846579,36.));
#7285 = SURFACE_CURVE('',#7286,(#7290,#7296),.PCURVE_S1.);
#7286 = LINE('',#7287,#7288);
#7287 = CARTESIAN_POINT('',(-5.,86.573648465791,30.));
#7288 = VECTOR('',#7289,1.);
#7289 = DIRECTION('',(-0.,-0.,-1.));
#7290 = PCURVE('',#6659,#7291);
#7291 = DEFINITIONAL_REPRESENTATION('',(#7292),#7295);
#7292 = B_SPLINE_CURVE_WITH_KNOTS('',1,(#7293,#7294),.UNSPECIFIED.,.F.,
  .F.,(2,2),(-6.0000006,5.999999999062E-07),.PIECEWISE_BEZIER_KNOTS.);
#7293 = CARTESIAN_POINT('',(-1.852276400026,-6.0000006));
#7294 = CARTESIAN_POINT('',(-1.852276400026,5.999999999062E-07));
#7295 = ( GEOMETRIC_REPRESENTATION_CONTEXT(2) 
PARAMETRIC_REPRESENTATION_CONTEXT() REPRESENTATION_CONTEXT('2D SPACE',''
  ) );
#7296 = PCURVE('',#6632,#7297);
#7297 = DEFINITIONAL_REPRESENTATION('',(#7298),#7301);
#7298 = B_SPLINE_CURVE_WITH_KNOTS('',1,(#7299,#7300),.UNSPECIFIED.,.F.,
  .F.,(2,2),(-6.0000006,5.999999999062E-07),.PIECEWISE_BEZIER_KNOTS.);
#7299 = CARTESIAN_POINT('',(86.573648465791,-6.0000006));
#7300 = CARTESIAN_POINT('',(86.573648465791,5.999999999062E-07));
#7301 = ( GEOMETRIC_REPRESENTATION_CONTEXT(2) 
PARAMETRIC_REPRESENTATION_CONTEXT() REPRESENTATION_CONTEXT('2D SPACE',''
  ) );
#7302 = ORIENTED_EDGE('',*,*,#7303,.T.);
#7303 = EDGE_CURVE('',#7283,#7180,#7304,.T.);
#7304 = SURFACE_CURVE('',#7305,(#7310,#7317),.PCURVE_S1.);
#7305 = CIRCLE('',#7306,18.);
#7306 = AXIS2_PLACEMENT_3D('',#7307,#7308,#7309);
#7307 = CARTESIAN_POINT('',(0.,69.282032,36.));
#7308 = DIRECTION('',(0.,0.,1.));
#7309 = DIRECTION('',(1.,0.,0.));
#7310 = PCURVE('',#6659,#7311);
#7311 = DEFINITIONAL_REPRESENTATION('',(#7312),#7316);
#7312 = LINE('',#7313,#7314);
#7313 = CARTESIAN_POINT('',(-0.,-6.));
#7314 = VECTOR('',#7315,1.);
#7315 = DIRECTION('',(-1.,0.));
#7316 = ( GEOMETRIC_REPRESENTATION_CONTEXT(2) 
PARAMETRIC_REPRESENTATION_CONTEXT() REPRESENTATION_CONTEXT('2D SPACE',''
  ) );
#7317 = PCURVE('',#7195,#7318);
#7318 = DEFINITIONAL_REPRESENTATION('',(#7319),#7323);
#7319 = CIRCLE('',#7320,18.);
#7320 = AXIS2_PLACEMENT_2D('',#7321,#7322);
#7321 = CARTESIAN_POINT('',(1.215502340035E-15,69.282032));
#7322 = DIRECTION('',(1.,0.));
#7323 = ( GEOMETRIC_REPRESENTATION_CONTEXT(2) 
PARAMETRIC_REPRESENTATION_CONTEXT() REPRESENTATION_CONTEXT('2D SPACE',''
  ) );
#7324 = ORIENTED_EDGE('',*,*,#7207,.T.);
#7325 = ADVANCED_FACE('',(#7326),#5986,.T.);
#7326 = FACE_BOUND('',#7327,.T.);
#7327 = EDGE_LOOP('',(#7328,#7329,#7350,#7371));
#7328 = ORIENTED_EDGE('',*,*,#5970,.F.);
#7329 = ORIENTED_EDGE('',*,*,#7330,.F.);
#7330 = EDGE_CURVE('',#7331,#5971,#7333,.T.);
#7331 = VERTEX_POINT('',#7332);
#7332 = CARTESIAN_POINT('',(-47.52502084357,-21.66508077178,36.));
#7333 = SURFACE_CURVE('',#7334,(#7338,#7344),.PCURVE_S1.);
#7334 = LINE('',#7335,#7336);
#7335 = CARTESIAN_POINT('',(-47.52502084357,-21.66508077178,30.));
#7336 = VECTOR('',#7337,1.);
#7337 = DIRECTION('',(-0.,-0.,-1.));
#7338 = PCURVE('',#5986,#7339);
#7339 = DEFINITIONAL_REPRESENTATION('',(#7340),#7343);
#7340 = B_SPLINE_CURVE_WITH_KNOTS('',1,(#7341,#7342),.UNSPECIFIED.,.F.,
  .F.,(2,2),(-6.0000006,5.999999999062E-07),.PIECEWISE_BEZIER_KNOTS.);
#7341 = CARTESIAN_POINT('',(48.009584238724,-6.0000006));
#7342 = CARTESIAN_POINT('',(48.009584238724,5.999999999062E-07));
#7343 = ( GEOMETRIC_REPRESENTATION_CONTEXT(2) 
PARAMETRIC_REPRESENTATION_CONTEXT() REPRESENTATION_CONTEXT('2D SPACE',''
  ) );
#7344 = PCURVE('',#6015,#7345);
#7345 = DEFINITIONAL_REPRESENTATION('',(#7346),#7349);
#7346 = B_SPLINE_CURVE_WITH_KNOTS('',1,(#7347,#7348),.UNSPECIFIED.,.F.,
  .F.,(2,2),(-6.0000006,5.999999999062E-07),.PIECEWISE_BEZIER_KNOTS.);
#7347 = CARTESIAN_POINT('',(-0.805078846937,-6.0000006));
#7348 = CARTESIAN_POINT('',(-0.805078846937,5.999999999062E-07));
#7349 = ( GEOMETRIC_REPRESENTATION_CONTEXT(2) 
PARAMETRIC_REPRESENTATION_CONTEXT() REPRESENTATION_CONTEXT('2D SPACE',''
  ) );
#7350 = ORIENTED_EDGE('',*,*,#7351,.T.);
#7351 = EDGE_CURVE('',#7331,#7232,#7352,.T.);
#7352 = SURFACE_CURVE('',#7353,(#7357,#7364),.PCURVE_S1.);
#7353 = LINE('',#7354,#7355);
#7354 = CARTESIAN_POINT('',(-89.10254046486,-45.66987281247,36.));
#7355 = VECTOR('',#7356,1.);
#7356 = DIRECTION('',(0.866025404731,0.499999998361,0.));
#7357 = PCURVE('',#5986,#7358);
#7358 = DEFINITIONAL_REPRESENTATION('',(#7359),#7363);
#7359 = LINE('',#7360,#7361);
#7360 = CARTESIAN_POINT('',(0.,-6.));
#7361 = VECTOR('',#7362,1.);
#7362 = DIRECTION('',(1.,0.));
#7363 = ( GEOMETRIC_REPRESENTATION_CONTEXT(2) 
PARAMETRIC_REPRESENTATION_CONTEXT() REPRESENTATION_CONTEXT('2D SPACE',''
  ) );
#7364 = PCURVE('',#7195,#7365);
#7365 = DEFINITIONAL_REPRESENTATION('',(#7366),#7370);
#7366 = LINE('',#7367,#7368);
#7367 = CARTESIAN_POINT('',(-89.10254046486,-45.66987281247));
#7368 = VECTOR('',#7369,1.);
#7369 = DIRECTION('',(0.866025404731,0.499999998361));
#7370 = ( GEOMETRIC_REPRESENTATION_CONTEXT(2) 
PARAMETRIC_REPRESENTATION_CONTEXT() REPRESENTATION_CONTEXT('2D SPACE',''
  ) );
#7371 = ORIENTED_EDGE('',*,*,#7259,.T.);
#7372 = ADVANCED_FACE('',(#7373),#6632,.T.);
#7373 = FACE_BOUND('',#7374,.T.);
#7374 = EDGE_LOOP('',(#7375,#7376,#7377,#7400));
#7375 = ORIENTED_EDGE('',*,*,#6616,.F.);
#7376 = ORIENTED_EDGE('',*,*,#7282,.F.);
#7377 = ORIENTED_EDGE('',*,*,#7378,.T.);
#7378 = EDGE_CURVE('',#7283,#7379,#7381,.T.);
#7379 = VERTEX_POINT('',#7380);
#7380 = CARTESIAN_POINT('',(-5.,100.,36.));
#7381 = SURFACE_CURVE('',#7382,(#7386,#7393),.PCURVE_S1.);
#7382 = LINE('',#7383,#7384);
#7383 = CARTESIAN_POINT('',(-5.,0.,36.));
#7384 = VECTOR('',#7385,1.);
#7385 = DIRECTION('',(0.,1.,0.));
#7386 = PCURVE('',#6632,#7387);
#7387 = DEFINITIONAL_REPRESENTATION('',(#7388),#7392);
#7388 = LINE('',#7389,#7390);
#7389 = CARTESIAN_POINT('',(0.,-6.));
#7390 = VECTOR('',#7391,1.);
#7391 = DIRECTION('',(1.,0.));
#7392 = ( GEOMETRIC_REPRESENTATION_CONTEXT(2) 
PARAMETRIC_REPRESENTATION_CONTEXT() REPRESENTATION_CONTEXT('2D SPACE',''
  ) );
#7393 = PCURVE('',#7195,#7394);
#7394 = DEFINITIONAL_REPRESENTATION('',(#7395),#7399);
#7395 = LINE('',#7396,#7397);
#7396 = CARTESIAN_POINT('',(-5.,7.347880794884E-16));
#7397 = VECTOR('',#7398,1.);
#7398 = DIRECTION('',(0.,1.));
#7399 = ( GEOMETRIC_REPRESENTATION_CONTEXT(2) 
PARAMETRIC_REPRESENTATION_CONTEXT() REPRESENTATION_CONTEXT('2D SPACE',''
  ) );
#7400 = ORIENTED_EDGE('',*,*,#7401,.F.);
#7401 = EDGE_CURVE('',#6594,#7379,#7402,.T.);
#7402 = SURFACE_CURVE('',#7403,(#7407,#7414),.PCURVE_S1.);
#7403 = LINE('',#7404,#7405);
#7404 = CARTESIAN_POINT('',(-5.,100.,30.));
#7405 = VECTOR('',#7406,1.);
#7406 = DIRECTION('',(0.,0.,1.));
#7407 = PCURVE('',#6632,#7408);
#7408 = DEFINITIONAL_REPRESENTATION('',(#7409),#7413);
#7409 = LINE('',#7410,#7411);
#7410 = CARTESIAN_POINT('',(100.,0.));
#7411 = VECTOR('',#7412,1.);
#7412 = DIRECTION('',(0.,-1.));
#7413 = ( GEOMETRIC_REPRESENTATION_CONTEXT(2) 
PARAMETRIC_REPRESENTATION_CONTEXT() REPRESENTATION_CONTEXT('2D SPACE',''
  ) );
#7414 = PCURVE('',#6580,#7415);
#7415 = DEFINITIONAL_REPRESENTATION('',(#7416),#7420);
#7416 = LINE('',#7417,#7418);
#7417 = CARTESIAN_POINT('',(0.,0.));
#7418 = VECTOR('',#7419,1.);
#7419 = DIRECTION('',(0.,-1.));
#7420 = ( GEOMETRIC_REPRESENTATION_CONTEXT(2) 
PARAMETRIC_REPRESENTATION_CONTEXT() REPRESENTATION_CONTEXT('2D SPACE',''
  ) );
#7421 = ADVANCED_FACE('',(#7422),#6015,.T.);
#7422 = FACE_BOUND('',#7423,.F.);
#7423 = EDGE_LOOP('',(#7424,#7425,#7426,#7450));
#7424 = ORIENTED_EDGE('',*,*,#5998,.F.);
#7425 = ORIENTED_EDGE('',*,*,#7330,.F.);
#7426 = ORIENTED_EDGE('',*,*,#7427,.T.);
#7427 = EDGE_CURVE('',#7331,#7428,#7430,.T.);
#7428 = VERTEX_POINT('',#7429);
#7429 = CARTESIAN_POINT('',(-77.47497914003,-38.9566971809,36.));
#7430 = SURFACE_CURVE('',#7431,(#7436,#7443),.PCURVE_S1.);
#7431 = CIRCLE('',#7432,18.);
#7432 = AXIS2_PLACEMENT_3D('',#7433,#7434,#7435);
#7433 = CARTESIAN_POINT('',(-60.,-34.641016,36.));
#7434 = DIRECTION('',(0.,0.,1.));
#7435 = DIRECTION('',(1.,0.,0.));
#7436 = PCURVE('',#6015,#7437);
#7437 = DEFINITIONAL_REPRESENTATION('',(#7438),#7442);
#7438 = LINE('',#7439,#7440);
#7439 = CARTESIAN_POINT('',(-0.,-6.));
#7440 = VECTOR('',#7441,1.);
#7441 = DIRECTION('',(-1.,0.));
#7442 = ( GEOMETRIC_REPRESENTATION_CONTEXT(2) 
PARAMETRIC_REPRESENTATION_CONTEXT() REPRESENTATION_CONTEXT('2D SPACE',''
  ) );
#7443 = PCURVE('',#7195,#7444);
#7444 = DEFINITIONAL_REPRESENTATION('',(#7445),#7449);
#7445 = CIRCLE('',#7446,18.);
#7446 = AXIS2_PLACEMENT_2D('',#7447,#7448);
#7447 = CARTESIAN_POINT('',(-60.,-34.641016));
#7448 = DIRECTION('',(1.,0.));
#7449 = ( GEOMETRIC_REPRESENTATION_CONTEXT(2) 
PARAMETRIC_REPRESENTATION_CONTEXT() REPRESENTATION_CONTEXT('2D SPACE',''
  ) );
#7450 = ORIENTED_EDGE('',*,*,#7451,.T.);
#7451 = EDGE_CURVE('',#7428,#5999,#7452,.T.);
#7452 = SURFACE_CURVE('',#7453,(#7457,#7463),.PCURVE_S1.);
#7453 = LINE('',#7454,#7455);
#7454 = CARTESIAN_POINT('',(-77.47497914003,-38.9566971809,30.));
#7455 = VECTOR('',#7456,1.);
#7456 = DIRECTION('',(-0.,-0.,-1.));
#7457 = PCURVE('',#6015,#7458);
#7458 = DEFINITIONAL_REPRESENTATION('',(#7459),#7462);
#7459 = B_SPLINE_CURVE_WITH_KNOTS('',1,(#7460,#7461),.UNSPECIFIED.,.F.,
  .F.,(2,2),(-6.0000006,5.999999999062E-07),.PIECEWISE_BEZIER_KNOTS.);
#7460 = CARTESIAN_POINT('',(-3.383711354065,-6.0000006));
#7461 = CARTESIAN_POINT('',(-3.383711354065,5.999999999062E-07));
#7462 = ( GEOMETRIC_REPRESENTATION_CONTEXT(2) 
PARAMETRIC_REPRESENTATION_CONTEXT() REPRESENTATION_CONTEXT('2D SPACE',''
  ) );
#7463 = PCURVE('',#6043,#7464);
#7464 = DEFINITIONAL_REPRESENTATION('',(#7465),#7468);
#7465 = B_SPLINE_CURVE_WITH_KNOTS('',1,(#7466,#7467),.UNSPECIFIED.,.F.,
  .F.,(2,2),(-6.0000006,5.999999999062E-07),.PIECEWISE_BEZIER_KNOTS.);
#7466 = CARTESIAN_POINT('',(13.426351307143,-6.0000006));
#7467 = CARTESIAN_POINT('',(13.426351307143,5.999999999062E-07));
#7468 = ( GEOMETRIC_REPRESENTATION_CONTEXT(2) 
PARAMETRIC_REPRESENTATION_CONTEXT() REPRESENTATION_CONTEXT('2D SPACE',''
  ) );
#7469 = ADVANCED_FACE('',(#7470),#6580,.T.);
#7470 = FACE_BOUND('',#7471,.T.);
#7471 = EDGE_LOOP('',(#7472,#7473,#7496,#7517,#7518,#7519));
#7472 = ORIENTED_EDGE('',*,*,#7401,.T.);
#7473 = ORIENTED_EDGE('',*,*,#7474,.T.);
#7474 = EDGE_CURVE('',#7379,#7475,#7477,.T.);
#7475 = VERTEX_POINT('',#7476);
#7476 = CARTESIAN_POINT('',(5.,100.,36.));
#7477 = SURFACE_CURVE('',#7478,(#7482,#7489),.PCURVE_S1.);
#7478 = LINE('',#7479,#7480);
#7479 = CARTESIAN_POINT('',(-5.,100.,36.));
#7480 = VECTOR('',#7481,1.);
#7481 = DIRECTION('',(1.,0.,0.));
#7482 = PCURVE('',#6580,#7483);
#7483 = DEFINITIONAL_REPRESENTATION('',(#7484),#7488);
#7484 = LINE('',#7485,#7486);
#7485 = CARTESIAN_POINT('',(0.,-6.));
#7486 = VECTOR('',#7487,1.);
#7487 = DIRECTION('',(1.,0.));
#7488 = ( GEOMETRIC_REPRESENTATION_CONTEXT(2) 
PARAMETRIC_REPRESENTATION_CONTEXT() REPRESENTATION_CONTEXT('2D SPACE',''
  ) );
#7489 = PCURVE('',#7195,#7490);
#7490 = DEFINITIONAL_REPRESENTATION('',(#7491),#7495);
#7491 = LINE('',#7492,#7493);
#7492 = CARTESIAN_POINT('',(-5.,100.));
#7493 = VECTOR('',#7494,1.);
#7494 = DIRECTION('',(1.,0.));
#7495 = ( GEOMETRIC_REPRESENTATION_CONTEXT(2) 
PARAMETRIC_REPRESENTATION_CONTEXT() REPRESENTATION_CONTEXT('2D SPACE',''
  ) );
#7496 = ORIENTED_EDGE('',*,*,#7497,.F.);
#7497 = EDGE_CURVE('',#6539,#7475,#7498,.T.);
#7498 = SURFACE_CURVE('',#7499,(#7503,#7510),.PCURVE_S1.);
#7499 = LINE('',#7500,#7501);
#7500 = CARTESIAN_POINT('',(5.,100.,30.));
#7501 = VECTOR('',#7502,1.);
#7502 = DIRECTION('',(0.,0.,1.));
#7503 = PCURVE('',#6580,#7504);
#7504 = DEFINITIONAL_REPRESENTATION('',(#7505),#7509);
#7505 = LINE('',#7506,#7507);
#7506 = CARTESIAN_POINT('',(10.,0.));
#7507 = VECTOR('',#7508,1.);
#7508 = DIRECTION('',(0.,-1.));
#7509 = ( GEOMETRIC_REPRESENTATION_CONTEXT(2) 
PARAMETRIC_REPRESENTATION_CONTEXT() REPRESENTATION_CONTEXT('2D SPACE',''
  ) );
#7510 = PCURVE('',#6554,#7511);
#7511 = DEFINITIONAL_REPRESENTATION('',(#7512),#7516);
#7512 = LINE('',#7513,#7514);
#7513 = CARTESIAN_POINT('',(0.,0.));
#7514 = VECTOR('',#7515,1.);
#7515 = DIRECTION('',(0.,-1.));
#7516 = ( GEOMETRIC_REPRESENTATION_CONTEXT(2) 
PARAMETRIC_REPRESENTATION_CONTEXT() REPRESENTATION_CONTEXT('2D SPACE',''
  ) );
#7517 = ORIENTED_EDGE('',*,*,#6566,.F.);
#7518 = ORIENTED_EDGE('',*,*,#7052,.F.);
#7519 = ORIENTED_EDGE('',*,*,#6593,.F.);
#7520 = ADVANCED_FACE('',(#7521),#6043,.T.);
#7521 = FACE_BOUND('',#7522,.T.);
#7522 = EDGE_LOOP('',(#7523,#7524,#7547,#7568));
#7523 = ORIENTED_EDGE('',*,*,#6027,.F.);
#7524 = ORIENTED_EDGE('',*,*,#7525,.T.);
#7525 = EDGE_CURVE('',#6028,#7526,#7528,.T.);
#7526 = VERTEX_POINT('',#7527);
#7527 = CARTESIAN_POINT('',(-89.10254046486,-45.66987281247,36.));
#7528 = SURFACE_CURVE('',#7529,(#7533,#7540),.PCURVE_S1.);
#7529 = LINE('',#7530,#7531);
#7530 = CARTESIAN_POINT('',(-89.10254046486,-45.66987281247,30.));
#7531 = VECTOR('',#7532,1.);
#7532 = DIRECTION('',(0.,0.,1.));
#7533 = PCURVE('',#6043,#7534);
#7534 = DEFINITIONAL_REPRESENTATION('',(#7535),#7539);
#7535 = LINE('',#7536,#7537);
#7536 = CARTESIAN_POINT('',(0.,0.));
#7537 = VECTOR('',#7538,1.);
#7538 = DIRECTION('',(0.,-1.));
#7539 = ( GEOMETRIC_REPRESENTATION_CONTEXT(2) 
PARAMETRIC_REPRESENTATION_CONTEXT() REPRESENTATION_CONTEXT('2D SPACE',''
  ) );
#7540 = PCURVE('',#6069,#7541);
#7541 = DEFINITIONAL_REPRESENTATION('',(#7542),#7546);
#7542 = LINE('',#7543,#7544);
#7543 = CARTESIAN_POINT('',(10.,0.));
#7544 = VECTOR('',#7545,1.);
#7545 = DIRECTION('',(0.,-1.));
#7546 = ( GEOMETRIC_REPRESENTATION_CONTEXT(2) 
PARAMETRIC_REPRESENTATION_CONTEXT() REPRESENTATION_CONTEXT('2D SPACE',''
  ) );
#7547 = ORIENTED_EDGE('',*,*,#7548,.T.);
#7548 = EDGE_CURVE('',#7526,#7428,#7549,.T.);
#7549 = SURFACE_CURVE('',#7550,(#7554,#7561),.PCURVE_S1.);
#7550 = LINE('',#7551,#7552);
#7551 = CARTESIAN_POINT('',(-89.10254046486,-45.66987281247,36.));
#7552 = VECTOR('',#7553,1.);
#7553 = DIRECTION('',(0.866025404731,0.499999998361,0.));
#7554 = PCURVE('',#6043,#7555);
#7555 = DEFINITIONAL_REPRESENTATION('',(#7556),#7560);
#7556 = LINE('',#7557,#7558);
#7557 = CARTESIAN_POINT('',(0.,-6.));
#7558 = VECTOR('',#7559,1.);
#7559 = DIRECTION('',(1.,0.));
#7560 = ( GEOMETRIC_REPRESENTATION_CONTEXT(2) 
PARAMETRIC_REPRESENTATION_CONTEXT() REPRESENTATION_CONTEXT('2D SPACE',''
  ) );
#7561 = PCURVE('',#7195,#7562);
#7562 = DEFINITIONAL_REPRESENTATION('',(#7563),#7567);
#7563 = LINE('',#7564,#7565);
#7564 = CARTESIAN_POINT('',(-89.10254046486,-45.66987281247));
#7565 = VECTOR('',#7566,1.);
#7566 = DIRECTION('',(0.866025404731,0.499999998361));
#7567 = ( GEOMETRIC_REPRESENTATION_CONTEXT(2) 
PARAMETRIC_REPRESENTATION_CONTEXT() REPRESENTATION_CONTEXT('2D SPACE',''
  ) );
#7568 = ORIENTED_EDGE('',*,*,#7451,.T.);
#7569 = ADVANCED_FACE('',(#7570),#6069,.T.);
#7570 = FACE_BOUND('',#7571,.T.);
#7571 = EDGE_LOOP('',(#7572,#7595,#7616,#7617,#7618,#7619));
#7572 = ORIENTED_EDGE('',*,*,#7573,.T.);
#7573 = EDGE_CURVE('',#6084,#7574,#7576,.T.);
#7574 = VERTEX_POINT('',#7575);
#7575 = CARTESIAN_POINT('',(-84.10254048124,-54.33012685978,36.));
#7576 = SURFACE_CURVE('',#7577,(#7581,#7588),.PCURVE_S1.);
#7577 = LINE('',#7578,#7579);
#7578 = CARTESIAN_POINT('',(-84.10254048124,-54.33012685978,30.));
#7579 = VECTOR('',#7580,1.);
#7580 = DIRECTION('',(0.,0.,1.));
#7581 = PCURVE('',#6069,#7582);
#7582 = DEFINITIONAL_REPRESENTATION('',(#7583),#7587);
#7583 = LINE('',#7584,#7585);
#7584 = CARTESIAN_POINT('',(0.,0.));
#7585 = VECTOR('',#7586,1.);
#7586 = DIRECTION('',(0.,-1.));
#7587 = ( GEOMETRIC_REPRESENTATION_CONTEXT(2) 
PARAMETRIC_REPRESENTATION_CONTEXT() REPRESENTATION_CONTEXT('2D SPACE',''
  ) );
#7588 = PCURVE('',#6122,#7589);
#7589 = DEFINITIONAL_REPRESENTATION('',(#7590),#7594);
#7590 = LINE('',#7591,#7592);
#7591 = CARTESIAN_POINT('',(100.,0.));
#7592 = VECTOR('',#7593,1.);
#7593 = DIRECTION('',(0.,-1.));
#7594 = ( GEOMETRIC_REPRESENTATION_CONTEXT(2) 
PARAMETRIC_REPRESENTATION_CONTEXT() REPRESENTATION_CONTEXT('2D SPACE',''
  ) );
#7595 = ORIENTED_EDGE('',*,*,#7596,.T.);
#7596 = EDGE_CURVE('',#7574,#7526,#7597,.T.);
#7597 = SURFACE_CURVE('',#7598,(#7602,#7609),.PCURVE_S1.);
#7598 = LINE('',#7599,#7600);
#7599 = CARTESIAN_POINT('',(-84.10254048124,-54.33012685978,36.));
#7600 = VECTOR('',#7601,1.);
#7601 = DIRECTION('',(-0.499999998361,0.866025404731,0.));
#7602 = PCURVE('',#6069,#7603);
#7603 = DEFINITIONAL_REPRESENTATION('',(#7604),#7608);
#7604 = LINE('',#7605,#7606);
#7605 = CARTESIAN_POINT('',(0.,-6.));
#7606 = VECTOR('',#7607,1.);
#7607 = DIRECTION('',(1.,0.));
#7608 = ( GEOMETRIC_REPRESENTATION_CONTEXT(2) 
PARAMETRIC_REPRESENTATION_CONTEXT() REPRESENTATION_CONTEXT('2D SPACE',''
  ) );
#7609 = PCURVE('',#7195,#7610);
#7610 = DEFINITIONAL_REPRESENTATION('',(#7611),#7615);
#7611 = LINE('',#7612,#7613);
#7612 = CARTESIAN_POINT('',(-84.10254048124,-54.33012685978));
#7613 = VECTOR('',#7614,1.);
#7614 = DIRECTION('',(-0.499999998361,0.866025404731));
#7615 = ( GEOMETRIC_REPRESENTATION_CONTEXT(2) 
PARAMETRIC_REPRESENTATION_CONTEXT() REPRESENTATION_CONTEXT('2D SPACE',''
  ) );
#7616 = ORIENTED_EDGE('',*,*,#7525,.F.);
#7617 = ORIENTED_EDGE('',*,*,#6055,.F.);
#7618 = ORIENTED_EDGE('',*,*,#6919,.F.);
#7619 = ORIENTED_EDGE('',*,*,#6083,.F.);
#7620 = ADVANCED_FACE('',(#7621),#6554,.T.);
#7621 = FACE_BOUND('',#7622,.T.);
#7622 = EDGE_LOOP('',(#7623,#7624,#7625,#7648));
#7623 = ORIENTED_EDGE('',*,*,#6538,.F.);
#7624 = ORIENTED_EDGE('',*,*,#7497,.T.);
#7625 = ORIENTED_EDGE('',*,*,#7626,.T.);
#7626 = EDGE_CURVE('',#7475,#7627,#7629,.T.);
#7627 = VERTEX_POINT('',#7628);
#7628 = CARTESIAN_POINT('',(5.,86.57364846579,36.));
#7629 = SURFACE_CURVE('',#7630,(#7634,#7641),.PCURVE_S1.);
#7630 = LINE('',#7631,#7632);
#7631 = CARTESIAN_POINT('',(5.,100.,36.));
#7632 = VECTOR('',#7633,1.);
#7633 = DIRECTION('',(0.,-1.,0.));
#7634 = PCURVE('',#6554,#7635);
#7635 = DEFINITIONAL_REPRESENTATION('',(#7636),#7640);
#7636 = LINE('',#7637,#7638);
#7637 = CARTESIAN_POINT('',(0.,-6.));
#7638 = VECTOR('',#7639,1.);
#7639 = DIRECTION('',(1.,0.));
#7640 = ( GEOMETRIC_REPRESENTATION_CONTEXT(2) 
PARAMETRIC_REPRESENTATION_CONTEXT() REPRESENTATION_CONTEXT('2D SPACE',''
  ) );
#7641 = PCURVE('',#7195,#7642);
#7642 = DEFINITIONAL_REPRESENTATION('',(#7643),#7647);
#7643 = LINE('',#7644,#7645);
#7644 = CARTESIAN_POINT('',(5.,100.));
#7645 = VECTOR('',#7646,1.);
#7646 = DIRECTION('',(0.,-1.));
#7647 = ( GEOMETRIC_REPRESENTATION_CONTEXT(2) 
PARAMETRIC_REPRESENTATION_CONTEXT() REPRESENTATION_CONTEXT('2D SPACE',''
  ) );
#7648 = ORIENTED_EDGE('',*,*,#7649,.T.);
#7649 = EDGE_CURVE('',#7627,#6506,#7650,.T.);
#7650 = SURFACE_CURVE('',#7651,(#7655,#7661),.PCURVE_S1.);
#7651 = LINE('',#7652,#7653);
#7652 = CARTESIAN_POINT('',(5.,86.573648465791,30.));
#7653 = VECTOR('',#7654,1.);
#7654 = DIRECTION('',(-0.,-0.,-1.));
#7655 = PCURVE('',#6554,#7656);
#7656 = DEFINITIONAL_REPRESENTATION('',(#7657),#7660);
#7657 = B_SPLINE_CURVE_WITH_KNOTS('',1,(#7658,#7659),.UNSPECIFIED.,.F.,
  .F.,(2,2),(-6.0000006,5.999999999062E-07),.PIECEWISE_BEZIER_KNOTS.);
#7658 = CARTESIAN_POINT('',(13.426351534209,-6.0000006));
#7659 = CARTESIAN_POINT('',(13.426351534209,5.999999999062E-07));
#7660 = ( GEOMETRIC_REPRESENTATION_CONTEXT(2) 
PARAMETRIC_REPRESENTATION_CONTEXT() REPRESENTATION_CONTEXT('2D SPACE',''
  ) );
#7661 = PCURVE('',#6526,#7662);
#7662 = DEFINITIONAL_REPRESENTATION('',(#7663),#7666);
#7663 = B_SPLINE_CURVE_WITH_KNOTS('',1,(#7664,#7665),.UNSPECIFIED.,.F.,
  .F.,(2,2),(-6.,0.),.PIECEWISE_BEZIER_KNOTS.);
#7664 = CARTESIAN_POINT('',(-7.572501560744,-6.));
#7665 = CARTESIAN_POINT('',(-7.572501560744,0.));
#7666 = ( GEOMETRIC_REPRESENTATION_CONTEXT(2) 
PARAMETRIC_REPRESENTATION_CONTEXT() REPRESENTATION_CONTEXT('2D SPACE',''
  ) );
#7667 = ADVANCED_FACE('',(#7668),#6526,.T.);
#7668 = FACE_BOUND('',#7669,.F.);
#7669 = EDGE_LOOP('',(#7670,#7694,#7695,#7696));
#7670 = ORIENTED_EDGE('',*,*,#7671,.T.);
#7671 = EDGE_CURVE('',#7672,#7627,#7674,.T.);
#7672 = VERTEX_POINT('',#7673);
#7673 = CARTESIAN_POINT('',(5.,51.99041553421,36.));
#7674 = SURFACE_CURVE('',#7675,(#7680,#7687),.PCURVE_S1.);
#7675 = CIRCLE('',#7676,18.);
#7676 = AXIS2_PLACEMENT_3D('',#7677,#7678,#7679);
#7677 = CARTESIAN_POINT('',(0.,69.282032,36.));
#7678 = DIRECTION('',(-0.,0.,1.));
#7679 = DIRECTION('',(0.277777777778,-0.960645359211,0.));
#7680 = PCURVE('',#6526,#7681);
#7681 = DEFINITIONAL_REPRESENTATION('',(#7682),#7686);
#7682 = LINE('',#7683,#7684);
#7683 = CARTESIAN_POINT('',(-4.993869053616,-6.));
#7684 = VECTOR('',#7685,1.);
#7685 = DIRECTION('',(-1.,0.));
#7686 = ( GEOMETRIC_REPRESENTATION_CONTEXT(2) 
PARAMETRIC_REPRESENTATION_CONTEXT() REPRESENTATION_CONTEXT('2D SPACE',''
  ) );
#7687 = PCURVE('',#7195,#7688);
#7688 = DEFINITIONAL_REPRESENTATION('',(#7689),#7693);
#7689 = CIRCLE('',#7690,18.);
#7690 = AXIS2_PLACEMENT_2D('',#7691,#7692);
#7691 = CARTESIAN_POINT('',(1.215502340035E-15,69.282032));
#7692 = DIRECTION('',(0.277777777778,-0.960645359211));
#7693 = ( GEOMETRIC_REPRESENTATION_CONTEXT(2) 
PARAMETRIC_REPRESENTATION_CONTEXT() REPRESENTATION_CONTEXT('2D SPACE',''
  ) );
#7694 = ORIENTED_EDGE('',*,*,#7649,.T.);
#7695 = ORIENTED_EDGE('',*,*,#6505,.T.);
#7696 = ORIENTED_EDGE('',*,*,#7697,.F.);
#7697 = EDGE_CURVE('',#7672,#6478,#7698,.T.);
#7698 = SURFACE_CURVE('',#7699,(#7703,#7709),.PCURVE_S1.);
#7699 = LINE('',#7700,#7701);
#7700 = CARTESIAN_POINT('',(5.,51.990415534209,30.));
#7701 = VECTOR('',#7702,1.);
#7702 = DIRECTION('',(-0.,-0.,-1.));
#7703 = PCURVE('',#6526,#7704);
#7704 = DEFINITIONAL_REPRESENTATION('',(#7705),#7708);
#7705 = B_SPLINE_CURVE_WITH_KNOTS('',1,(#7706,#7707),.UNSPECIFIED.,.F.,
  .F.,(2,2),(-6.,-0.),.PIECEWISE_BEZIER_KNOTS.);
#7706 = CARTESIAN_POINT('',(-4.993869053616,-6.));
#7707 = CARTESIAN_POINT('',(-4.993869053616,0.));
#7708 = ( GEOMETRIC_REPRESENTATION_CONTEXT(2) 
PARAMETRIC_REPRESENTATION_CONTEXT() REPRESENTATION_CONTEXT('2D SPACE',''
  ) );
#7709 = PCURVE('',#6493,#7710);
#7710 = DEFINITIONAL_REPRESENTATION('',(#7711),#7714);
#7711 = B_SPLINE_CURVE_WITH_KNOTS('',1,(#7712,#7713),.UNSPECIFIED.,.F.,
  .F.,(2,2),(-6.0000006,5.999999999062E-07),.PIECEWISE_BEZIER_KNOTS.);
#7712 = CARTESIAN_POINT('',(48.009584465791,-6.0000006));
#7713 = CARTESIAN_POINT('',(48.009584465791,5.999999999062E-07));
#7714 = ( GEOMETRIC_REPRESENTATION_CONTEXT(2) 
PARAMETRIC_REPRESENTATION_CONTEXT() REPRESENTATION_CONTEXT('2D SPACE',''
  ) );
#7715 = ADVANCED_FACE('',(#7716),#6493,.T.);
#7716 = FACE_BOUND('',#7717,.T.);
#7717 = EDGE_LOOP('',(#7718,#7719,#7720,#7743));
#7718 = ORIENTED_EDGE('',*,*,#6477,.F.);
#7719 = ORIENTED_EDGE('',*,*,#7697,.F.);
#7720 = ORIENTED_EDGE('',*,*,#7721,.T.);
#7721 = EDGE_CURVE('',#7672,#7722,#7724,.T.);
#7722 = VERTEX_POINT('',#7723);
#7723 = CARTESIAN_POINT('',(5.,17.291616465791,36.));
#7724 = SURFACE_CURVE('',#7725,(#7729,#7736),.PCURVE_S1.);
#7725 = LINE('',#7726,#7727);
#7726 = CARTESIAN_POINT('',(5.,100.,36.));
#7727 = VECTOR('',#7728,1.);
#7728 = DIRECTION('',(0.,-1.,0.));
#7729 = PCURVE('',#6493,#7730);
#7730 = DEFINITIONAL_REPRESENTATION('',(#7731),#7735);
#7731 = LINE('',#7732,#7733);
#7732 = CARTESIAN_POINT('',(0.,-6.));
#7733 = VECTOR('',#7734,1.);
#7734 = DIRECTION('',(1.,0.));
#7735 = ( GEOMETRIC_REPRESENTATION_CONTEXT(2) 
PARAMETRIC_REPRESENTATION_CONTEXT() REPRESENTATION_CONTEXT('2D SPACE',''
  ) );
#7736 = PCURVE('',#7195,#7737);
#7737 = DEFINITIONAL_REPRESENTATION('',(#7738),#7742);
#7738 = LINE('',#7739,#7740);
#7739 = CARTESIAN_POINT('',(5.,100.));
#7740 = VECTOR('',#7741,1.);
#7741 = DIRECTION('',(0.,-1.));
#7742 = ( GEOMETRIC_REPRESENTATION_CONTEXT(2) 
PARAMETRIC_REPRESENTATION_CONTEXT() REPRESENTATION_CONTEXT('2D SPACE',''
  ) );
#7743 = ORIENTED_EDGE('',*,*,#7744,.T.);
#7744 = EDGE_CURVE('',#7722,#6449,#7745,.T.);
#7745 = SURFACE_CURVE('',#7746,(#7750,#7756),.PCURVE_S1.);
#7746 = LINE('',#7747,#7748);
#7747 = CARTESIAN_POINT('',(5.,17.291616465791,30.));
#7748 = VECTOR('',#7749,1.);
#7749 = DIRECTION('',(-0.,-0.,-1.));
#7750 = PCURVE('',#6493,#7751);
#7751 = DEFINITIONAL_REPRESENTATION('',(#7752),#7755);
#7752 = B_SPLINE_CURVE_WITH_KNOTS('',1,(#7753,#7754),.UNSPECIFIED.,.F.,
  .F.,(2,2),(-6.0000006,5.999999999062E-07),.PIECEWISE_BEZIER_KNOTS.);
#7753 = CARTESIAN_POINT('',(82.708383534209,-6.0000006));
#7754 = CARTESIAN_POINT('',(82.708383534209,5.999999999062E-07));
#7755 = ( GEOMETRIC_REPRESENTATION_CONTEXT(2) 
PARAMETRIC_REPRESENTATION_CONTEXT() REPRESENTATION_CONTEXT('2D SPACE',''
  ) );
#7756 = PCURVE('',#6465,#7757);
#7757 = DEFINITIONAL_REPRESENTATION('',(#7758),#7761);
#7758 = B_SPLINE_CURVE_WITH_KNOTS('',1,(#7759,#7760),.UNSPECIFIED.,.F.,
  .F.,(2,2),(-6.,0.),.PIECEWISE_BEZIER_KNOTS.);
#7759 = CARTESIAN_POINT('',(-7.572501560744,-6.));
#7760 = CARTESIAN_POINT('',(-7.572501560744,0.));
#7761 = ( GEOMETRIC_REPRESENTATION_CONTEXT(2) 
PARAMETRIC_REPRESENTATION_CONTEXT() REPRESENTATION_CONTEXT('2D SPACE',''
  ) );
#7762 = ADVANCED_FACE('',(#7763),#6122,.T.);
#7763 = FACE_BOUND('',#7764,.T.);
#7764 = EDGE_LOOP('',(#7765,#7766,#7787,#7808));
#7765 = ORIENTED_EDGE('',*,*,#6106,.F.);
#7766 = ORIENTED_EDGE('',*,*,#7767,.F.);
#7767 = EDGE_CURVE('',#7768,#6107,#7770,.T.);
#7768 = VERTEX_POINT('',#7769);
#7769 = CARTESIAN_POINT('',(-72.47497915642,-47.61695122821,36.));
#7770 = SURFACE_CURVE('',#7771,(#7775,#7781),.PCURVE_S1.);
#7771 = LINE('',#7772,#7773);
#7772 = CARTESIAN_POINT('',(-72.47497915642,-47.61695122821,30.));
#7773 = VECTOR('',#7774,1.);
#7774 = DIRECTION('',(-0.,-0.,-1.));
#7775 = PCURVE('',#6122,#7776);
#7776 = DEFINITIONAL_REPRESENTATION('',(#7777),#7780);
#7777 = B_SPLINE_CURVE_WITH_KNOTS('',1,(#7778,#7779),.UNSPECIFIED.,.F.,
  .F.,(2,2),(-6.0000006,5.999999999062E-07),.PIECEWISE_BEZIER_KNOTS.);
#7778 = CARTESIAN_POINT('',(86.573648692857,-6.0000006));
#7779 = CARTESIAN_POINT('',(86.573648692857,5.999999999062E-07));
#7780 = ( GEOMETRIC_REPRESENTATION_CONTEXT(2) 
PARAMETRIC_REPRESENTATION_CONTEXT() REPRESENTATION_CONTEXT('2D SPACE',''
  ) );
#7781 = PCURVE('',#6155,#7782);
#7782 = DEFINITIONAL_REPRESENTATION('',(#7783),#7786);
#7783 = B_SPLINE_CURVE_WITH_KNOTS('',1,(#7784,#7785),.UNSPECIFIED.,.F.,
  .F.,(2,2),(-6.,0.),.PIECEWISE_BEZIER_KNOTS.);
#7784 = CARTESIAN_POINT('',(-3.946671500527,-6.));
#7785 = CARTESIAN_POINT('',(-3.946671500527,0.));
#7786 = ( GEOMETRIC_REPRESENTATION_CONTEXT(2) 
PARAMETRIC_REPRESENTATION_CONTEXT() REPRESENTATION_CONTEXT('2D SPACE',''
  ) );
#7787 = ORIENTED_EDGE('',*,*,#7788,.T.);
#7788 = EDGE_CURVE('',#7768,#7574,#7789,.T.);
#7789 = SURFACE_CURVE('',#7790,(#7794,#7801),.PCURVE_S1.);
#7790 = LINE('',#7791,#7792);
#7791 = CARTESIAN_POINT('',(2.499999991806,-4.330127023653,36.));
#7792 = VECTOR('',#7793,1.);
#7793 = DIRECTION('',(-0.866025404731,-0.499999998361,0.));
#7794 = PCURVE('',#6122,#7795);
#7795 = DEFINITIONAL_REPRESENTATION('',(#7796),#7800);
#7796 = LINE('',#7797,#7798);
#7797 = CARTESIAN_POINT('',(0.,-6.));
#7798 = VECTOR('',#7799,1.);
#7799 = DIRECTION('',(1.,0.));
#7800 = ( GEOMETRIC_REPRESENTATION_CONTEXT(2) 
PARAMETRIC_REPRESENTATION_CONTEXT() REPRESENTATION_CONTEXT('2D SPACE',''
  ) );
#7801 = PCURVE('',#7195,#7802);
#7802 = DEFINITIONAL_REPRESENTATION('',(#7803),#7807);
#7803 = LINE('',#7804,#7805);
#7804 = CARTESIAN_POINT('',(2.499999991806,-4.330127023653));
#7805 = VECTOR('',#7806,1.);
#7806 = DIRECTION('',(-0.866025404731,-0.499999998361));
#7807 = ( GEOMETRIC_REPRESENTATION_CONTEXT(2) 
PARAMETRIC_REPRESENTATION_CONTEXT() REPRESENTATION_CONTEXT('2D SPACE',''
  ) );
#7808 = ORIENTED_EDGE('',*,*,#7573,.F.);
#7809 = ADVANCED_FACE('',(#7810),#6465,.T.);
#7810 = FACE_BOUND('',#7811,.F.);
#7811 = EDGE_LOOP('',(#7812,#7813,#7834,#7860));
#7812 = ORIENTED_EDGE('',*,*,#6448,.F.);
#7813 = ORIENTED_EDGE('',*,*,#7814,.F.);
#7814 = EDGE_CURVE('',#7815,#6421,#7817,.T.);
#7815 = VERTEX_POINT('',#7816);
#7816 = CARTESIAN_POINT('',(17.474979140038,-4.315681180907,36.));
#7817 = SURFACE_CURVE('',#7818,(#7822,#7828),.PCURVE_S1.);
#7818 = LINE('',#7819,#7820);
#7819 = CARTESIAN_POINT('',(17.474979140038,-4.315681180907,30.));
#7820 = VECTOR('',#7821,1.);
#7821 = DIRECTION('',(-0.,-0.,-1.));
#7822 = PCURVE('',#6465,#7823);
#7823 = DEFINITIONAL_REPRESENTATION('',(#7824),#7827);
#7824 = B_SPLINE_CURVE_WITH_KNOTS('',1,(#7825,#7826),.UNSPECIFIED.,.F.,
  .F.,(2,2),(-6.0000006,5.999999999062E-07),.PIECEWISE_BEZIER_KNOTS.);
#7825 = CARTESIAN_POINT('',(-6.041066606704,-6.0000006));
#7826 = CARTESIAN_POINT('',(-6.041066606704,5.999999999062E-07));
#7827 = ( GEOMETRIC_REPRESENTATION_CONTEXT(2) 
PARAMETRIC_REPRESENTATION_CONTEXT() REPRESENTATION_CONTEXT('2D SPACE',''
  ) );
#7828 = PCURVE('',#6436,#7829);
#7829 = DEFINITIONAL_REPRESENTATION('',(#7830),#7833);
#7830 = B_SPLINE_CURVE_WITH_KNOTS('',1,(#7831,#7832),.UNSPECIFIED.,.F.,
  .F.,(2,2),(-6.0000006,5.999999999062E-07),.PIECEWISE_BEZIER_KNOTS.);
#7831 = CARTESIAN_POINT('',(17.291616465791,-6.0000006));
#7832 = CARTESIAN_POINT('',(17.291616465791,5.999999999062E-07));
#7833 = ( GEOMETRIC_REPRESENTATION_CONTEXT(2) 
PARAMETRIC_REPRESENTATION_CONTEXT() REPRESENTATION_CONTEXT('2D SPACE',''
  ) );
#7834 = ORIENTED_EDGE('',*,*,#7835,.F.);
#7835 = EDGE_CURVE('',#7722,#7815,#7836,.T.);
#7836 = SURFACE_CURVE('',#7837,(#7842,#7849),.PCURVE_S1.);
#7837 = CIRCLE('',#7838,18.);
#7838 = AXIS2_PLACEMENT_3D('',#7839,#7840,#7841);
#7839 = CARTESIAN_POINT('',(0.,0.,36.));
#7840 = DIRECTION('',(0.,0.,-1.));
#7841 = DIRECTION('',(0.277777777778,0.960645359211,0.));
#7842 = PCURVE('',#6465,#7843);
#7843 = DEFINITIONAL_REPRESENTATION('',(#7844),#7848);
#7844 = LINE('',#7845,#7846);
#7845 = CARTESIAN_POINT('',(-7.572501560744,-6.));
#7846 = VECTOR('',#7847,1.);
#7847 = DIRECTION('',(1.,-0.));
#7848 = ( GEOMETRIC_REPRESENTATION_CONTEXT(2) 
PARAMETRIC_REPRESENTATION_CONTEXT() REPRESENTATION_CONTEXT('2D SPACE',''
  ) );
#7849 = PCURVE('',#7195,#7850);
#7850 = DEFINITIONAL_REPRESENTATION('',(#7851),#7859);
#7851 = ( BOUNDED_CURVE() B_SPLINE_CURVE(2,(#7852,#7853,#7854,#7855,
#7856,#7857,#7858),.UNSPECIFIED.,.T.,.F.) B_SPLINE_CURVE_WITH_KNOTS((1,2
    ,2,2,2,1),(-2.094395102393,0.,2.094395102393,4.188790204786,
6.28318530718,8.377580409573),.UNSPECIFIED.) CURVE() 
GEOMETRIC_REPRESENTATION_ITEM() RATIONAL_B_SPLINE_CURVE((1.,0.5,1.,0.5,
1.,0.5,1.)) REPRESENTATION_ITEM('') );
#7852 = CARTESIAN_POINT('',(5.,17.291616465791));
#7853 = CARTESIAN_POINT('',(34.949958263744,8.631362427947));
#7854 = CARTESIAN_POINT('',(12.474979131872,-12.97593525181));
#7855 = CARTESIAN_POINT('',(-9.999999999999,-34.58323293158));
#7856 = CARTESIAN_POINT('',(-17.47497913187,-4.315681213974));
#7857 = CARTESIAN_POINT('',(-24.94995826374,25.951870503634));
#7858 = CARTESIAN_POINT('',(5.,17.291616465791));
#7859 = ( GEOMETRIC_REPRESENTATION_CONTEXT(2) 
PARAMETRIC_REPRESENTATION_CONTEXT() REPRESENTATION_CONTEXT('2D SPACE',''
  ) );
#7860 = ORIENTED_EDGE('',*,*,#7744,.T.);
#7861 = ADVANCED_FACE('',(#7862),#6155,.T.);
#7862 = FACE_BOUND('',#7863,.F.);
#7863 = EDGE_LOOP('',(#7864,#7865,#7866,#7890));
#7864 = ORIENTED_EDGE('',*,*,#6134,.T.);
#7865 = ORIENTED_EDGE('',*,*,#7767,.F.);
#7866 = ORIENTED_EDGE('',*,*,#7867,.T.);
#7867 = EDGE_CURVE('',#7768,#7868,#7870,.T.);
#7868 = VERTEX_POINT('',#7869);
#7869 = CARTESIAN_POINT('',(-42.52502085996,-30.32533481909,36.));
#7870 = SURFACE_CURVE('',#7871,(#7876,#7883),.PCURVE_S1.);
#7871 = CIRCLE('',#7872,18.);
#7872 = AXIS2_PLACEMENT_3D('',#7873,#7874,#7875);
#7873 = CARTESIAN_POINT('',(-60.,-34.641016,36.));
#7874 = DIRECTION('',(0.,0.,1.));
#7875 = DIRECTION('',(-0.693054397579,-0.720885290456,0.));
#7876 = PCURVE('',#6155,#7877);
#7877 = DEFINITIONAL_REPRESENTATION('',(#7878),#7882);
#7878 = LINE('',#7879,#7880);
#7879 = CARTESIAN_POINT('',(-3.946671500527,-6.));
#7880 = VECTOR('',#7881,1.);
#7881 = DIRECTION('',(-1.,0.));
#7882 = ( GEOMETRIC_REPRESENTATION_CONTEXT(2) 
PARAMETRIC_REPRESENTATION_CONTEXT() REPRESENTATION_CONTEXT('2D SPACE',''
  ) );
#7883 = PCURVE('',#7195,#7884);
#7884 = DEFINITIONAL_REPRESENTATION('',(#7885),#7889);
#7885 = CIRCLE('',#7886,18.);
#7886 = AXIS2_PLACEMENT_2D('',#7887,#7888);
#7887 = CARTESIAN_POINT('',(-60.,-34.641016));
#7888 = DIRECTION('',(-0.693054397579,-0.720885290456));
#7889 = ( GEOMETRIC_REPRESENTATION_CONTEXT(2) 
PARAMETRIC_REPRESENTATION_CONTEXT() REPRESENTATION_CONTEXT('2D SPACE',''
  ) );
#7890 = ORIENTED_EDGE('',*,*,#7891,.T.);
#7891 = EDGE_CURVE('',#7868,#6135,#7892,.T.);
#7892 = SURFACE_CURVE('',#7893,(#7897,#7903),.PCURVE_S1.);
#7893 = LINE('',#7894,#7895);
#7894 = CARTESIAN_POINT('',(-42.52502085996,-30.32533481909,30.));
#7895 = VECTOR('',#7896,1.);
#7896 = DIRECTION('',(-0.,-0.,-1.));
#7897 = PCURVE('',#6155,#7898);
#7898 = DEFINITIONAL_REPRESENTATION('',(#7899),#7902);
#7899 = B_SPLINE_CURVE_WITH_KNOTS('',1,(#7900,#7901),.UNSPECIFIED.,.F.,
  .F.,(2,2),(-6.,-0.),.PIECEWISE_BEZIER_KNOTS.);
#7900 = CARTESIAN_POINT('',(-6.525304007655,-6.));
#7901 = CARTESIAN_POINT('',(-6.525304007655,0.));
#7902 = ( GEOMETRIC_REPRESENTATION_CONTEXT(2) 
PARAMETRIC_REPRESENTATION_CONTEXT() REPRESENTATION_CONTEXT('2D SPACE',''
  ) );
#7903 = PCURVE('',#6183,#7904);
#7904 = DEFINITIONAL_REPRESENTATION('',(#7905),#7908);
#7905 = B_SPLINE_CURVE_WITH_KNOTS('',1,(#7906,#7907),.UNSPECIFIED.,.F.,
  .F.,(2,2),(-6.0000006,5.999999999062E-07),.PIECEWISE_BEZIER_KNOTS.);
#7906 = CARTESIAN_POINT('',(51.990415761276,-6.0000006));
#7907 = CARTESIAN_POINT('',(51.990415761276,5.999999999062E-07));
#7908 = ( GEOMETRIC_REPRESENTATION_CONTEXT(2) 
PARAMETRIC_REPRESENTATION_CONTEXT() REPRESENTATION_CONTEXT('2D SPACE',''
  ) );
#7909 = ADVANCED_FACE('',(#7910),#6436,.T.);
#7910 = FACE_BOUND('',#7911,.T.);
#7911 = EDGE_LOOP('',(#7912,#7913,#7914,#7937));
#7912 = ORIENTED_EDGE('',*,*,#6420,.F.);
#7913 = ORIENTED_EDGE('',*,*,#7814,.F.);
#7914 = ORIENTED_EDGE('',*,*,#7915,.T.);
#7915 = EDGE_CURVE('',#7815,#7916,#7918,.T.);
#7916 = VERTEX_POINT('',#7917);
#7917 = CARTESIAN_POINT('',(47.525020843575,-21.66508077178,36.));
#7918 = SURFACE_CURVE('',#7919,(#7923,#7930),.PCURVE_S1.);
#7919 = LINE('',#7920,#7921);
#7920 = CARTESIAN_POINT('',(2.499999991806,4.330127023653,36.));
#7921 = VECTOR('',#7922,1.);
#7922 = DIRECTION('',(0.866025404731,-0.499999998361,0.));
#7923 = PCURVE('',#6436,#7924);
#7924 = DEFINITIONAL_REPRESENTATION('',(#7925),#7929);
#7925 = LINE('',#7926,#7927);
#7926 = CARTESIAN_POINT('',(0.,-6.));
#7927 = VECTOR('',#7928,1.);
#7928 = DIRECTION('',(1.,0.));
#7929 = ( GEOMETRIC_REPRESENTATION_CONTEXT(2) 
PARAMETRIC_REPRESENTATION_CONTEXT() REPRESENTATION_CONTEXT('2D SPACE',''
  ) );
#7930 = PCURVE('',#7195,#7931);
#7931 = DEFINITIONAL_REPRESENTATION('',(#7932),#7936);
#7932 = LINE('',#7933,#7934);
#7933 = CARTESIAN_POINT('',(2.499999991806,4.330127023653));
#7934 = VECTOR('',#7935,1.);
#7935 = DIRECTION('',(0.866025404731,-0.499999998361));
#7936 = ( GEOMETRIC_REPRESENTATION_CONTEXT(2) 
PARAMETRIC_REPRESENTATION_CONTEXT() REPRESENTATION_CONTEXT('2D SPACE',''
  ) );
#7937 = ORIENTED_EDGE('',*,*,#7938,.T.);
#7938 = EDGE_CURVE('',#7916,#6388,#7939,.T.);
#7939 = SURFACE_CURVE('',#7940,(#7944,#7950),.PCURVE_S1.);
#7940 = LINE('',#7941,#7942);
#7941 = CARTESIAN_POINT('',(47.525020843575,-21.66508077178,30.));
#7942 = VECTOR('',#7943,1.);
#7943 = DIRECTION('',(-0.,-0.,-1.));
#7944 = PCURVE('',#6436,#7945);
#7945 = DEFINITIONAL_REPRESENTATION('',(#7946),#7949);
#7946 = B_SPLINE_CURVE_WITH_KNOTS('',1,(#7947,#7948),.UNSPECIFIED.,.F.,
  .F.,(2,2),(-6.0000006,5.999999999062E-07),.PIECEWISE_BEZIER_KNOTS.);
#7947 = CARTESIAN_POINT('',(51.990415761276,-6.0000006));
#7948 = CARTESIAN_POINT('',(51.990415761276,5.999999999062E-07));
#7949 = ( GEOMETRIC_REPRESENTATION_CONTEXT(2) 
PARAMETRIC_REPRESENTATION_CONTEXT() REPRESENTATION_CONTEXT('2D SPACE',''
  ) );
#7950 = PCURVE('',#6408,#7951);
#7951 = DEFINITIONAL_REPRESENTATION('',(#7952),#7955);
#7952 = B_SPLINE_CURVE_WITH_KNOTS('',1,(#7953,#7954),.UNSPECIFIED.,.F.,
  .F.,(2,2),(-6.,0.),.PIECEWISE_BEZIER_KNOTS.);
#7953 = CARTESIAN_POINT('',(-8.619699113832,-6.));
#7954 = CARTESIAN_POINT('',(-8.619699113832,0.));
#7955 = ( GEOMETRIC_REPRESENTATION_CONTEXT(2) 
PARAMETRIC_REPRESENTATION_CONTEXT() REPRESENTATION_CONTEXT('2D SPACE',''
  ) );
#7956 = ADVANCED_FACE('',(#7957),#6183,.T.);
#7957 = FACE_BOUND('',#7958,.T.);
#7958 = EDGE_LOOP('',(#7959,#7960,#7981,#8002));
#7959 = ORIENTED_EDGE('',*,*,#6167,.F.);
#7960 = ORIENTED_EDGE('',*,*,#7961,.F.);
#7961 = EDGE_CURVE('',#7962,#6168,#7964,.T.);
#7962 = VERTEX_POINT('',#7963);
#7963 = CARTESIAN_POINT('',(-12.47497915642,-12.97593522821,36.));
#7964 = SURFACE_CURVE('',#7965,(#7969,#7975),.PCURVE_S1.);
#7965 = LINE('',#7966,#7967);
#7966 = CARTESIAN_POINT('',(-12.47497915642,-12.97593522821,30.));
#7967 = VECTOR('',#7968,1.);
#7968 = DIRECTION('',(-0.,-0.,-1.));
#7969 = PCURVE('',#6183,#7970);
#7970 = DEFINITIONAL_REPRESENTATION('',(#7971),#7974);
#7971 = B_SPLINE_CURVE_WITH_KNOTS('',1,(#7972,#7973),.UNSPECIFIED.,.F.,
  .F.,(2,2),(-6.0000006,5.999999999062E-07),.PIECEWISE_BEZIER_KNOTS.);
#7972 = CARTESIAN_POINT('',(17.291616465791,-6.0000006));
#7973 = CARTESIAN_POINT('',(17.291616465791,5.999999999062E-07));
#7974 = ( GEOMETRIC_REPRESENTATION_CONTEXT(2) 
PARAMETRIC_REPRESENTATION_CONTEXT() REPRESENTATION_CONTEXT('2D SPACE',''
  ) );
#7975 = PCURVE('',#6212,#7976);
#7976 = DEFINITIONAL_REPRESENTATION('',(#7977),#7980);
#7977 = B_SPLINE_CURVE_WITH_KNOTS('',1,(#7978,#7979),.UNSPECIFIED.,.F.,
  .F.,(2,2),(-6.0000006,5.999999999062E-07),.PIECEWISE_BEZIER_KNOTS.);
#7978 = CARTESIAN_POINT('',(-3.946671500527,-6.0000006));
#7979 = CARTESIAN_POINT('',(-3.946671500527,5.999999999062E-07));
#7980 = ( GEOMETRIC_REPRESENTATION_CONTEXT(2) 
PARAMETRIC_REPRESENTATION_CONTEXT() REPRESENTATION_CONTEXT('2D SPACE',''
  ) );
#7981 = ORIENTED_EDGE('',*,*,#7982,.T.);
#7982 = EDGE_CURVE('',#7962,#7868,#7983,.T.);
#7983 = SURFACE_CURVE('',#7984,(#7988,#7995),.PCURVE_S1.);
#7984 = LINE('',#7985,#7986);
#7985 = CARTESIAN_POINT('',(2.499999991806,-4.330127023653,36.));
#7986 = VECTOR('',#7987,1.);
#7987 = DIRECTION('',(-0.866025404731,-0.499999998361,0.));
#7988 = PCURVE('',#6183,#7989);
#7989 = DEFINITIONAL_REPRESENTATION('',(#7990),#7994);
#7990 = LINE('',#7991,#7992);
#7991 = CARTESIAN_POINT('',(0.,-6.));
#7992 = VECTOR('',#7993,1.);
#7993 = DIRECTION('',(1.,0.));
#7994 = ( GEOMETRIC_REPRESENTATION_CONTEXT(2) 
PARAMETRIC_REPRESENTATION_CONTEXT() REPRESENTATION_CONTEXT('2D SPACE',''
  ) );
#7995 = PCURVE('',#7195,#7996);
#7996 = DEFINITIONAL_REPRESENTATION('',(#7997),#8001);
#7997 = LINE('',#7998,#7999);
#7998 = CARTESIAN_POINT('',(2.499999991806,-4.330127023653));
#7999 = VECTOR('',#8000,1.);
#8000 = DIRECTION('',(-0.866025404731,-0.499999998361));
#8001 = ( GEOMETRIC_REPRESENTATION_CONTEXT(2) 
PARAMETRIC_REPRESENTATION_CONTEXT() REPRESENTATION_CONTEXT('2D SPACE',''
  ) );
#8002 = ORIENTED_EDGE('',*,*,#7891,.T.);
#8003 = ADVANCED_FACE('',(#8004),#6408,.T.);
#8004 = FACE_BOUND('',#8005,.F.);
#8005 = EDGE_LOOP('',(#8006,#8007,#8028,#8050));
#8006 = ORIENTED_EDGE('',*,*,#6387,.T.);
#8007 = ORIENTED_EDGE('',*,*,#8008,.F.);
#8008 = EDGE_CURVE('',#8009,#6360,#8011,.T.);
#8009 = VERTEX_POINT('',#8010);
#8010 = CARTESIAN_POINT('',(77.474979140038,-38.9566971809,36.));
#8011 = SURFACE_CURVE('',#8012,(#8016,#8022),.PCURVE_S1.);
#8012 = LINE('',#8013,#8014);
#8013 = CARTESIAN_POINT('',(77.474979140038,-38.9566971809,30.));
#8014 = VECTOR('',#8015,1.);
#8015 = DIRECTION('',(-0.,-0.,-1.));
#8016 = PCURVE('',#6408,#8017);
#8017 = DEFINITIONAL_REPRESENTATION('',(#8018),#8021);
#8018 = B_SPLINE_CURVE_WITH_KNOTS('',1,(#8019,#8020),.UNSPECIFIED.,.F.,
  .F.,(2,2),(-6.,0.),.PIECEWISE_BEZIER_KNOTS.);
#8019 = CARTESIAN_POINT('',(-6.041066606704,-6.));
#8020 = CARTESIAN_POINT('',(-6.041066606704,0.));
#8021 = ( GEOMETRIC_REPRESENTATION_CONTEXT(2) 
PARAMETRIC_REPRESENTATION_CONTEXT() REPRESENTATION_CONTEXT('2D SPACE',''
  ) );
#8022 = PCURVE('',#6375,#8023);
#8023 = DEFINITIONAL_REPRESENTATION('',(#8024),#8027);
#8024 = B_SPLINE_CURVE_WITH_KNOTS('',1,(#8025,#8026),.UNSPECIFIED.,.F.,
  .F.,(2,2),(-6.0000006,5.999999999062E-07),.PIECEWISE_BEZIER_KNOTS.);
#8025 = CARTESIAN_POINT('',(86.573648692857,-6.0000006));
#8026 = CARTESIAN_POINT('',(86.573648692857,5.999999999062E-07));
#8027 = ( GEOMETRIC_REPRESENTATION_CONTEXT(2) 
PARAMETRIC_REPRESENTATION_CONTEXT() REPRESENTATION_CONTEXT('2D SPACE',''
  ) );
#8028 = ORIENTED_EDGE('',*,*,#8029,.T.);
#8029 = EDGE_CURVE('',#8009,#7916,#8030,.T.);
#8030 = SURFACE_CURVE('',#8031,(#8036,#8043),.PCURVE_S1.);
#8031 = CIRCLE('',#8032,18.);
#8032 = AXIS2_PLACEMENT_3D('',#8033,#8034,#8035);
#8033 = CARTESIAN_POINT('',(60.,-34.641016,36.));
#8034 = DIRECTION('',(0.,0.,1.));
#8035 = DIRECTION('',(0.970832174447,-0.239760065606,0.));
#8036 = PCURVE('',#6408,#8037);
#8037 = DEFINITIONAL_REPRESENTATION('',(#8038),#8042);
#8038 = LINE('',#8039,#8040);
#8039 = CARTESIAN_POINT('',(-6.041066606704,-6.));
#8040 = VECTOR('',#8041,1.);
#8041 = DIRECTION('',(-1.,0.));
#8042 = ( GEOMETRIC_REPRESENTATION_CONTEXT(2) 
PARAMETRIC_REPRESENTATION_CONTEXT() REPRESENTATION_CONTEXT('2D SPACE',''
  ) );
#8043 = PCURVE('',#7195,#8044);
#8044 = DEFINITIONAL_REPRESENTATION('',(#8045),#8049);
#8045 = CIRCLE('',#8046,18.);
#8046 = AXIS2_PLACEMENT_2D('',#8047,#8048);
#8047 = CARTESIAN_POINT('',(60.,-34.641016));
#8048 = DIRECTION('',(0.970832174447,-0.239760065606));
#8049 = ( GEOMETRIC_REPRESENTATION_CONTEXT(2) 
PARAMETRIC_REPRESENTATION_CONTEXT() REPRESENTATION_CONTEXT('2D SPACE',''
  ) );
#8050 = ORIENTED_EDGE('',*,*,#7938,.T.);
#8051 = ADVANCED_FACE('',(#8052),#6212,.T.);
#8052 = FACE_BOUND('',#8053,.F.);
#8053 = EDGE_LOOP('',(#8054,#8055,#8056,#8084));
#8054 = ORIENTED_EDGE('',*,*,#6195,.F.);
#8055 = ORIENTED_EDGE('',*,*,#7961,.F.);
#8056 = ORIENTED_EDGE('',*,*,#8057,.F.);
#8057 = EDGE_CURVE('',#8058,#7962,#8060,.T.);
#8058 = VERTEX_POINT('',#8059);
#8059 = CARTESIAN_POINT('',(12.474979156425,-12.97593522821,36.));
#8060 = SURFACE_CURVE('',#8061,(#8066,#8073),.PCURVE_S1.);
#8061 = CIRCLE('',#8062,18.);
#8062 = AXIS2_PLACEMENT_3D('',#8063,#8064,#8065);
#8063 = CARTESIAN_POINT('',(0.,0.,36.));
#8064 = DIRECTION('',(0.,0.,-1.));
#8065 = DIRECTION('',(0.277777777778,0.960645359211,0.));
#8066 = PCURVE('',#6212,#8067);
#8067 = DEFINITIONAL_REPRESENTATION('',(#8068),#8072);
#8068 = LINE('',#8069,#8070);
#8069 = CARTESIAN_POINT('',(-7.572501560744,-6.));
#8070 = VECTOR('',#8071,1.);
#8071 = DIRECTION('',(1.,-0.));
#8072 = ( GEOMETRIC_REPRESENTATION_CONTEXT(2) 
PARAMETRIC_REPRESENTATION_CONTEXT() REPRESENTATION_CONTEXT('2D SPACE',''
  ) );
#8073 = PCURVE('',#7195,#8074);
#8074 = DEFINITIONAL_REPRESENTATION('',(#8075),#8083);
#8075 = ( BOUNDED_CURVE() B_SPLINE_CURVE(2,(#8076,#8077,#8078,#8079,
#8080,#8081,#8082),.UNSPECIFIED.,.T.,.F.) B_SPLINE_CURVE_WITH_KNOTS((1,2
    ,2,2,2,1),(-2.094395102393,0.,2.094395102393,4.188790204786,
6.28318530718,8.377580409573),.UNSPECIFIED.) CURVE() 
GEOMETRIC_REPRESENTATION_ITEM() RATIONAL_B_SPLINE_CURVE((1.,0.5,1.,0.5,
1.,0.5,1.)) REPRESENTATION_ITEM('') );
#8076 = CARTESIAN_POINT('',(5.,17.291616465791));
#8077 = CARTESIAN_POINT('',(34.949958263744,8.631362427947));
#8078 = CARTESIAN_POINT('',(12.474979131872,-12.97593525181));
#8079 = CARTESIAN_POINT('',(-9.999999999999,-34.58323293158));
#8080 = CARTESIAN_POINT('',(-17.47497913187,-4.315681213974));
#8081 = CARTESIAN_POINT('',(-24.94995826374,25.951870503634));
#8082 = CARTESIAN_POINT('',(5.,17.291616465791));
#8083 = ( GEOMETRIC_REPRESENTATION_CONTEXT(2) 
PARAMETRIC_REPRESENTATION_CONTEXT() REPRESENTATION_CONTEXT('2D SPACE',''
  ) );
#8084 = ORIENTED_EDGE('',*,*,#8085,.T.);
#8085 = EDGE_CURVE('',#8058,#6196,#8086,.T.);
#8086 = SURFACE_CURVE('',#8087,(#8091,#8097),.PCURVE_S1.);
#8087 = LINE('',#8088,#8089);
#8088 = CARTESIAN_POINT('',(12.474979156425,-12.97593522821,30.));
#8089 = VECTOR('',#8090,1.);
#8090 = DIRECTION('',(-0.,-0.,-1.));
#8091 = PCURVE('',#6212,#8092);
#8092 = DEFINITIONAL_REPRESENTATION('',(#8093),#8096);
#8093 = B_SPLINE_CURVE_WITH_KNOTS('',1,(#8094,#8095),.UNSPECIFIED.,.F.,
  .F.,(2,2),(-6.0000006,5.999999999062E-07),.PIECEWISE_BEZIER_KNOTS.);
#8094 = CARTESIAN_POINT('',(-5.478106460243,-6.0000006));
#8095 = CARTESIAN_POINT('',(-5.478106460243,5.999999999062E-07));
#8096 = ( GEOMETRIC_REPRESENTATION_CONTEXT(2) 
PARAMETRIC_REPRESENTATION_CONTEXT() REPRESENTATION_CONTEXT('2D SPACE',''
  ) );
#8097 = PCURVE('',#6240,#8098);
#8098 = DEFINITIONAL_REPRESENTATION('',(#8099),#8102);
#8099 = B_SPLINE_CURVE_WITH_KNOTS('',1,(#8100,#8101),.UNSPECIFIED.,.F.,
  .F.,(2,2),(-6.0000006,5.999999999062E-07),.PIECEWISE_BEZIER_KNOTS.);
#8100 = CARTESIAN_POINT('',(82.708383534209,-6.0000006));
#8101 = CARTESIAN_POINT('',(82.708383534209,5.999999999062E-07));
#8102 = ( GEOMETRIC_REPRESENTATION_CONTEXT(2) 
PARAMETRIC_REPRESENTATION_CONTEXT() REPRESENTATION_CONTEXT('2D SPACE',''
  ) );
#8103 = ADVANCED_FACE('',(#8104),#6375,.T.);
#8104 = FACE_BOUND('',#8105,.T.);
#8105 = EDGE_LOOP('',(#8106,#8107,#8108,#8131));
#8106 = ORIENTED_EDGE('',*,*,#6359,.F.);
#8107 = ORIENTED_EDGE('',*,*,#8008,.F.);
#8108 = ORIENTED_EDGE('',*,*,#8109,.T.);
#8109 = EDGE_CURVE('',#8009,#8110,#8112,.T.);
#8110 = VERTEX_POINT('',#8111);
#8111 = CARTESIAN_POINT('',(89.102540464861,-45.66987281247,36.));
#8112 = SURFACE_CURVE('',#8113,(#8117,#8124),.PCURVE_S1.);
#8113 = LINE('',#8114,#8115);
#8114 = CARTESIAN_POINT('',(2.499999991806,4.330127023653,36.));
#8115 = VECTOR('',#8116,1.);
#8116 = DIRECTION('',(0.866025404731,-0.499999998361,0.));
#8117 = PCURVE('',#6375,#8118);
#8118 = DEFINITIONAL_REPRESENTATION('',(#8119),#8123);
#8119 = LINE('',#8120,#8121);
#8120 = CARTESIAN_POINT('',(0.,-6.));
#8121 = VECTOR('',#8122,1.);
#8122 = DIRECTION('',(1.,0.));
#8123 = ( GEOMETRIC_REPRESENTATION_CONTEXT(2) 
PARAMETRIC_REPRESENTATION_CONTEXT() REPRESENTATION_CONTEXT('2D SPACE',''
  ) );
#8124 = PCURVE('',#7195,#8125);
#8125 = DEFINITIONAL_REPRESENTATION('',(#8126),#8130);
#8126 = LINE('',#8127,#8128);
#8127 = CARTESIAN_POINT('',(2.499999991806,4.330127023653));
#8128 = VECTOR('',#8129,1.);
#8129 = DIRECTION('',(0.866025404731,-0.499999998361));
#8130 = ( GEOMETRIC_REPRESENTATION_CONTEXT(2) 
PARAMETRIC_REPRESENTATION_CONTEXT() REPRESENTATION_CONTEXT('2D SPACE',''
  ) );
#8131 = ORIENTED_EDGE('',*,*,#8132,.F.);
#8132 = EDGE_CURVE('',#6337,#8110,#8133,.T.);
#8133 = SURFACE_CURVE('',#8134,(#8138,#8145),.PCURVE_S1.);
#8134 = LINE('',#8135,#8136);
#8135 = CARTESIAN_POINT('',(89.102540464861,-45.66987281247,30.));
#8136 = VECTOR('',#8137,1.);
#8137 = DIRECTION('',(0.,0.,1.));
#8138 = PCURVE('',#6375,#8139);
#8139 = DEFINITIONAL_REPRESENTATION('',(#8140),#8144);
#8140 = LINE('',#8141,#8142);
#8141 = CARTESIAN_POINT('',(100.,0.));
#8142 = VECTOR('',#8143,1.);
#8143 = DIRECTION('',(0.,-1.));
#8144 = ( GEOMETRIC_REPRESENTATION_CONTEXT(2) 
PARAMETRIC_REPRESENTATION_CONTEXT() REPRESENTATION_CONTEXT('2D SPACE',''
  ) );
#8145 = PCURVE('',#6323,#8146);
#8146 = DEFINITIONAL_REPRESENTATION('',(#8147),#8151);
#8147 = LINE('',#8148,#8149);
#8148 = CARTESIAN_POINT('',(0.,0.));
#8149 = VECTOR('',#8150,1.);
#8150 = DIRECTION('',(0.,-1.));
#8151 = ( GEOMETRIC_REPRESENTATION_CONTEXT(2) 
PARAMETRIC_REPRESENTATION_CONTEXT() REPRESENTATION_CONTEXT('2D SPACE',''
  ) );
#8152 = ADVANCED_FACE('',(#8153),#6240,.T.);
#8153 = FACE_BOUND('',#8154,.T.);
#8154 = EDGE_LOOP('',(#8155,#8156,#8177,#8198));
#8155 = ORIENTED_EDGE('',*,*,#6224,.F.);
#8156 = ORIENTED_EDGE('',*,*,#8157,.F.);
#8157 = EDGE_CURVE('',#8158,#6225,#8160,.T.);
#8158 = VERTEX_POINT('',#8159);
#8159 = CARTESIAN_POINT('',(42.525020859962,-30.32533481909,36.));
#8160 = SURFACE_CURVE('',#8161,(#8165,#8171),.PCURVE_S1.);
#8161 = LINE('',#8162,#8163);
#8162 = CARTESIAN_POINT('',(42.525020859962,-30.32533481909,30.));
#8163 = VECTOR('',#8164,1.);
#8164 = DIRECTION('',(-0.,-0.,-1.));
#8165 = PCURVE('',#6240,#8166);
#8166 = DEFINITIONAL_REPRESENTATION('',(#8167),#8170);
#8167 = B_SPLINE_CURVE_WITH_KNOTS('',1,(#8168,#8169),.UNSPECIFIED.,.F.,
  .F.,(2,2),(-6.0000006,5.999999999062E-07),.PIECEWISE_BEZIER_KNOTS.);
#8168 = CARTESIAN_POINT('',(48.009584238724,-6.0000006));
#8169 = CARTESIAN_POINT('',(48.009584238724,5.999999999062E-07));
#8170 = ( GEOMETRIC_REPRESENTATION_CONTEXT(2) 
PARAMETRIC_REPRESENTATION_CONTEXT() REPRESENTATION_CONTEXT('2D SPACE',''
  ) );
#8171 = PCURVE('',#6269,#8172);
#8172 = DEFINITIONAL_REPRESENTATION('',(#8173),#8176);
#8173 = B_SPLINE_CURVE_WITH_KNOTS('',1,(#8174,#8175),.UNSPECIFIED.,.F.,
  .F.,(2,2),(-6.0000006,5.999999999062E-07),.PIECEWISE_BEZIER_KNOTS.);
#8174 = CARTESIAN_POINT('',(-2.899473953115,-6.0000006));
#8175 = CARTESIAN_POINT('',(-2.899473953115,5.999999999062E-07));
#8176 = ( GEOMETRIC_REPRESENTATION_CONTEXT(2) 
PARAMETRIC_REPRESENTATION_CONTEXT() REPRESENTATION_CONTEXT('2D SPACE',''
  ) );
#8177 = ORIENTED_EDGE('',*,*,#8178,.T.);
#8178 = EDGE_CURVE('',#8158,#8058,#8179,.T.);
#8179 = SURFACE_CURVE('',#8180,(#8184,#8191),.PCURVE_S1.);
#8180 = LINE('',#8181,#8182);
#8181 = CARTESIAN_POINT('',(84.102540481248,-54.33012685978,36.));
#8182 = VECTOR('',#8183,1.);
#8183 = DIRECTION('',(-0.866025404731,0.499999998361,0.));
#8184 = PCURVE('',#6240,#8185);
#8185 = DEFINITIONAL_REPRESENTATION('',(#8186),#8190);
#8186 = LINE('',#8187,#8188);
#8187 = CARTESIAN_POINT('',(0.,-6.));
#8188 = VECTOR('',#8189,1.);
#8189 = DIRECTION('',(1.,0.));
#8190 = ( GEOMETRIC_REPRESENTATION_CONTEXT(2) 
PARAMETRIC_REPRESENTATION_CONTEXT() REPRESENTATION_CONTEXT('2D SPACE',''
  ) );
#8191 = PCURVE('',#7195,#8192);
#8192 = DEFINITIONAL_REPRESENTATION('',(#8193),#8197);
#8193 = LINE('',#8194,#8195);
#8194 = CARTESIAN_POINT('',(84.102540481248,-54.33012685978));
#8195 = VECTOR('',#8196,1.);
#8196 = DIRECTION('',(-0.866025404731,0.499999998361));
#8197 = ( GEOMETRIC_REPRESENTATION_CONTEXT(2) 
PARAMETRIC_REPRESENTATION_CONTEXT() REPRESENTATION_CONTEXT('2D SPACE',''
  ) );
#8198 = ORIENTED_EDGE('',*,*,#8085,.T.);
#8199 = ADVANCED_FACE('',(#8200),#6323,.T.);
#8200 = FACE_BOUND('',#8201,.T.);
#8201 = EDGE_LOOP('',(#8202,#8203,#8226,#8247,#8248,#8249));
#8202 = ORIENTED_EDGE('',*,*,#8132,.T.);
#8203 = ORIENTED_EDGE('',*,*,#8204,.T.);
#8204 = EDGE_CURVE('',#8110,#8205,#8207,.T.);
#8205 = VERTEX_POINT('',#8206);
#8206 = CARTESIAN_POINT('',(84.102540481248,-54.33012685978,36.));
#8207 = SURFACE_CURVE('',#8208,(#8212,#8219),.PCURVE_S1.);
#8208 = LINE('',#8209,#8210);
#8209 = CARTESIAN_POINT('',(89.102540464861,-45.66987281247,36.));
#8210 = VECTOR('',#8211,1.);
#8211 = DIRECTION('',(-0.499999998361,-0.866025404731,0.));
#8212 = PCURVE('',#6323,#8213);
#8213 = DEFINITIONAL_REPRESENTATION('',(#8214),#8218);
#8214 = LINE('',#8215,#8216);
#8215 = CARTESIAN_POINT('',(0.,-6.));
#8216 = VECTOR('',#8217,1.);
#8217 = DIRECTION('',(1.,0.));
#8218 = ( GEOMETRIC_REPRESENTATION_CONTEXT(2) 
PARAMETRIC_REPRESENTATION_CONTEXT() REPRESENTATION_CONTEXT('2D SPACE',''
  ) );
#8219 = PCURVE('',#7195,#8220);
#8220 = DEFINITIONAL_REPRESENTATION('',(#8221),#8225);
#8221 = LINE('',#8222,#8223);
#8222 = CARTESIAN_POINT('',(89.102540464861,-45.66987281247));
#8223 = VECTOR('',#8224,1.);
#8224 = DIRECTION('',(-0.499999998361,-0.866025404731));
#8225 = ( GEOMETRIC_REPRESENTATION_CONTEXT(2) 
PARAMETRIC_REPRESENTATION_CONTEXT() REPRESENTATION_CONTEXT('2D SPACE',''
  ) );
#8226 = ORIENTED_EDGE('',*,*,#8227,.F.);
#8227 = EDGE_CURVE('',#6282,#8205,#8228,.T.);
#8228 = SURFACE_CURVE('',#8229,(#8233,#8240),.PCURVE_S1.);
#8229 = LINE('',#8230,#8231);
#8230 = CARTESIAN_POINT('',(84.102540481248,-54.33012685978,30.));
#8231 = VECTOR('',#8232,1.);
#8232 = DIRECTION('',(0.,0.,1.));
#8233 = PCURVE('',#6323,#8234);
#8234 = DEFINITIONAL_REPRESENTATION('',(#8235),#8239);
#8235 = LINE('',#8236,#8237);
#8236 = CARTESIAN_POINT('',(10.,0.));
#8237 = VECTOR('',#8238,1.);
#8238 = DIRECTION('',(0.,-1.));
#8239 = ( GEOMETRIC_REPRESENTATION_CONTEXT(2) 
PARAMETRIC_REPRESENTATION_CONTEXT() REPRESENTATION_CONTEXT('2D SPACE',''
  ) );
#8240 = PCURVE('',#6297,#8241);
#8241 = DEFINITIONAL_REPRESENTATION('',(#8242),#8246);
#8242 = LINE('',#8243,#8244);
#8243 = CARTESIAN_POINT('',(0.,0.));
#8244 = VECTOR('',#8245,1.);
#8245 = DIRECTION('',(0.,-1.));
#8246 = ( GEOMETRIC_REPRESENTATION_CONTEXT(2) 
PARAMETRIC_REPRESENTATION_CONTEXT() REPRESENTATION_CONTEXT('2D SPACE',''
  ) );
#8247 = ORIENTED_EDGE('',*,*,#6309,.F.);
#8248 = ORIENTED_EDGE('',*,*,#6967,.F.);
#8249 = ORIENTED_EDGE('',*,*,#6336,.F.);
#8250 = ADVANCED_FACE('',(#8251),#6269,.T.);
#8251 = FACE_BOUND('',#8252,.F.);
#8252 = EDGE_LOOP('',(#8253,#8254,#8255,#8279));
#8253 = ORIENTED_EDGE('',*,*,#6252,.F.);
#8254 = ORIENTED_EDGE('',*,*,#8157,.F.);
#8255 = ORIENTED_EDGE('',*,*,#8256,.T.);
#8256 = EDGE_CURVE('',#8158,#8257,#8259,.T.);
#8257 = VERTEX_POINT('',#8258);
#8258 = CARTESIAN_POINT('',(72.474979156426,-47.61695122821,36.));
#8259 = SURFACE_CURVE('',#8260,(#8265,#8272),.PCURVE_S1.);
#8260 = CIRCLE('',#8261,18.);
#8261 = AXIS2_PLACEMENT_3D('',#8262,#8263,#8264);
#8262 = CARTESIAN_POINT('',(60.,-34.641016,36.));
#8263 = DIRECTION('',(0.,0.,1.));
#8264 = DIRECTION('',(1.,0.,0.));
#8265 = PCURVE('',#6269,#8266);
#8266 = DEFINITIONAL_REPRESENTATION('',(#8267),#8271);
#8267 = LINE('',#8268,#8269);
#8268 = CARTESIAN_POINT('',(-0.,-6.));
#8269 = VECTOR('',#8270,1.);
#8270 = DIRECTION('',(-1.,0.));
#8271 = ( GEOMETRIC_REPRESENTATION_CONTEXT(2) 
PARAMETRIC_REPRESENTATION_CONTEXT() REPRESENTATION_CONTEXT('2D SPACE',''
  ) );
#8272 = PCURVE('',#7195,#8273);
#8273 = DEFINITIONAL_REPRESENTATION('',(#8274),#8278);
#8274 = CIRCLE('',#8275,18.);
#8275 = AXIS2_PLACEMENT_2D('',#8276,#8277);
#8276 = CARTESIAN_POINT('',(60.,-34.641016));
#8277 = DIRECTION('',(1.,0.));
#8278 = ( GEOMETRIC_REPRESENTATION_CONTEXT(2) 
PARAMETRIC_REPRESENTATION_CONTEXT() REPRESENTATION_CONTEXT('2D SPACE',''
  ) );
#8279 = ORIENTED_EDGE('',*,*,#8280,.T.);
#8280 = EDGE_CURVE('',#8257,#6253,#8281,.T.);
#8281 = SURFACE_CURVE('',#8282,(#8286,#8292),.PCURVE_S1.);
#8282 = LINE('',#8283,#8284);
#8283 = CARTESIAN_POINT('',(72.474979156425,-47.61695122821,30.));
#8284 = VECTOR('',#8285,1.);
#8285 = DIRECTION('',(-0.,-0.,-1.));
#8286 = PCURVE('',#6269,#8287);
#8287 = DEFINITIONAL_REPRESENTATION('',(#8288),#8291);
#8288 = B_SPLINE_CURVE_WITH_KNOTS('',1,(#8289,#8290),.UNSPECIFIED.,.F.,
  .F.,(2,2),(-6.0000006,5.999999999062E-07),.PIECEWISE_BEZIER_KNOTS.);
#8289 = CARTESIAN_POINT('',(-5.478106460243,-6.0000006));
#8290 = CARTESIAN_POINT('',(-5.478106460243,5.999999999062E-07));
#8291 = ( GEOMETRIC_REPRESENTATION_CONTEXT(2) 
PARAMETRIC_REPRESENTATION_CONTEXT() REPRESENTATION_CONTEXT('2D SPACE',''
  ) );
#8292 = PCURVE('',#6297,#8293);
#8293 = DEFINITIONAL_REPRESENTATION('',(#8294),#8297);
#8294 = B_SPLINE_CURVE_WITH_KNOTS('',1,(#8295,#8296),.UNSPECIFIED.,.F.,
  .F.,(2,2),(-6.0000006,5.999999999062E-07),.PIECEWISE_BEZIER_KNOTS.);
#8295 = CARTESIAN_POINT('',(13.426351307143,-6.0000006));
#8296 = CARTESIAN_POINT('',(13.426351307143,5.999999999062E-07));
#8297 = ( GEOMETRIC_REPRESENTATION_CONTEXT(2) 
PARAMETRIC_REPRESENTATION_CONTEXT() REPRESENTATION_CONTEXT('2D SPACE',''
  ) );
#8298 = ADVANCED_FACE('',(#8299),#6297,.T.);
#8299 = FACE_BOUND('',#8300,.T.);
#8300 = EDGE_LOOP('',(#8301,#8302,#8303,#8324));
#8301 = ORIENTED_EDGE('',*,*,#6281,.F.);
#8302 = ORIENTED_EDGE('',*,*,#8227,.T.);
#8303 = ORIENTED_EDGE('',*,*,#8304,.T.);
#8304 = EDGE_CURVE('',#8205,#8257,#8305,.T.);
#8305 = SURFACE_CURVE('',#8306,(#8310,#8317),.PCURVE_S1.);
#8306 = LINE('',#8307,#8308);
#8307 = CARTESIAN_POINT('',(84.102540481248,-54.33012685978,36.));
#8308 = VECTOR('',#8309,1.);
#8309 = DIRECTION('',(-0.866025404731,0.499999998361,0.));
#8310 = PCURVE('',#6297,#8311);
#8311 = DEFINITIONAL_REPRESENTATION('',(#8312),#8316);
#8312 = LINE('',#8313,#8314);
#8313 = CARTESIAN_POINT('',(0.,-6.));
#8314 = VECTOR('',#8315,1.);
#8315 = DIRECTION('',(1.,0.));
#8316 = ( GEOMETRIC_REPRESENTATION_CONTEXT(2) 
PARAMETRIC_REPRESENTATION_CONTEXT() REPRESENTATION_CONTEXT('2D SPACE',''
  ) );
#8317 = PCURVE('',#7195,#8318);
#8318 = DEFINITIONAL_REPRESENTATION('',(#8319),#8323);
#8319 = LINE('',#8320,#8321);
#8320 = CARTESIAN_POINT('',(84.102540481248,-54.33012685978));
#8321 = VECTOR('',#8322,1.);
#8322 = DIRECTION('',(-0.866025404731,0.499999998361));
#8323 = ( GEOMETRIC_REPRESENTATION_CONTEXT(2) 
PARAMETRIC_REPRESENTATION_CONTEXT() REPRESENTATION_CONTEXT('2D SPACE',''
  ) );
#8324 = ORIENTED_EDGE('',*,*,#8280,.T.);
#8325 = ADVANCED_FACE('',(#8326),#6694,.F.);
#8326 = FACE_BOUND('',#8327,.T.);
#8327 = EDGE_LOOP('',(#8328,#8329,#8352,#8378));
#8328 = ORIENTED_EDGE('',*,*,#6673,.T.);
#8329 = ORIENTED_EDGE('',*,*,#8330,.T.);
#8330 = EDGE_CURVE('',#6674,#8331,#8333,.T.);
#8331 = VERTEX_POINT('',#8332);
#8332 = CARTESIAN_POINT('',(-68.6,-43.641016,36.));
#8333 = SEAM_CURVE('',#8334,(#8338,#8345),.PCURVE_S1.);
#8334 = LINE('',#8335,#8336);
#8335 = CARTESIAN_POINT('',(-68.6,-43.641016,29.9));
#8336 = VECTOR('',#8337,1.);
#8337 = DIRECTION('',(0.,0.,1.));
#8338 = PCURVE('',#6694,#8339);
#8339 = DEFINITIONAL_REPRESENTATION('',(#8340),#8344);
#8340 = LINE('',#8341,#8342);
#8341 = CARTESIAN_POINT('',(-6.28318530718,0.));
#8342 = VECTOR('',#8343,1.);
#8343 = DIRECTION('',(-0.,-1.));
#8344 = ( GEOMETRIC_REPRESENTATION_CONTEXT(2) 
PARAMETRIC_REPRESENTATION_CONTEXT() REPRESENTATION_CONTEXT('2D SPACE',''
  ) );
#8345 = PCURVE('',#6694,#8346);
#8346 = DEFINITIONAL_REPRESENTATION('',(#8347),#8351);
#8347 = LINE('',#8348,#8349);
#8348 = CARTESIAN_POINT('',(-0.,0.));
#8349 = VECTOR('',#8350,1.);
#8350 = DIRECTION('',(-0.,-1.));
#8351 = ( GEOMETRIC_REPRESENTATION_CONTEXT(2) 
PARAMETRIC_REPRESENTATION_CONTEXT() REPRESENTATION_CONTEXT('2D SPACE',''
  ) );
#8352 = ORIENTED_EDGE('',*,*,#8353,.F.);
#8353 = EDGE_CURVE('',#8331,#8331,#8354,.T.);
#8354 = SURFACE_CURVE('',#8355,(#8360,#8367),.PCURVE_S1.);
#8355 = CIRCLE('',#8356,1.4);
#8356 = AXIS2_PLACEMENT_3D('',#8357,#8358,#8359);
#8357 = CARTESIAN_POINT('',(-70.,-43.641016,36.));
#8358 = DIRECTION('',(0.,0.,-1.));
#8359 = DIRECTION('',(1.,0.,0.));
#8360 = PCURVE('',#6694,#8361);
#8361 = DEFINITIONAL_REPRESENTATION('',(#8362),#8366);
#8362 = LINE('',#8363,#8364);
#8363 = CARTESIAN_POINT('',(-6.28318530718,-6.1));
#8364 = VECTOR('',#8365,1.);
#8365 = DIRECTION('',(1.,-0.));
#8366 = ( GEOMETRIC_REPRESENTATION_CONTEXT(2) 
PARAMETRIC_REPRESENTATION_CONTEXT() REPRESENTATION_CONTEXT('2D SPACE',''
  ) );
#8367 = PCURVE('',#7195,#8368);
#8368 = DEFINITIONAL_REPRESENTATION('',(#8369),#8377);
#8369 = ( BOUNDED_CURVE() B_SPLINE_CURVE(2,(#8370,#8371,#8372,#8373,
#8374,#8375,#8376),.UNSPECIFIED.,.T.,.F.) B_SPLINE_CURVE_WITH_KNOTS((1,2
    ,2,2,2,1),(-2.094395102393,0.,2.094395102393,4.188790204786,
6.28318530718,8.377580409573),.UNSPECIFIED.) CURVE() 
GEOMETRIC_REPRESENTATION_ITEM() RATIONAL_B_SPLINE_CURVE((1.,0.5,1.,0.5,
1.,0.5,1.)) REPRESENTATION_ITEM('') );
#8370 = CARTESIAN_POINT('',(-68.6,-43.641016));
#8371 = CARTESIAN_POINT('',(-68.6,-46.06588713059));
#8372 = CARTESIAN_POINT('',(-70.7,-44.85345156529));
#8373 = CARTESIAN_POINT('',(-72.8,-43.641016));
#8374 = CARTESIAN_POINT('',(-70.7,-42.4285804347));
#8375 = CARTESIAN_POINT('',(-68.6,-41.2161448694));
#8376 = CARTESIAN_POINT('',(-68.6,-43.641016));
#8377 = ( GEOMETRIC_REPRESENTATION_CONTEXT(2) 
PARAMETRIC_REPRESENTATION_CONTEXT() REPRESENTATION_CONTEXT('2D SPACE',''
  ) );
#8378 = ORIENTED_EDGE('',*,*,#8330,.F.);
#8379 = ADVANCED_FACE('',(#8380),#6729,.F.);
#8380 = FACE_BOUND('',#8381,.T.);
#8381 = EDGE_LOOP('',(#8382,#8383,#8406,#8432));
#8382 = ORIENTED_EDGE('',*,*,#6708,.T.);
#8383 = ORIENTED_EDGE('',*,*,#8384,.T.);
#8384 = EDGE_CURVE('',#6709,#8385,#8387,.T.);
#8385 = VERTEX_POINT('',#8386);
#8386 = CARTESIAN_POINT('',(-48.6,-43.641016,36.));
#8387 = SEAM_CURVE('',#8388,(#8392,#8399),.PCURVE_S1.);
#8388 = LINE('',#8389,#8390);
#8389 = CARTESIAN_POINT('',(-48.6,-43.641016,29.9));
#8390 = VECTOR('',#8391,1.);
#8391 = DIRECTION('',(0.,0.,1.));
#8392 = PCURVE('',#6729,#8393);
#8393 = DEFINITIONAL_REPRESENTATION('',(#8394),#8398);
#8394 = LINE('',#8395,#8396);
#8395 = CARTESIAN_POINT('',(-6.28318530718,0.));
#8396 = VECTOR('',#8397,1.);
#8397 = DIRECTION('',(-0.,-1.));
#8398 = ( GEOMETRIC_REPRESENTATION_CONTEXT(2) 
PARAMETRIC_REPRESENTATION_CONTEXT() REPRESENTATION_CONTEXT('2D SPACE',''
  ) );
#8399 = PCURVE('',#6729,#8400);
#8400 = DEFINITIONAL_REPRESENTATION('',(#8401),#8405);
#8401 = LINE('',#8402,#8403);
#8402 = CARTESIAN_POINT('',(-0.,0.));
#8403 = VECTOR('',#8404,1.);
#8404 = DIRECTION('',(-0.,-1.));
#8405 = ( GEOMETRIC_REPRESENTATION_CONTEXT(2) 
PARAMETRIC_REPRESENTATION_CONTEXT() REPRESENTATION_CONTEXT('2D SPACE',''
  ) );
#8406 = ORIENTED_EDGE('',*,*,#8407,.F.);
#8407 = EDGE_CURVE('',#8385,#8385,#8408,.T.);
#8408 = SURFACE_CURVE('',#8409,(#8414,#8421),.PCURVE_S1.);
#8409 = CIRCLE('',#8410,1.4);
#8410 = AXIS2_PLACEMENT_3D('',#8411,#8412,#8413);
#8411 = CARTESIAN_POINT('',(-50.,-43.641016,36.));
#8412 = DIRECTION('',(0.,0.,-1.));
#8413 = DIRECTION('',(1.,0.,0.));
#8414 = PCURVE('',#6729,#8415);
#8415 = DEFINITIONAL_REPRESENTATION('',(#8416),#8420);
#8416 = LINE('',#8417,#8418);
#8417 = CARTESIAN_POINT('',(-6.28318530718,-6.1));
#8418 = VECTOR('',#8419,1.);
#8419 = DIRECTION('',(1.,-0.));
#8420 = ( GEOMETRIC_REPRESENTATION_CONTEXT(2) 
PARAMETRIC_REPRESENTATION_CONTEXT() REPRESENTATION_CONTEXT('2D SPACE',''
  ) );
#8421 = PCURVE('',#7195,#8422);
#8422 = DEFINITIONAL_REPRESENTATION('',(#8423),#8431);
#8423 = ( BOUNDED_CURVE() B_SPLINE_CURVE(2,(#8424,#8425,#8426,#8427,
#8428,#8429,#8430),.UNSPECIFIED.,.T.,.F.) B_SPLINE_CURVE_WITH_KNOTS((1,2
    ,2,2,2,1),(-2.094395102393,0.,2.094395102393,4.188790204786,
6.28318530718,8.377580409573),.UNSPECIFIED.) CURVE() 
GEOMETRIC_REPRESENTATION_ITEM() RATIONAL_B_SPLINE_CURVE((1.,0.5,1.,0.5,
1.,0.5,1.)) REPRESENTATION_ITEM('') );
#8424 = CARTESIAN_POINT('',(-48.6,-43.641016));
#8425 = CARTESIAN_POINT('',(-48.6,-46.06588713059));
#8426 = CARTESIAN_POINT('',(-50.7,-44.85345156529));
#8427 = CARTESIAN_POINT('',(-52.8,-43.641016));
#8428 = CARTESIAN_POINT('',(-50.7,-42.4285804347));
#8429 = CARTESIAN_POINT('',(-48.6,-41.2161448694));
#8430 = CARTESIAN_POINT('',(-48.6,-43.641016));
#8431 = ( GEOMETRIC_REPRESENTATION_CONTEXT(2) 
PARAMETRIC_REPRESENTATION_CONTEXT() REPRESENTATION_CONTEXT('2D SPACE',''
  ) );
#8432 = ORIENTED_EDGE('',*,*,#8384,.F.);
#8433 = ADVANCED_FACE('',(#8434),#6764,.F.);
#8434 = FACE_BOUND('',#8435,.T.);
#8435 = EDGE_LOOP('',(#8436,#8437,#8460,#8486));
#8436 = ORIENTED_EDGE('',*,*,#6743,.T.);
#8437 = ORIENTED_EDGE('',*,*,#8438,.T.);
#8438 = EDGE_CURVE('',#6744,#8439,#8441,.T.);
#8439 = VERTEX_POINT('',#8440);
#8440 = CARTESIAN_POINT('',(51.4,-43.641016,36.));
#8441 = SEAM_CURVE('',#8442,(#8446,#8453),.PCURVE_S1.);
#8442 = LINE('',#8443,#8444);
#8443 = CARTESIAN_POINT('',(51.4,-43.641016,29.9));
#8444 = VECTOR('',#8445,1.);
#8445 = DIRECTION('',(0.,0.,1.));
#8446 = PCURVE('',#6764,#8447);
#8447 = DEFINITIONAL_REPRESENTATION('',(#8448),#8452);
#8448 = LINE('',#8449,#8450);
#8449 = CARTESIAN_POINT('',(-6.28318530718,0.));
#8450 = VECTOR('',#8451,1.);
#8451 = DIRECTION('',(-0.,-1.));
#8452 = ( GEOMETRIC_REPRESENTATION_CONTEXT(2) 
PARAMETRIC_REPRESENTATION_CONTEXT() REPRESENTATION_CONTEXT('2D SPACE',''
  ) );
#8453 = PCURVE('',#6764,#8454);
#8454 = DEFINITIONAL_REPRESENTATION('',(#8455),#8459);
#8455 = LINE('',#8456,#8457);
#8456 = CARTESIAN_POINT('',(-0.,0.));
#8457 = VECTOR('',#8458,1.);
#8458 = DIRECTION('',(-0.,-1.));
#8459 = ( GEOMETRIC_REPRESENTATION_CONTEXT(2) 
PARAMETRIC_REPRESENTATION_CONTEXT() REPRESENTATION_CONTEXT('2D SPACE',''
  ) );
#8460 = ORIENTED_EDGE('',*,*,#8461,.F.);
#8461 = EDGE_CURVE('',#8439,#8439,#8462,.T.);
#8462 = SURFACE_CURVE('',#8463,(#8468,#8475),.PCURVE_S1.);
#8463 = CIRCLE('',#8464,1.4);
#8464 = AXIS2_PLACEMENT_3D('',#8465,#8466,#8467);
#8465 = CARTESIAN_POINT('',(50.,-43.641016,36.));
#8466 = DIRECTION('',(0.,0.,-1.));
#8467 = DIRECTION('',(1.,0.,0.));
#8468 = PCURVE('',#6764,#8469);
#8469 = DEFINITIONAL_REPRESENTATION('',(#8470),#8474);
#8470 = LINE('',#8471,#8472);
#8471 = CARTESIAN_POINT('',(-6.28318530718,-6.1));
#8472 = VECTOR('',#8473,1.);
#8473 = DIRECTION('',(1.,-0.));
#8474 = ( GEOMETRIC_REPRESENTATION_CONTEXT(2) 
PARAMETRIC_REPRESENTATION_CONTEXT() REPRESENTATION_CONTEXT('2D SPACE',''
  ) );
#8475 = PCURVE('',#7195,#8476);
#8476 = DEFINITIONAL_REPRESENTATION('',(#8477),#8485);
#8477 = ( BOUNDED_CURVE() B_SPLINE_CURVE(2,(#8478,#8479,#8480,#8481,
#8482,#8483,#8484),.UNSPECIFIED.,.T.,.F.) B_SPLINE_CURVE_WITH_KNOTS((1,2
    ,2,2,2,1),(-2.094395102393,0.,2.094395102393,4.188790204786,
6.28318530718,8.377580409573),.UNSPECIFIED.) CURVE() 
GEOMETRIC_REPRESENTATION_ITEM() RATIONAL_B_SPLINE_CURVE((1.,0.5,1.,0.5,
1.,0.5,1.)) REPRESENTATION_ITEM('') );
#8478 = CARTESIAN_POINT('',(51.4,-43.641016));
#8479 = CARTESIAN_POINT('',(51.4,-46.06588713059));
#8480 = CARTESIAN_POINT('',(49.3,-44.85345156529));
#8481 = CARTESIAN_POINT('',(47.2,-43.641016));
#8482 = CARTESIAN_POINT('',(49.3,-42.4285804347));
#8483 = CARTESIAN_POINT('',(51.4,-41.2161448694));
#8484 = CARTESIAN_POINT('',(51.4,-43.641016));
#8485 = ( GEOMETRIC_REPRESENTATION_CONTEXT(2) 
PARAMETRIC_REPRESENTATION_CONTEXT() REPRESENTATION_CONTEXT('2D SPACE',''
  ) );
#8486 = ORIENTED_EDGE('',*,*,#8438,.F.);
#8487 = ADVANCED_FACE('',(#8488),#6799,.F.);
#8488 = FACE_BOUND('',#8489,.T.);
#8489 = EDGE_LOOP('',(#8490,#8491,#8514,#8540));
#8490 = ORIENTED_EDGE('',*,*,#6778,.T.);
#8491 = ORIENTED_EDGE('',*,*,#8492,.T.);
#8492 = EDGE_CURVE('',#6779,#8493,#8495,.T.);
#8493 = VERTEX_POINT('',#8494);
#8494 = CARTESIAN_POINT('',(71.4,-43.641016,36.));
#8495 = SEAM_CURVE('',#8496,(#8500,#8507),.PCURVE_S1.);
#8496 = LINE('',#8497,#8498);
#8497 = CARTESIAN_POINT('',(71.4,-43.641016,29.9));
#8498 = VECTOR('',#8499,1.);
#8499 = DIRECTION('',(0.,0.,1.));
#8500 = PCURVE('',#6799,#8501);
#8501 = DEFINITIONAL_REPRESENTATION('',(#8502),#8506);
#8502 = LINE('',#8503,#8504);
#8503 = CARTESIAN_POINT('',(-6.28318530718,0.));
#8504 = VECTOR('',#8505,1.);
#8505 = DIRECTION('',(-0.,-1.));
#8506 = ( GEOMETRIC_REPRESENTATION_CONTEXT(2) 
PARAMETRIC_REPRESENTATION_CONTEXT() REPRESENTATION_CONTEXT('2D SPACE',''
  ) );
#8507 = PCURVE('',#6799,#8508);
#8508 = DEFINITIONAL_REPRESENTATION('',(#8509),#8513);
#8509 = LINE('',#8510,#8511);
#8510 = CARTESIAN_POINT('',(-0.,0.));
#8511 = VECTOR('',#8512,1.);
#8512 = DIRECTION('',(-0.,-1.));
#8513 = ( GEOMETRIC_REPRESENTATION_CONTEXT(2) 
PARAMETRIC_REPRESENTATION_CONTEXT() REPRESENTATION_CONTEXT('2D SPACE',''
  ) );
#8514 = ORIENTED_EDGE('',*,*,#8515,.F.);
#8515 = EDGE_CURVE('',#8493,#8493,#8516,.T.);
#8516 = SURFACE_CURVE('',#8517,(#8522,#8529),.PCURVE_S1.);
#8517 = CIRCLE('',#8518,1.4);
#8518 = AXIS2_PLACEMENT_3D('',#8519,#8520,#8521);
#8519 = CARTESIAN_POINT('',(70.,-43.641016,36.));
#8520 = DIRECTION('',(0.,0.,-1.));
#8521 = DIRECTION('',(1.,0.,0.));
#8522 = PCURVE('',#6799,#8523);
#8523 = DEFINITIONAL_REPRESENTATION('',(#8524),#8528);
#8524 = LINE('',#8525,#8526);
#8525 = CARTESIAN_POINT('',(-6.28318530718,-6.1));
#8526 = VECTOR('',#8527,1.);
#8527 = DIRECTION('',(1.,-0.));
#8528 = ( GEOMETRIC_REPRESENTATION_CONTEXT(2) 
PARAMETRIC_REPRESENTATION_CONTEXT() REPRESENTATION_CONTEXT('2D SPACE',''
  ) );
#8529 = PCURVE('',#7195,#8530);
#8530 = DEFINITIONAL_REPRESENTATION('',(#8531),#8539);
#8531 = ( BOUNDED_CURVE() B_SPLINE_CURVE(2,(#8532,#8533,#8534,#8535,
#8536,#8537,#8538),.UNSPECIFIED.,.T.,.F.) B_SPLINE_CURVE_WITH_KNOTS((1,2
    ,2,2,2,1),(-2.094395102393,0.,2.094395102393,4.188790204786,
6.28318530718,8.377580409573),.UNSPECIFIED.) CURVE() 
GEOMETRIC_REPRESENTATION_ITEM() RATIONAL_B_SPLINE_CURVE((1.,0.5,1.,0.5,
1.,0.5,1.)) REPRESENTATION_ITEM('') );
#8532 = CARTESIAN_POINT('',(71.4,-43.641016));
#8533 = CARTESIAN_POINT('',(71.4,-46.06588713059));
#8534 = CARTESIAN_POINT('',(69.3,-44.85345156529));
#8535 = CARTESIAN_POINT('',(67.2,-43.641016));
#8536 = CARTESIAN_POINT('',(69.3,-42.4285804347));
#8537 = CARTESIAN_POINT('',(71.4,-41.2161448694));
#8538 = CARTESIAN_POINT('',(71.4,-43.641016));
#8539 = ( GEOMETRIC_REPRESENTATION_CONTEXT(2) 
PARAMETRIC_REPRESENTATION_CONTEXT() REPRESENTATION_CONTEXT('2D SPACE',''
  ) );
#8540 = ORIENTED_EDGE('',*,*,#8492,.F.);
#8541 = ADVANCED_FACE('',(#8542),#6834,.F.);
#8542 = FACE_BOUND('',#8543,.T.);
#8543 = EDGE_LOOP('',(#8544,#8545,#8568,#8594));
#8544 = ORIENTED_EDGE('',*,*,#6813,.T.);
#8545 = ORIENTED_EDGE('',*,*,#8546,.T.);
#8546 = EDGE_CURVE('',#6814,#8547,#8549,.T.);
#8547 = VERTEX_POINT('',#8548);
#8548 = CARTESIAN_POINT('',(8.1,0.,36.));
#8549 = SEAM_CURVE('',#8550,(#8554,#8561),.PCURVE_S1.);
#8550 = LINE('',#8551,#8552);
#8551 = CARTESIAN_POINT('',(8.1,0.,29.9));
#8552 = VECTOR('',#8553,1.);
#8553 = DIRECTION('',(0.,0.,1.));
#8554 = PCURVE('',#6834,#8555);
#8555 = DEFINITIONAL_REPRESENTATION('',(#8556),#8560);
#8556 = LINE('',#8557,#8558);
#8557 = CARTESIAN_POINT('',(-6.28318530718,0.));
#8558 = VECTOR('',#8559,1.);
#8559 = DIRECTION('',(-0.,-1.));
#8560 = ( GEOMETRIC_REPRESENTATION_CONTEXT(2) 
PARAMETRIC_REPRESENTATION_CONTEXT() REPRESENTATION_CONTEXT('2D SPACE',''
  ) );
#8561 = PCURVE('',#6834,#8562);
#8562 = DEFINITIONAL_REPRESENTATION('',(#8563),#8567);
#8563 = LINE('',#8564,#8565);
#8564 = CARTESIAN_POINT('',(-0.,0.));
#8565 = VECTOR('',#8566,1.);
#8566 = DIRECTION('',(-0.,-1.));
#8567 = ( GEOMETRIC_REPRESENTATION_CONTEXT(2) 
PARAMETRIC_REPRESENTATION_CONTEXT() REPRESENTATION_CONTEXT('2D SPACE',''
  ) );
#8568 = ORIENTED_EDGE('',*,*,#8569,.F.);
#8569 = EDGE_CURVE('',#8547,#8547,#8570,.T.);
#8570 = SURFACE_CURVE('',#8571,(#8576,#8583),.PCURVE_S1.);
#8571 = CIRCLE('',#8572,8.1);
#8572 = AXIS2_PLACEMENT_3D('',#8573,#8574,#8575);
#8573 = CARTESIAN_POINT('',(0.,0.,36.));
#8574 = DIRECTION('',(0.,0.,-1.));
#8575 = DIRECTION('',(1.,0.,0.));
#8576 = PCURVE('',#6834,#8577);
#8577 = DEFINITIONAL_REPRESENTATION('',(#8578),#8582);
#8578 = LINE('',#8579,#8580);
#8579 = CARTESIAN_POINT('',(-6.28318530718,-6.1));
#8580 = VECTOR('',#8581,1.);
#8581 = DIRECTION('',(1.,-0.));
#8582 = ( GEOMETRIC_REPRESENTATION_CONTEXT(2) 
PARAMETRIC_REPRESENTATION_CONTEXT() REPRESENTATION_CONTEXT('2D SPACE',''
  ) );
#8583 = PCURVE('',#7195,#8584);
#8584 = DEFINITIONAL_REPRESENTATION('',(#8585),#8593);
#8585 = ( BOUNDED_CURVE() B_SPLINE_CURVE(2,(#8586,#8587,#8588,#8589,
#8590,#8591,#8592),.UNSPECIFIED.,.T.,.F.) B_SPLINE_CURVE_WITH_KNOTS((1,2
    ,2,2,2,1),(-2.094395102393,0.,2.094395102393,4.188790204786,
6.28318530718,8.377580409573),.UNSPECIFIED.) CURVE() 
GEOMETRIC_REPRESENTATION_ITEM() RATIONAL_B_SPLINE_CURVE((1.,0.5,1.,0.5,
1.,0.5,1.)) REPRESENTATION_ITEM('') );
#8586 = CARTESIAN_POINT('',(8.1,7.347880794884E-16));
#8587 = CARTESIAN_POINT('',(8.1,-14.0296115413));
#8588 = CARTESIAN_POINT('',(-4.05,-7.014805770654));
#8589 = CARTESIAN_POINT('',(-16.2,-1.24913973513E-15));
#8590 = CARTESIAN_POINT('',(-4.05,7.014805770654));
#8591 = CARTESIAN_POINT('',(8.1,14.029611541308));
#8592 = CARTESIAN_POINT('',(8.1,7.347880794884E-16));
#8593 = ( GEOMETRIC_REPRESENTATION_CONTEXT(2) 
PARAMETRIC_REPRESENTATION_CONTEXT() REPRESENTATION_CONTEXT('2D SPACE',''
  ) );
#8594 = ORIENTED_EDGE('',*,*,#8546,.F.);
#8595 = ADVANCED_FACE('',(#8596),#6869,.F.);
#8596 = FACE_BOUND('',#8597,.T.);
#8597 = EDGE_LOOP('',(#8598,#8599,#8622,#8648));
#8598 = ORIENTED_EDGE('',*,*,#6848,.T.);
#8599 = ORIENTED_EDGE('',*,*,#8600,.T.);
#8600 = EDGE_CURVE('',#6849,#8601,#8603,.T.);
#8601 = VERTEX_POINT('',#8602);
#8602 = CARTESIAN_POINT('',(-8.6,60.282032,36.));
#8603 = SEAM_CURVE('',#8604,(#8608,#8615),.PCURVE_S1.);
#8604 = LINE('',#8605,#8606);
#8605 = CARTESIAN_POINT('',(-8.6,60.282032,29.9));
#8606 = VECTOR('',#8607,1.);
#8607 = DIRECTION('',(0.,0.,1.));
#8608 = PCURVE('',#6869,#8609);
#8609 = DEFINITIONAL_REPRESENTATION('',(#8610),#8614);
#8610 = LINE('',#8611,#8612);
#8611 = CARTESIAN_POINT('',(-6.28318530718,0.));
#8612 = VECTOR('',#8613,1.);
#8613 = DIRECTION('',(-0.,-1.));
#8614 = ( GEOMETRIC_REPRESENTATION_CONTEXT(2) 
PARAMETRIC_REPRESENTATION_CONTEXT() REPRESENTATION_CONTEXT('2D SPACE',''
  ) );
#8615 = PCURVE('',#6869,#8616);
#8616 = DEFINITIONAL_REPRESENTATION('',(#8617),#8621);
#8617 = LINE('',#8618,#8619);
#8618 = CARTESIAN_POINT('',(-0.,0.));
#8619 = VECTOR('',#8620,1.);
#8620 = DIRECTION('',(-0.,-1.));
#8621 = ( GEOMETRIC_REPRESENTATION_CONTEXT(2) 
PARAMETRIC_REPRESENTATION_CONTEXT() REPRESENTATION_CONTEXT('2D SPACE',''
  ) );
#8622 = ORIENTED_EDGE('',*,*,#8623,.F.);
#8623 = EDGE_CURVE('',#8601,#8601,#8624,.T.);
#8624 = SURFACE_CURVE('',#8625,(#8630,#8637),.PCURVE_S1.);
#8625 = CIRCLE('',#8626,1.4);
#8626 = AXIS2_PLACEMENT_3D('',#8627,#8628,#8629);
#8627 = CARTESIAN_POINT('',(-10.,60.282032,36.));
#8628 = DIRECTION('',(0.,0.,-1.));
#8629 = DIRECTION('',(1.,0.,0.));
#8630 = PCURVE('',#6869,#8631);
#8631 = DEFINITIONAL_REPRESENTATION('',(#8632),#8636);
#8632 = LINE('',#8633,#8634);
#8633 = CARTESIAN_POINT('',(-6.28318530718,-6.1));
#8634 = VECTOR('',#8635,1.);
#8635 = DIRECTION('',(1.,-0.));
#8636 = ( GEOMETRIC_REPRESENTATION_CONTEXT(2) 
PARAMETRIC_REPRESENTATION_CONTEXT() REPRESENTATION_CONTEXT('2D SPACE',''
  ) );
#8637 = PCURVE('',#7195,#8638);
#8638 = DEFINITIONAL_REPRESENTATION('',(#8639),#8647);
#8639 = ( BOUNDED_CURVE() B_SPLINE_CURVE(2,(#8640,#8641,#8642,#8643,
#8644,#8645,#8646),.UNSPECIFIED.,.T.,.F.) B_SPLINE_CURVE_WITH_KNOTS((1,2
    ,2,2,2,1),(-2.094395102393,0.,2.094395102393,4.188790204786,
6.28318530718,8.377580409573),.UNSPECIFIED.) CURVE() 
GEOMETRIC_REPRESENTATION_ITEM() RATIONAL_B_SPLINE_CURVE((1.,0.5,1.,0.5,
1.,0.5,1.)) REPRESENTATION_ITEM('') );
#8640 = CARTESIAN_POINT('',(-8.6,60.282032));
#8641 = CARTESIAN_POINT('',(-8.6,57.857160869404));
#8642 = CARTESIAN_POINT('',(-10.7,59.069596434702));
#8643 = CARTESIAN_POINT('',(-12.8,60.282032));
#8644 = CARTESIAN_POINT('',(-10.7,61.494467565298));
#8645 = CARTESIAN_POINT('',(-8.6,62.706903130596));
#8646 = CARTESIAN_POINT('',(-8.6,60.282032));
#8647 = ( GEOMETRIC_REPRESENTATION_CONTEXT(2) 
PARAMETRIC_REPRESENTATION_CONTEXT() REPRESENTATION_CONTEXT('2D SPACE',''
  ) );
#8648 = ORIENTED_EDGE('',*,*,#8600,.F.);
#8649 = ADVANCED_FACE('',(#8650),#6904,.F.);
#8650 = FACE_BOUND('',#8651,.T.);
#8651 = EDGE_LOOP('',(#8652,#8653,#8676,#8702));
#8652 = ORIENTED_EDGE('',*,*,#6883,.T.);
#8653 = ORIENTED_EDGE('',*,*,#8654,.T.);
#8654 = EDGE_CURVE('',#6884,#8655,#8657,.T.);
#8655 = VERTEX_POINT('',#8656);
#8656 = CARTESIAN_POINT('',(11.4,60.282032,36.));
#8657 = SEAM_CURVE('',#8658,(#8662,#8669),.PCURVE_S1.);
#8658 = LINE('',#8659,#8660);
#8659 = CARTESIAN_POINT('',(11.4,60.282032,29.9));
#8660 = VECTOR('',#8661,1.);
#8661 = DIRECTION('',(0.,0.,1.));
#8662 = PCURVE('',#6904,#8663);
#8663 = DEFINITIONAL_REPRESENTATION('',(#8664),#8668);
#8664 = LINE('',#8665,#8666);
#8665 = CARTESIAN_POINT('',(-6.28318530718,0.));
#8666 = VECTOR('',#8667,1.);
#8667 = DIRECTION('',(-0.,-1.));
#8668 = ( GEOMETRIC_REPRESENTATION_CONTEXT(2) 
PARAMETRIC_REPRESENTATION_CONTEXT() REPRESENTATION_CONTEXT('2D SPACE',''
  ) );
#8669 = PCURVE('',#6904,#8670);
#8670 = DEFINITIONAL_REPRESENTATION('',(#8671),#8675);
#8671 = LINE('',#8672,#8673);
#8672 = CARTESIAN_POINT('',(-0.,0.));
#8673 = VECTOR('',#8674,1.);
#8674 = DIRECTION('',(-0.,-1.));
#8675 = ( GEOMETRIC_REPRESENTATION_CONTEXT(2) 
PARAMETRIC_REPRESENTATION_CONTEXT() REPRESENTATION_CONTEXT('2D SPACE',''
  ) );
#8676 = ORIENTED_EDGE('',*,*,#8677,.F.);
#8677 = EDGE_CURVE('',#8655,#8655,#8678,.T.);
#8678 = SURFACE_CURVE('',#8679,(#8684,#8691),.PCURVE_S1.);
#8679 = CIRCLE('',#8680,1.4);
#8680 = AXIS2_PLACEMENT_3D('',#8681,#8682,#8683);
#8681 = CARTESIAN_POINT('',(10.,60.282032,36.));
#8682 = DIRECTION('',(0.,0.,-1.));
#8683 = DIRECTION('',(1.,0.,0.));
#8684 = PCURVE('',#6904,#8685);
#8685 = DEFINITIONAL_REPRESENTATION('',(#8686),#8690);
#8686 = LINE('',#8687,#8688);
#8687 = CARTESIAN_POINT('',(-6.28318530718,-6.1));
#8688 = VECTOR('',#8689,1.);
#8689 = DIRECTION('',(1.,-0.));
#8690 = ( GEOMETRIC_REPRESENTATION_CONTEXT(2) 
PARAMETRIC_REPRESENTATION_CONTEXT() REPRESENTATION_CONTEXT('2D SPACE',''
  ) );
#8691 = PCURVE('',#7195,#8692);
#8692 = DEFINITIONAL_REPRESENTATION('',(#8693),#8701);
#8693 = ( BOUNDED_CURVE() B_SPLINE_CURVE(2,(#8694,#8695,#8696,#8697,
#8698,#8699,#8700),.UNSPECIFIED.,.T.,.F.) B_SPLINE_CURVE_WITH_KNOTS((1,2
    ,2,2,2,1),(-2.094395102393,0.,2.094395102393,4.188790204786,
6.28318530718,8.377580409573),.UNSPECIFIED.) CURVE() 
GEOMETRIC_REPRESENTATION_ITEM() RATIONAL_B_SPLINE_CURVE((1.,0.5,1.,0.5,
1.,0.5,1.)) REPRESENTATION_ITEM('') );
#8694 = CARTESIAN_POINT('',(11.4,60.282032));
#8695 = CARTESIAN_POINT('',(11.4,57.857160869404));
#8696 = CARTESIAN_POINT('',(9.3,59.069596434702));
#8697 = CARTESIAN_POINT('',(7.2,60.282032));
#8698 = CARTESIAN_POINT('',(9.3,61.494467565298));
#8699 = CARTESIAN_POINT('',(11.4,62.706903130596));
#8700 = CARTESIAN_POINT('',(11.4,60.282032));
#8701 = ( GEOMETRIC_REPRESENTATION_CONTEXT(2) 
PARAMETRIC_REPRESENTATION_CONTEXT() REPRESENTATION_CONTEXT('2D SPACE',''
  ) );
#8702 = ORIENTED_EDGE('',*,*,#8654,.F.);
#8703 = ADVANCED_FACE('',(#8704),#7020,.T.);
#8704 = FACE_BOUND('',#8705,.F.);
#8705 = EDGE_LOOP('',(#8706,#8727,#8728,#8729));
#8706 = ORIENTED_EDGE('',*,*,#8707,.T.);
#8707 = EDGE_CURVE('',#7004,#7104,#8708,.T.);
#8708 = SEAM_CURVE('',#8709,(#8713,#8720),.PCURVE_S1.);
#8709 = LINE('',#8710,#8711);
#8710 = CARTESIAN_POINT('',(30.,0.,6.));
#8711 = VECTOR('',#8712,1.);
#8712 = DIRECTION('',(0.,0.,1.));
#8713 = PCURVE('',#7020,#8714);
#8714 = DEFINITIONAL_REPRESENTATION('',(#8715),#8719);
#8715 = LINE('',#8716,#8717);
#8716 = CARTESIAN_POINT('',(-0.,0.));
#8717 = VECTOR('',#8718,1.);
#8718 = DIRECTION('',(-0.,-1.));
#8719 = ( GEOMETRIC_REPRESENTATION_CONTEXT(2) 
PARAMETRIC_REPRESENTATION_CONTEXT() REPRESENTATION_CONTEXT('2D SPACE',''
  ) );
#8720 = PCURVE('',#7020,#8721);
#8721 = DEFINITIONAL_REPRESENTATION('',(#8722),#8726);
#8722 = LINE('',#8723,#8724);
#8723 = CARTESIAN_POINT('',(-6.28318530718,0.));
#8724 = VECTOR('',#8725,1.);
#8725 = DIRECTION('',(-0.,-1.));
#8726 = ( GEOMETRIC_REPRESENTATION_CONTEXT(2) 
PARAMETRIC_REPRESENTATION_CONTEXT() REPRESENTATION_CONTEXT('2D SPACE',''
  ) );
#8727 = ORIENTED_EDGE('',*,*,#7103,.T.);
#8728 = ORIENTED_EDGE('',*,*,#8707,.F.);
#8729 = ORIENTED_EDGE('',*,*,#7003,.F.);
#8730 = ADVANCED_FACE('',(#8731,#8757,#8760,#8763,#8766,#8769,#8772,
    #8775),#7195,.T.);
#8731 = FACE_BOUND('',#8732,.T.);
#8732 = EDGE_LOOP('',(#8733,#8734,#8735,#8736,#8737,#8738,#8739,#8740,
    #8741,#8742,#8743,#8744,#8745,#8746,#8747,#8748,#8749,#8750,#8751,
    #8752,#8753,#8754,#8755,#8756));
#8733 = ORIENTED_EDGE('',*,*,#7835,.F.);
#8734 = ORIENTED_EDGE('',*,*,#7721,.F.);
#8735 = ORIENTED_EDGE('',*,*,#7671,.T.);
#8736 = ORIENTED_EDGE('',*,*,#7626,.F.);
#8737 = ORIENTED_EDGE('',*,*,#7474,.F.);
#8738 = ORIENTED_EDGE('',*,*,#7378,.F.);
#8739 = ORIENTED_EDGE('',*,*,#7303,.T.);
#8740 = ORIENTED_EDGE('',*,*,#7179,.F.);
#8741 = ORIENTED_EDGE('',*,*,#7231,.F.);
#8742 = ORIENTED_EDGE('',*,*,#7351,.F.);
#8743 = ORIENTED_EDGE('',*,*,#7427,.T.);
#8744 = ORIENTED_EDGE('',*,*,#7548,.F.);
#8745 = ORIENTED_EDGE('',*,*,#7596,.F.);
#8746 = ORIENTED_EDGE('',*,*,#7788,.F.);
#8747 = ORIENTED_EDGE('',*,*,#7867,.T.);
#8748 = ORIENTED_EDGE('',*,*,#7982,.F.);
#8749 = ORIENTED_EDGE('',*,*,#8057,.F.);
#8750 = ORIENTED_EDGE('',*,*,#8178,.F.);
#8751 = ORIENTED_EDGE('',*,*,#8256,.T.);
#8752 = ORIENTED_EDGE('',*,*,#8304,.F.);
#8753 = ORIENTED_EDGE('',*,*,#8204,.F.);
#8754 = ORIENTED_EDGE('',*,*,#8109,.F.);
#8755 = ORIENTED_EDGE('',*,*,#8029,.T.);
#8756 = ORIENTED_EDGE('',*,*,#7915,.F.);
#8757 = FACE_BOUND('',#8758,.T.);
#8758 = EDGE_LOOP('',(#8759));
#8759 = ORIENTED_EDGE('',*,*,#8353,.T.);
#8760 = FACE_BOUND('',#8761,.T.);
#8761 = EDGE_LOOP('',(#8762));
#8762 = ORIENTED_EDGE('',*,*,#8407,.T.);
#8763 = FACE_BOUND('',#8764,.T.);
#8764 = EDGE_LOOP('',(#8765));
#8765 = ORIENTED_EDGE('',*,*,#8461,.T.);
#8766 = FACE_BOUND('',#8767,.T.);
#8767 = EDGE_LOOP('',(#8768));
#8768 = ORIENTED_EDGE('',*,*,#8515,.T.);
#8769 = FACE_BOUND('',#8770,.T.);
#8770 = EDGE_LOOP('',(#8771));
#8771 = ORIENTED_EDGE('',*,*,#8569,.T.);
#8772 = FACE_BOUND('',#8773,.T.);
#8773 = EDGE_LOOP('',(#8774));
#8774 = ORIENTED_EDGE('',*,*,#8623,.T.);
#8775 = FACE_BOUND('',#8776,.T.);
#8776 = EDGE_LOOP('',(#8777));
#8777 = ORIENTED_EDGE('',*,*,#8677,.T.);
#8778 = ( GEOMETRIC_REPRESENTATION_CONTEXT(3) 
GLOBAL_UNCERTAINTY_ASSIGNED_CONTEXT((#8782)) 
GLOBAL_UNIT_ASSIGNED_CONTEXT((#8779,#8780,#8781)) REPRESENTATION_CONTEXT
('Context #1','3D Context with UNIT and UNCERTAINTY') );
#8779 = ( LENGTH_UNIT() NAMED_UNIT(*) SI_UNIT(.MILLI.,.METRE.) );
#8780 = ( NAMED_UNIT(*) PLANE_ANGLE_UNIT() SI_UNIT($,.RADIAN.) );
#8781 = ( NAMED_UNIT(*) SI_UNIT($,.STERADIAN.) SOLID_ANGLE_UNIT() );
#8782 = UNCERTAINTY_MEASURE_WITH_UNIT(LENGTH_MEASURE(2.E-07),#8779,
  'distance_accuracy_value','confusion accuracy');
#8783 = PRODUCT_RELATED_PRODUCT_CATEGORY('part',$,(#7));
ENDSEC;
END-ISO-10303-21;
